﻿<?xml version="1.0" encoding="utf-8"?>

<Context >

	<Container ID="CivilianFlags"/>
	<Container ID="MilitaryFlags"/>
  <Container ID="TradeFlags"/>
  <Container ID="SupportFlags"/>
  <Container ID="NavalFlags"/>

	<Instance Name="UnitFlag">
		<!-- TODO clamp zoom level from 0.6 to 1 -->
    <ZoomAnchor ID="Anchor" ZoomOffsetNear="0,0,0" ZoomOffsetFar="0,0,0">
      <!-- FormationIndicators -->
      <Grid  ID="Formation3" Anchor="C,C" Size="200,68" Offset="0,0" Texture="UnitFormationTrio.dds" SliceCorner="1,1" SliceSize="98,66" SliceTextureSize="100,68" Hidden="1" />
      <Grid  ID="Formation2" Anchor="C,C" Size="100,36" Offset="0,0" Texture="UnitFormationDuo.dds" SliceCorner="20,17" SliceSize="60,1" SliceTextureSize="100,36" Hidden="1" />
      
      <AlphaAnim ID="FlagRoot" Anchor="C,C"	Size="64,64" Cycle="Once" Speed="1.5">

        <Container ID="HeroGlowAnchor" Anchor="C,C" Size="64,64"/>
        
        <!-- Religious Unit Indicator -->
        <Image ID="ReligionIconBacking" Anchor="C,T" Size="25,35" Offset="0,45" Texture="UnitFlagReligionTag" Hidden="1">
          <Image ID="ReligionIcon" Anchor="C,B" Size="22,22" Offset="0,5" IconSize="22" Icon="ICON_RELIGION_ISLAM"/>
        </Image>
        
         <!-- Health Bar and backing -->
         <Image ID="HealthBarBG" Size="64,64"	Hidden="1" TextureOffset="64,0"	Texture="UnitFlagBase_Combo.dds" >
           <Image ID="HealthBarBacking" Size="11,32" Anchor="C,C"  Offset="-25,0" Direction="Up" Speed="1" Texture="UnitFlag_MeterBG.dds" ConsumeMouse="1" />
           <TextureBar ID="HealthBar" Size="11,32" Anchor="C,C"  Offset="-25,0" Direction="Up" Speed="1" Texture="UnitFlag_MeterFill.dds" />
         </Image>

         <!-- Black Border & Actual flag -->
         <Image ID="FlagBase" Size="64,64" Texture="UnitFlagBase_Combo.dds" />
         <Image ID="BQUI_WarFlag" Size="64,64" Texture="UnitFlagBase_Combo.dds" TextureOffset="0,64" Color="255,0,0,255" Hidden="1" />

        <AlphaAnim ID="AnimOnMouseOut" ShowOnMouseOut="1" AlphaStart="1" AlphaEnd="0" Speed="2" Function="Root" Cycle="Once">
          <Image ID="FlagMouseOut" Size="64,64"	TextureOffset="0,64"	Texture="UnitFlagBase_Combo.dds"/>
        </AlphaAnim>
        <AlphaAnim ID="AnimOnMouseOver" ShowOnMouseOver="1" AlphaStart="0" AlphaEnd="1" Speed="2" Function="Root" Cycle="Once">
          <Image ID="FlagMouseOver" Size="64,64"	TextureOffset="0,64"	Texture="UnitFlagBase_Combo.dds"/>
        </AlphaAnim>
        
         <Button ID="NormalButton" Size="52,52" NoDefaultSound="1"/>
         
         <!-- Offsets may look weird but it's so the hit-area is aligned with the art, otherwise it will 
					    be possible to hover over a part of the flag, have it's animation play but have an adjacent
						  hex be the target. -->
         <Button ID="HealthBarButton" Size="42,42" NoDefaultSound="1" Offset="10,10"/>

         <!-- Unit Icon -->
         <AlphaAnim ID="UnitIconAnim" Anchor="C,C" Size="32,32" Pause="0" Cycle="Bounce" Speed="1" AlphaStart="0.95" AlphaEnd="0.25" Stopped="1">
           <Image ID="UnitIcon" Anchor="C,C" Size="32,32" />
         </AlphaAnim>
          
        <!-- Promotion Indicator -->
        <Image ID="Promotion_Flag" Anchor="R,C" Size="20,25" Offset="-8,0" Texture="UnitFlag_Promo.dds" Hidden="1">
          <Label ID="UnitNumPromotions" Anchor="C,C" Offset="-1,0" Style="FontFlair12" Color="0,0,0,155"/>
        </Image>
				<Image ID="TribeStatusFlag" Anchor="R,C" Size="20,25" Offset="-8,0" Texture="UnitFlag_Promo.dds" Hidden="1">
					<Image ID="TribeStatusIcon" Anchor="C,C" Offset="-1,0" Size="22,22" Texture="Bribe22"/>
				</Image>

        <!-- bolbas (Promotion tree added) -->
        <Image ID="BQUI_Promotion_Flag" Anchor="R,C" Size="14,25" Offset="-2,0" TextureOffset="0,0" Texture="UnitFlag_Promo.dds" Hidden="1">
            <Image Anchor="R,C" Size="6,20" Offset="-6,2" FlipX="1" TextureOffset="14,5" Texture="UnitFlag_Promo.dds" Color="222,222,222,240"/>
            <Label ID="BQUI_UnitNumPromotions" Anchor="C,C" Offset="3,0" Style="FontFlair12" Color="0,0,0,155"/>
            <Container ID="BQUI_PromotionTree" Size="18,18" Offset="1,5" Hidden="1">
                <Line Start="3,2" End="3,12" Width="2" Color="96,100,102,100"/>
                <Line Start="2,12" End="9,16" Width="2" Color="96,100,102,100"/>
                <Line Start="9,16" End="16,12" Width="2" Color="96,100,102,100"/>
                <Line Start="15,12" End="15,2" Width="2" Color="96,100,102,100"/>
                <Line ID="BQUI_TierPromotion_11" Start="2,2" End="4,2" Width="2" Color="0,0,0,255" Hidden="1"/>
                <Line ID="BQUI_TierPromotion_21" Start="2,7" End="4,7" Width="2" Color="0,0,0,255" Hidden="1"/>
                <Line ID="BQUI_TierPromotion_31" Start="2,12" End="4,12" Width="2" Color="0,0,0,255" Hidden="1"/>
                <Line ID="BQUI_TierPromotion_13" Start="14,2" End="16,2" Width="2" Color="0,0,0,255" Hidden="1"/>
                <Line ID="BQUI_TierPromotion_23" Start="14,7" End="16,7" Width="2" Color="0,0,0,255" Hidden="1"/>
                <Line ID="BQUI_TierPromotion_33" Start="14,12" End="16,12" Width="2" Color="0,0,0,255" Hidden="1"/>
                <Line ID="BQUI_TierPromotion_42" Start="8,15" End="10,15" Width="2" Color="0,0,0,255" Hidden="1"/>
            </Container>
            <Image ID="BQUI_LeviedUnits" Size="18,18" Anchor="L,C" Offset="1,-1" Icon="Turn" Hidden="1"/>    <!-- bolbas (Icons for levied units added) -->
        </Image>

        <!-- Corps and Army Indicators -->
        <Container ID="CorpsMarker" Size="10,10" Anchor="C,T" Hidden="1" Offset="1,4">
          <Label Anchor="C,C" Offset="-1,0" String="[ICON_Corps]"/>
        </Container>
        <Container ID="ArmyMarker" Size="10,10" Anchor="C,T" Hidden="1" Offset="1,2">
          <Label Anchor="C,C" Offset="-1,0" String="[ICON_Army]"/>
        </Container>
        
      </AlphaAnim>
      
      <Container ID="BQUI_PromotionsAndCharges" Anchor="C,C" Size="64,64">
        <Grid ID="BQUI_All_Icons" Texture="Banner_StatusFrame" Size="auto,20" Anchor="C,T" AnchorSide="I,O" Offset="0,-15" SliceTextureSize="24,20" SliceCorner="9,2" SliceSize="5,15" Hidden="1">
            <Stack Anchor="C,C" StackGrowth="Right" Offset="0,0" StackPadding="4">
                <Container Size="1,12"/>
                <Container ID="BQUI_Charges" Size="8,8" Anchor="L,C" Hidden="1" >
                    <Label ID="BQUI_UnitCharges" Anchor="C,C" Offset="0,0" Style="FontFlair12" FontStyle="stroke" Color0="208,212,217,255"	Color1="0,0,0,200"/>
                </Container>
                <Container ID="BQUI_PromotionAvailable" Size="12,12" Anchor="L,C" Hidden="1" >
                    <Image ID="BQUI_IconPromotion" Size="18,18" Anchor="C,C" Offset="0,0" Icon="ICON_CIVILOPEDIA_UNITPROMOTIONS" />
                </Container>
                <Container ID="BQUI_RealPromotion_1" Size="12,12" Anchor="L,C" Offset="0,0" Hidden="1" >
                    <Image ID="BQUI_IconRealPromotion_1" Anchor="C,C" />
                    <Image ID="BQUI_WaterParkIcon_1_P1" Icon = "ICON_AMENITIES" StretchMode="Tile" Size="16,11" Anchor="C,C" Offset="0,-4" Hidden="1" >
                        <Image ID="BQUI_WaterParkIcon_1_P2" Icon="ICON_MAP_PIN_SQUARE" StretchMode="Tile" Size="17,6" Offset="-3,6" Color="230,230,230,255"/>
                        <Line ID="BQUI_WaterParkIcon_1_P3" Start="5,12" End="5,15" Width="2" Color="230,230,230,255"/>
                        <Line ID="BQUI_WaterParkIcon_1_P4" Start="11,12" End="11,15" Width="2" Color="230,230,230,255"/>
                    </Image>
                </Container>
                <Container ID="BQUI_RealPromotion_2" Size="12,12" Anchor="L,C" Offset="0,0" Hidden="1" >
                    <Image ID="BQUI_IconRealPromotion_2" Anchor="C,C" />
                    <Image ID="BQUI_WaterParkIcon_2_P1" Icon = "ICON_AMENITIES" StretchMode="Tile" Size="16,11" Anchor="C,C" Offset="0,-4" Hidden="1" >
                        <Image ID="BQUI_WaterParkIcon_2_P2" Icon="ICON_MAP_PIN_SQUARE" StretchMode="Tile" Size="17,6" Offset="-3,6" Color="230,230,230,255"/>
                        <Line ID="BQUI_WaterParkIcon_2_P3" Start="5,12" End="5,15" Width="2" Color="230,230,230,255"/>
                        <Line ID="BQUI_WaterParkIcon_2_P4" Start="11,12" End="11,15" Width="2" Color="230,230,230,255"/>
                    </Image>
                </Container>
                <Container ID="BQUI_RealPromotion_3" Size="12,12" Anchor="L,C" Offset="0,0" Hidden="1" >
                    <Image ID="BQUI_IconRealPromotion_3" Anchor="C,C" />
                    <Image ID="BQUI_WaterParkIcon_3_P1" Icon = "ICON_AMENITIES" StretchMode="Tile" Size="16,11" Anchor="C,C" Offset="0,-4" Hidden="1" >
                        <Image ID="BQUI_WaterParkIcon_3_P2" Icon="ICON_MAP_PIN_SQUARE" StretchMode="Tile" Size="17,6" Offset="-3,6" Color="230,230,230,255"/>
                        <Line ID="BQUI_WaterParkIcon_3_P3" Start="5,12" End="5,15" Width="2" Color="230,230,230,255"/>
                        <Line ID="BQUI_WaterParkIcon_3_P4" Start="11,12" End="11,15" Width="2" Color="230,230,230,255"/>
                    </Image>
                </Container>
                <Container Size="1,12"/>
            </Stack>
            <Container Size="24,20"/>
        </Grid>

        <Container ID="BQUI_AbilitiesIcons" Anchor="C,T" Size="64,11" Offset="0,12">
            <Stack ID="BQUI_AllAbilities" Anchor="C,C" StackGrowth="Right" StackPadding="-5">
                <Image ID="BQUI_UNIT_ABILITIES_XP" Icon="ICON_MAP_PIN_CIRCLE" Size="11,11" Anchor="R,C" Offset="0,0" Color="0,0,0,255" Hidden="1">
                    <Image ID="BQUI_UNIT_ABILITIES_XP_TIER" Icon="ICON_MAP_PIN_CIRCLE" Size="7,7" Anchor="C,C" Offset="0,0" Color="255,100,255,255" Alpha="0.80"/>
                </Image>
                <Image ID="BQUI_UNIT_ABILITIES_STRENGTH" Icon="ICON_MAP_PIN_CIRCLE" Size="11,11" Anchor="R,C" Offset="0,0" Color="0,0,0,255" Hidden="1">
                    <Image ID="BQUI_UNIT_ABILITIES_STRENGTH_TIER" Icon="ICON_MAP_PIN_CIRCLE" Size="7,7" Anchor="C,C" Offset="0,0" Color="96,100,102"/>
                </Image>
                <Image ID="BQUI_UNIT_ABILITIES_GP" Icon="ICON_MAP_PIN_CIRCLE" Size="11,11" Anchor="R,C" Offset="0,0" Color="0,0,0,255" Hidden="1">
                    <Image Icon="ICON_MAP_PIN_CIRCLE" Size="7,7" Anchor="C,C" Offset="0,0" Color="255,255,255,255"/>
                </Image>
                <Image ID="BQUI_UNIT_ABILITIES_COMANDANTE" Icon="ICON_MAP_PIN_CIRCLE" Size="11,11" Anchor="R,C" Offset="0,0" Color="0,0,0,255" Hidden="1">
                    <Image Icon="ICON_MAP_PIN_CIRCLE" Size="7,7" Anchor="C,C" Offset="0,0" Color="255,255,255,255"/>
                </Image>
                <Image ID="BQUI_UNIT_ABILITIES_DOUBLE_GP" Icon="ICON_MAP_PIN_CIRCLE" Size="12,12" Anchor="R,C" Offset="0,0" Color="0,0,0,255" Hidden="1">
                    <Image Icon="ICON_MAP_PIN_CIRCLE" Size="8,8" Anchor="C,C" Offset="0,0" Color="255,255,255,255"/>
                </Image>
            </Stack>
            <Image ID="BQUI_MoveToIcon" Texture="Controls_ThereforeArrow" Size="9,9" TextureOffset="10,0" StretchMode="Fill" Anchor="C,C" Offset="0,0" Color="0,0,0,255" Hidden="1" >
                <Image Texture="Controls_ThereforeArrow" Size="7,7" TextureOffset="12,0" StretchMode="Fill" Anchor="C,C" Offset="0,0" Color="230,230,230,255" />
            </Image>
        </Container>
      </Container>

    </ZoomAnchor>
	</Instance>

	<Instance			Name="AttentionMarkerInstance">
		<AlphaAnim	ID="Root"	Size="48,48" AlphaStart="1" AlphaEnd="0.5" >
			<Label		ID="Text"	Anchor="C,T" Offset="0,-30" Style="FontFlair40" FontStyle="Glow" Color0="255,0,0,255" Color1="0,0,0,200" String="!" ToolTip="LOC_HUD_BARBARIAN_SPOTTED_YOUR_CITY"/>
		</AlphaAnim>
	</Instance>

  <Instance			Name="AirUnitInstance">
    <Container  ID="Root" Anchor="C,T" Offset="0,-16">
      <Grid ID="AirUnitCountContainer" Anchor="L,C" Size="auto,24" Offset="-25,0" Texture="Banner_UnitBacking" SliceCorner="13,1" SliceSize="4,22">
        <!-- Current and max air unit capacity -->
        <Stack Anchor="R,C" Offset="6,0" StackGrowth="Right">
          <Container Size="25,1"/>
          <Label ID="CurrentUnitCount" Style="FontNormal14" String="1"/>
          <Label Style="FontNormal14" String="/"/>
          <Label ID="MaxUnitCount" Style="FontNormal14" String="4"/>
        </Stack>
      </Grid>

      <PullDown ID="UnitListPopup" ConsumeMouse="0" Offset="0,0" Anchor="C,C" Size="200,20" AutoSizePopUp="0" AutoFlip="1" ScrollThreshold="96">
        <ButtonData>
          <Button	ID="AirUnitListButton" Anchor="C,C" Size="28,28" Offset="-14,0" NoStateChange="1">
            <!-- Aerodrome button textures -->
            <Image ID="AirUnitListButton_Base"     Anchor="C,C" Size="28,28" Texture="Banner_UnitButton_Combo"/>
            <!-- Aerodrome button icon -->
            <Image ID="AirUnitListButtonIcon" Anchor="C,C" Size="22,22" Texture="Banner_Planes"/>
            <!-- Hover over animations -->
            <AlphaAnim Anchor="C,C" Size="28,28" ShowOnMouseOver="1" AlphaStart="0" AlphaEnd="1" Speed="2" Function="Root" Cycle="Once">
              <Image Size="28,28" Texture="Banner_UnitButton_Secondary"/>
            </AlphaAnim>
            <AlphaAnim Anchor="C,C" Size="28,28" ShowOnMouseOut="1" AlphaStart="1" AlphaEnd="0" Speed="2" Function="Root" Cycle="Once">
              <Image Size="28,28" Texture="Banner_UnitButton_Secondary"/>
            </AlphaAnim>
          </Button>
        </ButtonData>

        <GridData  Size="auto,auto" AutoSizePadding="6,5" Anchor="C,B" Offset="0,6" AnchorSide="I,O" Texture="Controls_DropdownPanel" SliceCorner="9,9" SliceSize="4,4" SliceTextureSize="22,22"/>

        <ScrollPanelData Anchor="L,T" Vertical="1" Offset="0,0" AutoScrollBar="1">
          <ScrollBar Style="ScrollVerticalBacking" Anchor="L,T" AnchorSide="O,I" Color="28,60,90,255" Offset="1,0">
            <Thumb Style="ScrollThumbAlt" Color="28,60,90,255" />
          </ScrollBar>
        </ScrollPanelData>

        <StackData StackGrowth="Down" Offset="0,0" Size="240,400" Anchor="L,T"/>

        <InstanceData Name="UnitListEntry">
          <GridButton  ID="Button" Style="UnitPanelHeader" Size="200,24" Texture="Controls_ButtonControl.dds" SliceCorner="10,10" SliceSize="1,1" SliceTextureSize="24,24" StateOffsetIncrement="0,24" TruncateWidth="180">
            <Label ID="UnitName" Anchor="C,C" Offset="0,1" Style="UnitPanelHeader"/>
            <Image ID="UnitTypeIcon" Anchor="L,C" Size="22,22" Offset="2,0" />
          </GridButton>
        </InstanceData>
      </PullDown>
    </Container>

  </Instance>

  <Instance Name="HeroGlowInstance">
    <Container ID="Root" Anchor="C,C" Size="auto,auto">
      <AlphaAnim Anchor="C,C"	Size="auto,auto" Cycle="Bounce" AlphaStart="0.9" AlphaEnd="0.4" Speed="3" Power="4">
				<SpinAnim ID="HeroGlow" Anchor="C,C" Texture="UnitFlagGoldenGlow" Size="100,100" StretchMode="Fill" Speed="1.5"/>
      </AlphaAnim>
      <AlphaAnim Anchor="C,C"	Size="auto,auto" Cycle="Bounce" AlphaStart="0.2" AlphaEnd="0.7" Speed="5">
				<SpinAnim ID="HeroGlowReverse" Anchor="C,C" Texture="UnitFlagGoldenGlow" Size="100,100" StretchMode="Fill" Speed="-0.5"/>
      </AlphaAnim>
    </Container>
  </Instance>
	
</Context>
