<?xml version="1.0" encoding="utf-8"?>
<Context>
	<Button ID="ScreenshotButton" Anchor="C,C" Size="40,40"	Texture="LaunchBar_Hook_ButtonSmall" Style="ButtonNormalText" ToolTip="LOC_SUK_SCREENSHOT_MODE_TT">
		<Image ID="SwitcherImage" Texture="Minimap_Suk_Screenshot.dds" Size="24,24" Anchor="C,C"/>

		<Grid Anchor="L,T" ID="ScreenshotOptionsPanel" Size="320,auto" Texture="Tracker_OptionsBacking" SliceCorner="55,61" SliceSize="1,1" SliceTextureSize="121,119" ConsumeAllMouse="1" MinSize="121,119" AutoSizePadding="0,15" AnchorSide="I,O" Offset="-9,-5" Hidden="1">

			<Stack Size="parent,auto" Offset="-6,0">
				<Label Anchor="C,T" String="{LOC_SUK_SCREENSHOT_MODE_NAME:upper}" Offset="-5,12" Style="FontFlair16" Color0="106,93,69,255" Color1="0,0,0,150" Color2="146,133,109,255" FontStyle="Glow" SmallCaps="20" SmallCapsLeading="0" SmallCapsType="EveryWord" KerningAdjustment="0"/>
				<Container Size="parent,12"/>
				<GridButton ID="EnterScreenShotMode" Anchor="C,T" Size="280,30" Style="ButtonControl" String="LOC_SUK_SCREENSHOT_MODE_NAME" ToolTip="LOC_SUK_SCREENSHOT_MODE_DESC"/>
				<Container Size="parent,12"/>
				<Stack Size="auto,auto" Anchor="C,T" StackPadding="1" ID="ScreenshotModeStack">
					<CheckBox	ID="UseFixedTilt" Offset="0,4"	TextOffset="-5,0" String="LOC_SUK_SCREENSHOT_MODE_FIXED_TILT_NAME" Style="WhiteSemiBold14" ButtonTexture="Controls_Checkbox.dds" ButtonSize="17,17" CheckTexture="Controls_Checkbox.dds" CheckSize="17,17" CheckTextureOffset="0,17" Anchor="R,T" ToolTip="LOC_SUK_SCREENSHOT_MODE_FIXED_TILT_DESC"/>
					<Container Size="1,11"/>
					<CheckBox	ID="HideUnitFlags" Offset="0,4"	TextOffset="-5,0" String="LOC_SUK_SCREENSHOT_MODE_UNIT_FLAG_NAME" Style="WhiteSemiBold14" ButtonTexture="Controls_Checkbox.dds" ButtonSize="17,17" CheckTexture="Controls_Checkbox.dds" CheckSize="17,17" CheckTextureOffset="0,17" Anchor="R,T" ToolTip="LOC_SUK_SCREENSHOT_MODE_UNIT_FLAG_DESC"/>
					<CheckBox	ID="HideCityBanners" Offset="0,4"	TextOffset="-5,0" String="LOC_SUK_SCREENSHOT_MODE_CITY_BANNER_NAME" Style="WhiteSemiBold14" ButtonTexture="Controls_Checkbox.dds" ButtonSize="17,17" CheckTexture="Controls_Checkbox.dds" CheckSize="17,17" CheckTextureOffset="0,17" Anchor="R,T" ToolTip="LOC_SUK_SCREENSHOT_MODE_CITY_BANNER_DESC"/>
					<CheckBox	ID="HideBorders" Offset="0,4"	TextOffset="-5,0" String="LOC_SUK_SCREENSHOT_MODE_BORDERS_NAME" Style="WhiteSemiBold14" ButtonTexture="Controls_Checkbox.dds" ButtonSize="17,17" CheckTexture="Controls_Checkbox.dds" CheckSize="17,17" CheckTextureOffset="0,17" Anchor="R,T" ToolTip="LOC_SUK_SCREENSHOT_MODE_BORDERS_DESC"/>
					<CheckBox	ID="HideMapLabels" Offset="0,4"	TextOffset="-5,0" String="LOC_SUK_SCREENSHOT_MODE_MAP_LABELS_NAME" Style="WhiteSemiBold14" ButtonTexture="Controls_Checkbox.dds" ButtonSize="17,17" CheckTexture="Controls_Checkbox.dds" CheckSize="17,17" CheckTextureOffset="0,17" Anchor="R,T" ToolTip="LOC_SUK_SCREENSHOT_MODE_MAP_LABELS_DESC"/>
					<CheckBox	ID="HideMapYields" Offset="0,4"	TextOffset="-5,0" String="LOC_SUK_SCREENSHOT_MODE_YIELDS_NAME" Style="WhiteSemiBold14" ButtonTexture="Controls_Checkbox.dds" ButtonSize="17,17" CheckTexture="Controls_Checkbox.dds" CheckSize="17,17" CheckTextureOffset="0,17" Anchor="R,T" ToolTip="LOC_SUK_SCREENSHOT_MODE_YIELDS_DESC"/>
					<CheckBox	ID="HideResourceIcons" Offset="0,4"	TextOffset="-5,0" String="LOC_SUK_SCREENSHOT_MODE_RESOURCE_ICONS_NAME" Style="WhiteSemiBold14" ButtonTexture="Controls_Checkbox.dds" ButtonSize="17,17" CheckTexture="Controls_Checkbox.dds" CheckSize="17,17" CheckTextureOffset="0,17" Anchor="R,T" ToolTip="LOC_SUK_SCREENSHOT_MODE_RESOURCE_ICONS_DESC"/>
					<CheckBox	ID="HideMapPins" Offset="0,4"	TextOffset="-5,0" String="LOC_SUK_SCREENSHOT_MODE_MAP_PINS_NAME" Style="WhiteSemiBold14" ButtonTexture="Controls_Checkbox.dds" ButtonSize="17,17" CheckTexture="Controls_Checkbox.dds" CheckSize="17,17" CheckTextureOffset="0,17" Anchor="R,T" ToolTip="LOC_SUK_SCREENSHOT_MODE_MAP_PINS_DESC"/>
				</Stack>
				<Container Size="parent,12"/>
			</Stack>

			<Image Texture="Controls_ButtonExtendSmall" TextureOffset="0,60" Size="20,20" Anchor="L,B" Offset="20,10"/>
		</Grid>
	</Button>

	<Instance Name="CheckboxInstance">
		<Box Anchor="R,T" Size="auto,auto" Color="0,0,0,0" ID="Root">
			<CheckBox ID="Checkbox" Offset="0,4" ButtonTexture="Controls_Checkbox.dds" ButtonSize="17,17" CheckTexture="Controls_Checkbox.dds" CheckSize="17,17" CheckTextureOffset="0,17" Anchor="R,T" ConsumeMouse="1" TextOffset="-5,0" Style="WhiteSemiBold14"/>
		</Box>
	</Instance>
</Context>