<?xml version="1.0" encoding="utf-8" ?>

<Context>
	<ToolTipType Name="Suk_CityBannerProductionTT" >
		<Grid SliceCorner="10,10" SliceTextureSize="33,32" Texture="Controls_Tooltip" Size="280,auto" InnerPadding="25,25" InnerOffset="10,10" Color="255,255,255,255" Anchor="C,C">
			<Stack Offset="0,0" StackGrowth="Down" Anchor="C,T">

				<Container Size="Parent,auto" Anchor="C,T">
					<Container Size="72,72" Anchor="L,C" Offset="0,0">
						<FlipAnim   ID="GearAnim" Texture="CivicPanel_MeterFrameAnim" FrameCount="3" Columns="3" Anchor="L,T" Speed="10" Size="40,40" Stopped="0"/>
						<Image Texture="ProductionPanel_MeterFrame" Size="72,72">
							<Image ID="ProductionIcon" Size="80,80" Texture="Buildings80" Anchor="C,C"/>
						</Image>
					</Container>
					<Stack Anchor="R,C" Offset="10,0" Padding="5">
						<Label ID="CurrentProductionName" Anchor="R,C" Style="FontFlair14" Color="5,29,51,255" String="Religion" SmallCaps="20" SmallCapsType="EveryWord" Align="Right" WrapWidth="160"/>
						<Label	ID="CurrentProductionProgress" Anchor="R,C" String="Words" Style="TTText" WrapWidth="160" Align="Right"/>
						<Label	ID="CurrentProductionTurns" Anchor="R,C" String="Words" Style="TTText" WrapWidth="160" Align="Right"/>
					</Stack>
				</Container>

				<Label ID="CurrentProductionDescription" Anchor="C,T" String="LOC_BUILDING_MONUMENT_EXPANSION1_DESCRIPTION" Style="TTText" WrapWidth="240" Offset="0,15"/>
				<Box Size="240,1" Anchor="C,T" Color="5,29,51,255" Offset="0,10"/>
				<Label Anchor="C,T" Style="FontFlair14" Color="5,29,51,255" String="{LOC_HUD_CITY_PRODUCTION_QUEUE:upper}" SmallCaps="20" SmallCapsType="EveryWord" Offset="0,10"/>
				<Stack ID="QueueStack" StackGrowth="Right" StackPadding="1" Anchor="C,T" Offset="0,10"/>
			</Stack>
		</Grid>
	</ToolTipType>
	
	<Instance Name="ProductionQueueItem">
		<Grid ID="Top" Size="48,54" Texture="Controls_Tooltip" SliceCorner="10,10" SliceTextureSize="33,32" InnerOffset="-3,-3" Color="255,255,255,128">
			<Image ID="ProductionIcon" Anchor="C,C" Size="38,38" IconSize="38" Icon="ICON_UNIT_BUILDER_PORTRAIT" Hidden="1"/>
			<Label ID="CorpsMarker" Anchor="L,B" String="[ICON_Corps]"/>
			<Label ID="ArmyMarker"  Anchor="L,B" String="[ICON_Army]"/>
			<Label ID="Num"	 Anchor="C,C" Style="TTText" String="#"/>
		</Grid>
	</Instance>

</Context>