<?xml version="1.0" encoding="utf-8" ?>

<Context>
	
	<ToolTipType Name="Suk_Yield_TT" >
		<Grid ID="BG" SliceCorner="10,10" SliceTextureSize="33,32" Texture="Controls_Tooltip" AutoSize="1" InnerPadding="25,25" InnerOffset="10,10" Color="255,255,255,255" Anchor="C,C">
			<Stack Offset="0,0" StackGrowth="Down" Anchor="C,T">
				<Label ID="YieldLabel" Anchor="C,T" Anchor="L,T" Style="FontFlair16" Color="5,29,51,255" String="Religion" SmallCaps="20" SmallCapsType="EveryWord"  Offset="0,8"/>
				<Label	ID="FocusLabel" Anchor="C,T" Offset="0,4" String="Words" Style="TTText" WrapWidth="260"/>
				<Stack ID="EntriesStack" StackGrowth="Down" Anchor="C,T" Offset="0,20" Padding="4"/>
				<Box Size="280,8" Color="0,0,0,0" Anchor="C,T"/>
			</Stack>
		</Grid>
	</ToolTipType>

	<Instance Name="Suk_EntryInstance" >
		<Box Size="280,auto" ID="BG" Anchor="C,T" Color="0,0,0,0">
			<Box Size="260,1" Anchor="C,T" Color="5,29,51,64" ID="Divider_H" Offset="0,0"/>
			<Stack Offset="0,0" StackGrowth="Right" Anchor="C,T">
				<Box Size="70,0" Color="0,0,0,0" ID="Col1Box" Anchor="C,T">
					<Box Size="1,0" Anchor="R,T" Color="5,29,51,64" ID="Divider_V2" Offset="0,-2"/>
					<Label	ID="Col1" Offset="0,4" Anchor="L,C" String="Words" Style="TTText" WrapWidth="70"/>
				</Box>
				<Box Size="70,0" Color="0,0,0,0" ID="Col2Box" Anchor="C,T">
					<Box Size="1,0" Anchor="R,T" Color="5,29,51,255" ID="Divider_V" Offset="0,-2"/>
					<Label	ID="Col2" Offset="0,4" Anchor="L,C" String="Words" Style="TTText" WrapWidth="70"/>
				</Box>
				<Box Size="140,0" Color="0,0,0,0" ID="Col3Box" Anchor="C,T">
					<Label	ID="Col3" Offset="0,4" Anchor="L,T" String="Words" Style="TTText" WrapWidth="140"/>
				</Box>
			</Stack>
		</Box>
	</Instance>

</Context>