<Include File="CityReligionInstances">
    <!-- CQUI CityReligionInstances Replacement File -->
    <!-- Note: This file only loads in Linux if naming and casing is CityReligionInstances.xml -->
    <!-- See note in citybannermanager.xml regarding this hidden container below -->
    <Container ID="CQUI_EmptyContainer_CityReligionInstances_Exp1" Hidden="1"/>

	<Instance Name="ReligionInfo">
		<!-- Religion Info Dropdown -->
		<Container ID="ReligionInfoContainer" Anchor="C,B" AnchorSide="I,O" Offset="0,-2" Size="200,200">
			<GridButton ID="ReligionInfoButton" Anchor="C,T" Size="auto,auto" MinSize="160,31" AutoSizePadding="0,2" Texture="Banner_DataFrame" NoStateChange="1" SliceCorner="23,14" SliceSize="76,3" SliceTextureSize="122,31">
				<Stack Anchor="C,C" Offset="0,2" StackGrowth="Down" StackPadding="0">
					<Stack ID="ReligionInfoIconStack" Anchor="C,T" StackGrowth="Right" StackPadding="6"/>
					<Stack ID="ReligionConversionTurnsStack" Anchor="C,T" StackGrowth="Right" StackPadding="4">
						<Image ID="ConvertingReligionIconBacking" Anchor="C,C" Texture="Religion_FollowersSlot" Size="30,30">
							<Image ID="ConvertingReligionIcon" Anchor="C,C" Size="22,22" IconSize="22"/>
						</Image>
						<AlphaAnim ID="ConvertingSoonAlphaAnim" Size="auto,auto" Anchor="C,C" AlphaBegin="1.0" AlphaEnd="0.3" Speed="2" Cycle="Bounce" Stopped="1">
							<Label ID="ConvertingReligionLabel" Style="FontNormal16"/>
						</AlphaAnim>
						<Label Anchor="C,C" Offset="0,-2" Style="FontNormal16" String="[Icon_Turn]"/>
					</Stack>
				</Stack>
				<Image Anchor="C,T" Offset="0,-2" Size="160,8" Style="Divider3Grid"/>
			</GridButton>
			<GridButton ID="ReligionInfoDetailedButton" Anchor="C,T" Size="240,150" Texture="Banner_DataFrameExtended" SliceCorner="19,9" SliceSize="53,4" Hidden="1">
				<!-- Religion Follower List -->
				<ScrollPanel ID="ReligionFollowerListScrollPanel" Offset="12,14" Size="100,120" Vertical="1" AutoScrollBar="1">
					<ScrollBar Anchor="L,C" AnchorSide="O,I" Offset="-2,0" Style="ScrollVerticalBar"/>
					<Stack ID="ReligionFollowerListStack"/>
				</ScrollPanel>

				<!-- Divider -->
				<Box Anchor="C,C" Size="2,parent-12" Color="0,0,0,255"/>

				<!-- Religious Pressure by this City -->
				<Container Anchor="C,T" Offset="54,16" Size="auto,auto" ToolTip="LOC_CITY_BANNER_OUTGOING_RELIGION_PRESSURE">
					<Stack StackGrowth="Right" StackPadding="0">
						<Label Offset="0,3" FontSize="16" String="[Icon_PressureRight]"/>
						<Label ID="ExertedReligiousPressure" Anchor="L,C" Offset="0,-1" Style="FontNormal16" String="+22"/>
					</Stack>
				</Container>

				<!-- Religion Follower Chart -->
				<Container Anchor="C,T" Offset="54,30" Size="110,parent" >
					<Image Anchor="C,T" Offset="0,14" Size="74,74" Texture="Religion_PieFill" Color="0,0,0,200"/>
					<Container ID="ReligionPopChartContainer" Anchor="C,T" Offset="0,14" Size="74,74"/>
					<Image ID="ReligionPopChartIcon" Anchor="C,T" Offset="0,25" Size="50,50" IconSize="50" Icon="ICON_RELIGION_BUDDHISM" Alpha="0.5"/>
				</Container>
			</GridButton>

			<Image Anchor="C,T" Offset="0,-4" Size="23,15" Texture="Banner_DataFrameArrow"/>
		</Container>
	</Instance>
	
	<Instance				Name="ReligionChange">
		<AlphaAnim		ID="FadeAnim" AlphaStart="0" AlphaEnd="1" Speed="1" Cycle="Once" Offset="0,0" Anchor="C,C" Stopped="true" >
			<SlideAnim	ID="SlideAnim" Function="Root" Start="-5,5" End="-5,-5" Speed="2.5" Cycle="Once" Offset="0,0" Stopped="true" >
				<Image		ID="ReligionIcon" Size="22,22"  Anchor="C,C" Texture="Religions22" />
				<Image		ID="ChangeIcon" Size="23,29" Offset ="22,0" Anchor="C,C" Texture="PressureUp" />
				<Label		ID="TextLabel" Offset ="25,0" Anchor="L,C" Style="FontFlair22" Text="TextLabel" />
			</SlideAnim>
		</AlphaAnim>
	</Instance>
	
	<Instance Name="HolySiteIcon">
		<ZoomAnchor ID="Anchor" Size="22,22" ZoomOffsetNear="0,0,0" ZoomOffsetFar="0,0,-20">
			<Grid ID="HolySiteBacking" Style="DistrictBonusBack" Size="auto,default" AutoSizePadding="8,0">
				<Label ID="HolySiteLabel" Anchor="C,C" Style="FontNormal16" Text="TextLabel" Offset="-2,-1" FontStyle="Glow" Color="208,212,217,255" EffectColor="88,144,191,100"/>
			</Grid>
		</ZoomAnchor>
	</Instance>

	<Instance Name="ReligionFollowers">
		<Image ID="ReligionIcon" Size="22,22" Anchor="C,C" Texture="Religions22" >
			<Stack ID="FollowerStack" StackGrowth="Right">
				<Label ID="NumFollowers" Offset ="25,0" Anchor="L,C" Style="FontFlair22" Text="NumFollowers" />
				<Container ID="PressureContainer" Anchor="C,C" Offset="3,0"  Size="auto,auto"/>
			</Stack>
		</Image>
	</Instance>

	<!-- Infixo this is the singular religion icon displayed below the banner -->
	<Instance Name="ReligionIconInstance">
		<Container ID="ReligionIconContainer" Anchor="L,T" Size="auto,30">
			<Stack StackGrowth="Right">
                <Image ID="ReligionIconButtonBacking" Texture="Religion_FollowersSlot" Size="30,30">
                    <Image ID="ReligionIconButton" Anchor="C,C" Size="22,22" IconSize="22"/>
                </Image>
				<Label ID="ReligionIconFollowers" Offset="0,6" Style="FontNormal18" Text="$3$" />
			</Stack>
		</Container>
	</Instance>

	<Instance Name="ReligionFollowerListInstance">
		<Container ID="ReligionFollowerListContainer" Size="80,30">
			<Image ID="ReligionFollowerIconBacking" Anchor="L,C" Offset="0,0" Texture="Religion_FollowersSlot" Size="30,30">
				<Image ID="ReligionFollowerIcon" Anchor="C,C" Size="22,22" IconSize="22"/>
			</Image>
			<Label ID="ReligionFollowerCount" Anchor="L,C" Offset="30,0" Style="FontNormal16" String="22"/>
			<Container Anchor="L,C" Size="auto,auto" Offset="45,3" ToolTip="LOC_CITY_BANNER_INCOMING_RELIGION_PRESSURE">
				<Label Anchor="L,C" FontSize="16" String="[Icon_PressureLeft]"/>
				<Label ID="ReligionFollowerPressure" Anchor="L,C" Offset="20,-3" Style="FontNormal16" String="22"/>
			</Container>
		</Container>
	</Instance>

	<Instance Name="ReligionPopChartInstance">
		<Meter ID="PopChartMeter" Anchor="C,C" Size="74,74" Texture="Religion_PieFill" Speed="0"/>
	</Instance>

	<Instance Name="PressureLow">
		<Image ID="PressureIcon" Size="10,14" Anchor="C,C" Texture="PressureLow" />
	</Instance>
	<Instance Name="PressureMedium">
		<Image ID="PressureIcon" Size="10,19" Anchor="C,C" Texture="PressureMedium" />
	</Instance>
	<Instance Name="PressureHigh">
		<Image ID="PressureIcon" Size="16,19" Anchor="C,C" Texture="PressureHigh" />
	</Instance>
	
</Include>