﻿<?xml version="1.0" encoding="utf-8"?>
<!-- BetterReportScreen_Text -->
<!-- Author: Infixo -->
<!-- 2018-02-23: Created -->
<GameData>
  <LocalizedText>
    <!-- Tab names -->
    <Replace Tag="LOC_HUD_REPORTS_TAB_DEALS" Language="it_IT">
      <!-- LOC_HUD_REPORTS_ROW_DIPLOMATIC_DEALS -->
      <Text>Accordi in corso</Text>
    </Replace>
    <Replace Tag="LOC_HUD_REPORTS_TAB_UNITS" Language="it_IT">
      <!-- LOC_PEDIA_UNITS_TITLE -->
      <Text>Unità</Text>
    </Replace>
    <Replace Tag="LOC_HUD_REPORTS_TAB_POLICIES" Language="it_IT">
      <!-- LOC_PEDIA_CONCEPTS_PAGE_GOVT_2_CHAPTER_CONTENT_TITLE -->
      <Text>Politiche</Text>
    </Replace>
    <Replace Tag="LOC_HUD_REPORTS_TAB_MINORS" Language="it_IT">
      <!-- LOC_CITY_STATES_CITY_STATES -->
      <Text>Città Stato</Text>
    </Replace>
    <Replace Tag="LOC_HUD_REPORTS_TAB_CITIES" Language="it_IT"> <!-- Gathering Storm -->
		<Text>Città</Text>
	</Replace>
	<Replace Tag="LOC_HUD_REPORTS_TAB_CITIES2" Language="it_IT"> <!-- Gathering Storm -->
		<Text>[ICON_Power]Città</Text>
	</Replace>
    <!-- Column headers -->
    <Replace Tag="LOC_BRS_HEADER_BUILDINGNAME" Language="it_IT">
      <Text>Nome Edificio/Distretto</Text>
    </Replace>
    <Replace Tag="LOC_BRS_HEADER_BUILDINGCOUNT" Language="it_IT">
      <Text>Numero di Edifici/Distretti</Text>
    </Replace>
    <Replace Tag="LOC_BRS_HEADER_GROWTH" Language="it_IT">
      <Text>Crescita</Text>
    </Replace>
    <Replace Tag="LOC_BRS_HEADER_HAPPINESS" Language="it_IT">
      <Text>Felicità</Text>
    </Replace>
    <Replace Tag="LOC_BRS_HEADER_POLICY_NAME" Language="it_IT">
      <Text>Nome Politica</Text>
    </Replace>
    <!-- Resource checkboxes -->
    <Replace Tag="LOC_BRS_CHECKBOX_HIDE_DETAILS" Language="it_IT">
      <Text>Nascondi dettagli della città</Text>
    </Replace>
    <Replace Tag="LOC_BRS_CHECKBOX_HIDE_FREE_BUILDINGS" Language="it_IT">
      <Text>Nascondi edifici gratuiti</Text>
    </Replace>
    <Replace Tag="LOC_BRS_CHECKBOX_HIDE_FREE_UNITS" Language="it_IT">
      <Text>Nascondi unità gratuite</Text>
    </Replace>
    <!-- UNITS -->
    <!-- Unit groups -->
    <Replace Tag="LOC_BRS_UNITS_GROUP_AIR" Language="it_IT">
      <Text>Militari - Aeree</Text>
    </Replace>
    <Replace Tag="LOC_BRS_UNITS_GROUP_NAVAL" Language="it_IT">
      <Text>Militari - Navali</Text>
    </Replace>
    <Replace Tag="LOC_BRS_UNITS_GROUP_LAND_COMBAT" Language="it_IT">
      <Text>Militari - Terrestri</Text>
    </Replace>
    <Replace Tag="LOC_BRS_UNITS_GROUP_CIVILIAN" Language="it_IT">
      <Text>Civili</Text>
    </Replace>
    <Replace Tag="LOC_BRS_UNITS_GROUP_SUPPORT" Language="it_IT">
      <Text>Supporto</Text>
    </Replace>
    <Replace Tag="LOC_BRS_UNITS_GROUP_SPY" Language="it_IT">
      <Text>Spie</Text>
    </Replace>
    <Replace Tag="LOC_BRS_UNITS_GROUP_TRADER" Language="it_IT">
      <Text>Commercianti</Text>
    </Replace>
    <Replace Tag="LOC_BRS_UNITS_GROUP_GREAT_PERSON" Language="it_IT">
      <Text>Grandi Personaggi</Text>
    </Replace>
    <Replace Tag="LOC_BRS_UNITS_GROUP_RELIGIOUS" Language="it_IT">
      <Text>Religiose</Text>
    </Replace>
    <!-- Headers -->
    <Replace Tag="LOC_BRS_HEADER_TYPE" Language="it_IT">
      <Text>Tipo</Text>
    </Replace>
    <Replace Tag="LOC_BRS_HEADER_LEVEL" Language="it_IT">
      <Text>Livello</Text>
    </Replace>
    <Replace Tag="LOC_BRS_HEADER_HEALTH" Language="it_IT">
      <Text>Salute</Text>
    </Replace>
    <Replace Tag="LOC_BRS_HEADER_CLASS" Language="it_IT">
      <Text>Classe</Text>
    </Replace>
    <Replace Tag="LOC_BRS_HEADER_NUM_CHARGES" Language="it_IT">
      <Text>Cariche</Text>
    </Replace>
    <Replace Tag="LOC_BRS_HEADER_YIELDS" Language="it_IT">
      <Text>Rese</Text>
    </Replace>
    <Replace Tag="LOC_BRS_HEADER_ROUTE" Language="it_IT">
      <Text>Rotta Commerciale</Text>
    </Replace>
    <Replace Tag="LOC_BRS_HEADER_MISSION" Language="it_IT">
      <Text>Missione</Text>
    </Replace>
    <!-- Tooltips -->
    <Replace Tag="LOC_BRS_TOOLTIP_GOTOCITY" Language="it_IT">
      <Text>Vai a questa città</Text>
    </Replace>
    <Replace Tag="LOC_BRS_TOOLTIP_LOOKATUNIT" Language="it_IT">
      <Text>Visualizza questa Unità sulla mappa</Text>
    </Replace>
    <Replace Tag="LOC_BRS_TOOLTIP_GARRISON" Language="it_IT">
      <Text>Guarnigione</Text>
    </Replace>
    <!-- POLICIES -->
    <Replace Tag="LOC_BRS_POLICY_GROUP_SLOT_MILITARY" Language="it_IT">
      <Text>Politiche Militari</Text>
    </Replace>
    <Replace Tag="LOC_BRS_POLICY_GROUP_SLOT_ECONOMIC" Language="it_IT">
      <Text>Politiche Economiche</Text>
    </Replace>
    <Replace Tag="LOC_BRS_POLICY_GROUP_SLOT_DIPLOMATIC" Language="it_IT">
      <Text>Politiche Diplomatiche</Text>
    </Replace>
    <Replace Tag="LOC_BRS_POLICY_GROUP_SLOT_GREAT_PERSON" Language="it_IT">
      <Text>Politiche Grandi Personaggi</Text>
    </Replace>
    <Replace Tag="LOC_BRS_POLICY_GROUP_SLOT_LEGACY" Language="it_IT">
      <Text>Eredità</Text>
    </Replace>
    <Replace Tag="LOC_BRS_POLICY_GROUP_SLOT_DARKAGE" Language="it_IT">
      <Text>Politiche Oscure</Text>
    </Replace>
    <!-- Checkboxes -->
    <Replace Tag="LOC_BRS_CHECKBOX_HIDE_INACTIVE_POLICIES" Language="it_IT">
      <Text>Nascondi Politiche Non Attive</Text>
    </Replace>
    <Replace Tag="LOC_BRS_CHECKBOX_HIDE_NO_IMPACT_POLICIES" Language="it_IT">
      <Text>Nascondi Politiche senza Effetti</Text>
    </Replace>
    <Replace Tag="LOC_BRS_CHECKBOX_HIDE_NOT_MET_MINORS" Language="it_IT">
      <Text>Nascondi Città Stato Non Incontrate</Text>
    </Replace>
    <Replace Tag="LOC_BRS_CHECKBOX_HIDE_NO_IMPACT_MINORS" Language="it_IT">
      <Text>Nascondi Città Stato senza Effetti</Text>
    </Replace>
    <!-- Deals -->
    <Replace Tag="LOC_BRS_CURRENT_DEALS_OUTGOING" Language="it_IT">
      <Text>In Uscita</Text>
    </Replace>
    <Replace Tag="LOC_BRS_CURRENT_DEALS_INCOMING" Language="it_IT">
      <Text>In Entrata</Text>
    </Replace>
    <!-- Other -->
    <Replace Tag="LOC_BRS_SPECIALISTS" Language="it_IT">
      <!-- LOC_PEDIA_CONCEPTS_PAGE_CITIES_9_CHAPTER_CONTENT_TITLE -->
      <Text>Specialisti</Text>
    </Replace>
    <Replace Tag="LOC_BRS_FROM_MODIFIERS" Language="it_IT">
      <Text>dai Modificatori</Text>
    </Replace>
    <Replace Tag="LOC_BRS_FROM_MODIFIERS_PERCENT" Language="it_IT">
      <Text>dai Modificatori [COLOR_White]%[ENDCOLOR]</Text>
    </Replace>
    <Replace Tag="LOC_BRS_PROD_BUILDINGS" Language="it_IT">
      <!-- LOC_CITY_YIELD_FROM_BUILDING_PRODUCTION_BONUS -->
      <Text>per gli Edifici</Text>
    </Replace>
    <Replace Tag="LOC_BRS_PROD_DISTRICTS" Language="it_IT">
      <!-- LOC_CITY_YIELD_FROM_DISTRICT_PRODUCTION_BONUS -->
      <Text>per i Distretti</Text>
    </Replace>
    <Replace Tag="LOC_BRS_PROD_UNITS" Language="it_IT">
      <!-- LOC_CITY_YIELD_FROM_UNIT_PRODUCTION_BONUS -->
      <Text>per le Unità</Text>
    </Replace>
    <Replace Tag="LOC_BRS_HAVING_DISTRICTS" Language="it_IT">
      <!-- LOC_CITY_YIELD_FROM_NUM_DISTRICTS_TOOLTIP -->
      <!-- {Value: number + #.#;-#.# } from having {1_Num : plural 1?{1} district; other?{1} districts;}. -->
      <Text>Dall'avere {1_Num : plural 1?{1} distretto; other?{1} distretti;}</Text>
    </Replace>
    <!-- Gathering Storm -->
    <Replace Tag="LOC_BRS_CO2" Language="it_IT">
		<Text>CO2</Text>
    </Replace>
    <Replace Tag="LOC_BRS_BARRIER" Language="it_IT">
		<Text>Barriera</Text>
    </Replace>
    <Replace Tag="LOC_BRS_BARRIER_MAINTENANCE" Language="it_IT">
		<Text>Costo mantenimento Barriera anti inondazione</Text>
    </Replace>
  </LocalizedText>
</GameData>