﻿<?xml version="1.0" encoding="utf-8"?>
<!-- BetterReportScreen_Text -->
<!-- Author: Infixo -->
<!-- 2018-03-03: Translated by copysoul -->
<GameData>

<LocalizedText>
	<!-- Tab names -->
	<Replace Tag="LOC_HUD_REPORTS_TAB_DEALS" Language="zh_Hans_CN">
		<Text>外交协议</Text>
	</Replace>
	<Replace Tag="LOC_HUD_REPORTS_TAB_UNITS" Language="zh_Hans_CN">
		<Text>单位</Text>
	</Replace>
	<Replace Tag="LOC_HUD_REPORTS_TAB_POLICIES" Language="zh_Hans_CN">
		<Text>政策</Text>
	</Replace>
	<Replace Tag="LOC_HUD_REPORTS_TAB_MINORS" Language="zh_Hans_CN"> <!-- LOC_CITY_STATES_CITY_STATES -->
		<Text>城邦</Text>
	</Replace>
	<!-- Column headers -->
	<Replace Tag="LOC_BRS_HEADER_BUILDINGNAME" Language="zh_Hans_CN">
		<Text>建筑与城区名称</Text>
	</Replace>
	<Replace Tag="LOC_BRS_HEADER_BUILDINGCOUNT" Language="zh_Hans_CN">
		<Text>建筑与城区数目</Text>
	</Replace>
	<Replace Tag="LOC_BRS_HEADER_GROWTH" Language="zh_Hans_CN">
		<Text>成长</Text>
	</Replace>
	<Replace Tag="LOC_BRS_HEADER_HAPPINESS" Language="zh_Hans_CN">
		<Text>幸福感</Text>
	</Replace>
	<Replace Tag="LOC_BRS_HEADER_POLICY_NAME" Language="zh_Hans_CN">
		<Text>政策名称</Text>
	</Replace>
	<!-- Resource checkboxes -->
	<Replace Tag="LOC_BRS_CHECKBOX_HIDE_DETAILS" Language="zh_Hans_CN">
		<Text>隐藏城市细节</Text>
	</Replace>
	<Replace Tag="LOC_BRS_CHECKBOX_HIDE_FREE_BUILDINGS" Language="zh_Hans_CN">
		<Text>隐藏免费建筑</Text>
	</Replace>
	<Replace Tag="LOC_BRS_CHECKBOX_HIDE_FREE_UNITS" Language="zh_Hans_CN">
		<Text>隐藏免费单位</Text>
	</Replace>
	<!-- UNITS -->
	<!-- Unit groups -->
	<Replace Tag="LOC_BRS_UNITS_GROUP_AIR" Language="zh_Hans_CN">
		<Text>空军单位</Text>
	</Replace>
	<Replace Tag="LOC_BRS_UNITS_GROUP_NAVAL" Language="zh_Hans_CN">
		<Text>海军单位</Text>
	</Replace>
	<Replace Tag="LOC_BRS_UNITS_GROUP_LAND_COMBAT" Language="zh_Hans_CN">
		<Text>陆军单位</Text>
	</Replace>
	<Replace Tag="LOC_BRS_UNITS_GROUP_CIVILIAN" Language="zh_Hans_CN">
		<Text>平民单位</Text>
	</Replace>
	<Replace Tag="LOC_BRS_UNITS_GROUP_SUPPORT" Language="zh_Hans_CN">
		<Text>辅助单位</Text>
	</Replace>
	<Replace Tag="LOC_BRS_UNITS_GROUP_SPY" Language="zh_Hans_CN">
		<Text>间谍单位</Text>
	</Replace>
	<Replace Tag="LOC_BRS_UNITS_GROUP_TRADER" Language="zh_Hans_CN">
		<Text>贸易单位</Text>
	</Replace>
	<Replace Tag="LOC_BRS_UNITS_GROUP_GREAT_PERSON" Language="zh_Hans_CN">
		<Text>伟人</Text>
	</Replace>
	<Replace Tag="LOC_BRS_UNITS_GROUP_RELIGIOUS" Language="zh_Hans_CN">
		<Text>宗教单位</Text>
	</Replace>
	<!-- Headers -->
	<Replace Tag="LOC_BRS_HEADER_TYPE" Language="zh_Hans_CN">
		<Text>类型</Text>
	</Replace>
	<Replace Tag="LOC_BRS_HEADER_LEVEL" Language="zh_Hans_CN">
		<Text>等级</Text>
	</Replace>
	<Replace Tag="LOC_BRS_HEADER_HEALTH" Language="zh_Hans_CN">
		<Text>生命值</Text>
	</Replace>
	<Replace Tag="LOC_BRS_HEADER_CLASS" Language="zh_Hans_CN">
		<Text>类别</Text>
	</Replace>
	<Replace Tag="LOC_BRS_HEADER_NUM_CHARGES" Language="zh_Hans_CN">
		<Text>可用次数</Text>
	</Replace>
	<Replace Tag="LOC_BRS_HEADER_YIELDS" Language="zh_Hans_CN">
		<Text>产出</Text>
	</Replace>
	<Replace Tag="LOC_BRS_HEADER_ROUTE" Language="zh_Hans_CN">
		<Text>商路</Text>
	</Replace>
	<Replace Tag="LOC_BRS_HEADER_MISSION" Language="zh_Hans_CN">
		<Text>任务</Text>
	</Replace>
	<!-- Tooltips -->
	<Replace Tag="LOC_BRS_TOOLTIP_GOTOCITY" Language="zh_Hans_CN">
		<Text>前往该城市</Text>
	</Replace>
	<Replace Tag="LOC_BRS_TOOLTIP_LOOKATUNIT" Language="zh_Hans_CN">
		<Text>在地图上查看该单位</Text>
	</Replace>
	<Replace Tag="LOC_BRS_TOOLTIP_GARRISON" Language="zh_Hans_CN">
		<Text>军队驻防</Text>
	</Replace>
	<!-- POLICIES -->
	<Replace Tag="LOC_BRS_POLICY_GROUP_SLOT_MILITARY" Language="zh_Hans_CN">
		<Text>军事政策</Text>
	</Replace>
	<Replace Tag="LOC_BRS_POLICY_GROUP_SLOT_ECONOMIC" Language="zh_Hans_CN">
		<Text>经济政策</Text>
	</Replace>
	<Replace Tag="LOC_BRS_POLICY_GROUP_SLOT_DIPLOMATIC" Language="zh_Hans_CN">
		<Text>外交政策</Text>
	</Replace>
	<Replace Tag="LOC_BRS_POLICY_GROUP_SLOT_GREAT_PERSON" Language="zh_Hans_CN">
		<Text>伟人政策</Text>
	</Replace>
	<Replace Tag="LOC_BRS_POLICY_GROUP_SLOT_LEGACY" Language="zh_Hans_CN">
		<Text>政体遗产政策</Text>
	</Replace>
	<Replace Tag="LOC_BRS_POLICY_GROUP_SLOT_DARKAGE" Language="zh_Hans_CN">
		<Text>黑暗时代政策</Text>
	</Replace>
	<!-- Checkboxes -->
	<Replace Tag="LOC_BRS_CHECKBOX_HIDE_INACTIVE_POLICIES" Language="zh_Hans_CN">
		<Text>隐藏未开启政策</Text>
	</Replace>
	<Replace Tag="LOC_BRS_CHECKBOX_HIDE_NO_IMPACT_POLICIES" Language="zh_Hans_CN">
		<Text>隐藏无影响政策</Text>
	</Replace>
	<Replace Tag="LOC_BRS_CHECKBOX_HIDE_NOT_MET_MINORS" Language="zh_Hans_CN">
		<Text>隐藏未遇到的城邦</Text>
	</Replace>
	<Replace Tag="LOC_BRS_CHECKBOX_HIDE_NO_IMPACT_MINORS" Language="zh_Hans_CN">
		<Text>隐藏无影响城邦</Text>
	</Replace>
	<!-- Deals -->
    <Replace Tag="LOC_BRS_CURRENT_DEALS_OUTGOING" Language="zh_Hans_CN">
		<Text>输出</Text>
    </Replace>
    <Replace Tag="LOC_BRS_CURRENT_DEALS_INCOMING" Language="zh_Hans_CN">
		<Text>输入</Text>
    </Replace>
	<!-- Other -->
    <Replace Tag="LOC_BRS_SPECIALISTS" Language="zh_Hans_CN"> <!-- LOC_PEDIA_CONCEPTS_PAGE_CITIES_9_CHAPTER_CONTENT_TITLE -->
		<Text>专家</Text>
    </Replace>
    <Replace Tag="LOC_BRS_FROM_MODIFIERS" Language="zh_Hans_CN">
		<Text>来自修正值</Text>
    </Replace>
    <Replace Tag="LOC_BRS_FROM_MODIFIERS_PERCENT" Language="zh_Hans_CN">
		<Text>来自修正值 [COLOR_White]%[ENDCOLOR]</Text>
    </Replace>
    <Replace Tag="LOC_BRS_PROD_BUILDINGS" Language="zh_Hans_CN"> <!-- LOC_CITY_YIELD_FROM_BUILDING_PRODUCTION_BONUS -->
		<Text>有助于建筑</Text>
    </Replace>
    <Replace Tag="LOC_BRS_PROD_DISTRICTS" Language="zh_Hans_CN"> <!-- LOC_CITY_YIELD_FROM_DISTRICT_PRODUCTION_BONUS -->
		<Text>有助于区域</Text>
    </Replace>
    <Replace Tag="LOC_BRS_PROD_UNITS" Language="zh_Hans_CN"> <!-- LOC_CITY_YIELD_FROM_UNIT_PRODUCTION_BONUS -->
		<Text>有助于单位</Text>
    </Replace>
    <Replace Tag="LOC_BRS_HAVING_DISTRICTS" Language="zh_Hans_CN"> <!-- LOC_CITY_YIELD_FROM_NUM_DISTRICTS_TOOLTIP -->
		<!-- {Value: number + #.#;-#.# } from having {1_Num : plural 1?{1} district; other?{1} districts;}. -->
		<Text>来自拥有的{1_Num : plural 1?{1} 区域; other?{1} 区域;}</Text>
    </Replace>

</LocalizedText>

</GameData>