<?xml version="1.0" encoding="utf-8"?>

<Context Name="LoadScreen">

	<Box			ID="Background"				Color="0,0,0,255"				Anchor="C,C" Size="parent,parent" ConsumeMouse="1">

		<TextButton				ID="FallbackMessage"	Anchor="C,C" Align="center" Style="FontFlair20"	SmallCapsType="EveryWord" SmallCaps="24" 	String="{LOC_LOADING_PLEASE_WAIT:upper}" Color="200,200,200,255"/>

		<Image	ID="BackgroundImage"	Anchor="C,C"	StretchMode="Auto">
			<Group Size="parent,parent" Clip="1">

				<!-- Start left alignment from center of the screen -->
				<Container Anchor="C,T" Size="1,parent">
					<Container	ID="PortraitContainer" Anchor="L,T" Offset="80,0" Size="100,parent" Color="0,0,255,200">
						<Image	 ID="Portrait"						Anchor="C,T" StretchMode="Auto" />
					</Container>
				</Container>

				<Image						ID="Banner"						Anchor="C,C" Offset="-220,6"	Size="600,parent-80"				Texture="Controls_BannerWideTint" Alpha="0.8" >
					<Grid				    ID="BannerShadow"			Anchor="C,C"  	SliceCorner="6,6" Size="610,parent" SliceSize="16,16"	  SliceTextureSize="28,28"	      Texture="Controls_DropShadow5"  />
					<Image																															Size="parent,parent" 	Texture="Loading_Map" Alpha="0.8"/>
					<Image					ID="BannerBarLeft"		Anchor="L,C" Offset="5,0"			Size="5,parent-80"					Texture="Controls_BannerWideTint" TextureOffset="5,0" Color="255,255,255,50" />
					<Image					ID="BannerBarRight"		Anchor="R,C" Offset="5,0"			Size="5,parent-80"					Texture="Controls_BannerWideTint" TextureOffset="5,0" Color="255,255,255,50" />
					<Image																Anchor="C,C"									Size="parent,parent"	Texture="Controls_Gradient" Color="0,0,0,100"/>
					<Image																Anchor="C,C"									Size="parent,parent"	Texture="Controls_Gradient" Color="0,0,0,255"/>
					<Container														Anchor="C,C"	Offset="45,0"	Size="parent,parent-100">
						<Image				ID="LogoContainer"		Anchor="C,C"	Offset="-45,0"					Size="256,256"				Texture="CircleBacking256" Alpha="0.4" >
							<Image			ID="Logo"				Anchor="C,C"									Size="200,200"				Texture="CivSymbols200"		 Alpha="0.5" />
						</Image>
						<Stack				ID="MainStack"				Anchor="C,T" StackGrowth="Down" StackPadding="10">
							<!--<Line															Start="0,0"	 End="470,0"			Width="2"							Color="200,200,200,100" />-->
							<Label			ID="CivName"				Anchor="C,T"	Offset="-45,0"						Style="FontFlair20"		String="$Civ" /> <!--SmallCapsType="EveryWord" SmallCaps="24" -->
							<!--<Label														Anchor="C,T"									Style="FontFlair14"		String="{LOC_LOADING_JOIN_THE_WORLD_STAGE:upper}" SmallCapsType="EveryWord" SmallCaps="20" />-->
							<Line															Start="0,0"	 End="510,0"			Width="2"							Color="200,200,200,100" />
							<Label			ID="EraInfo"				Anchor="L,T" Offset="10,0"		WrapWidth="500"				Style="DawnText" String="$EraInfo$"  />
							<Label			ID="LeaderName"				Anchor="C,T" Offset="-45,10"		Style="FontFlair20"		String="$LeaderName" /> <!--SmallCapsType="EveryWord" SmallCaps="24" -->
							<Line															Start="0,0"	 End="510,0"			Width="2"							Color="200,200,200,100" />
							<Label			ID="LeaderInfo"				Anchor="L,T" Offset="10,0"		WrapWidth="500"				Style="DawnText" String="$LeaderInfo$"  />
							<Label										Anchor="C,T" Offset="-45,10"		Style="FontFlair16"		String="{LOC_LOADING_FEATURES_ABILITIES:upper}" /> <!--SmallCapsType="EveryWord" SmallCaps="20" -->
							<Line															Start="0,0"	 End="510,0"			Width="2"							Color="200,200,200,100" />
							<!-- 2019-03-03: scrolled listed of features -->
							<ScrollPanel ID="FeaturesScrollPanel" Anchor="L,T" Offset="10,0" Size="parent,parent-360" Vertical="1" > <!--AutoScrollBar="1" >-->
								<Stack			ID="FeaturesStack"		Anchor="L,T" Offset="0,5"		StackGrowth="Down" Padding="15"/>
								<ScrollBar 								Anchor="R,T" AnchorSide="O,I"  Offset="-62,0"  Style="ScrollVerticalBarHighContrast" Size="8,parent-4"/> <!-- Style="ScrollVerticalBarHighContrast" ScrollVerticalBarAlt/> -->
							</ScrollPanel>
						</Stack>
					</Container>

					<Container			ID="LoadingContainer"	Anchor="C,B" Offset="0,50"			Size="parent,parent">
						<Label																Anchor="C,B" Offset="0,8"			Align="center" Style="FontFlair18"	SmallCapsType="EveryWord" SmallCaps="22" 	String="{LOC_LOADING_PLEASE_WAIT:upper}" Color="200,200,200,255"/>
					</Container>

					<AlphaAnim			ID="FadeAnim"						Anchor="C,C"								Size="parent,parent"	AlphaBegin="0" AlphaEnd="1" Cycle="Once" Speed=".5" Stopped="0" Pause="1" Function="Root">
						<Container														Anchor="C,B" Offset="0,50"	Size="300,130">
							<Image															Anchor="C,B" Offset="0,22"	Size="130,23"					Texture="Diplomacy_PortraitBacking" />
							<Image															Anchor="C,B" Offset="0,0"		Size="305,58"					Texture="Controls_BannerBlueSmall">
								<TextButton	ID="StartLabelButton"	Anchor="C,C" Offset="0,8"		Align="Center"				String="{LOC_START:upper}" Style="FontFlair20" Color="20,20,20,255" />
							</Image>
							<Image															Anchor="C,C" Offset="0,-17"	Size="91,92"					Texture="Shell_BeginButtonBacking">
								<Button		ID="ActivateButton"			Anchor="C,C" Offset="0,0"		Size="80,80"					Texture="Shell_BeginButton" StateOffsetIncrement="0,80"/>
							</Image>
						</Container>
					</AlphaAnim>
				</Image>

				<Image  Anchor="C,T" Size="parent,10" Texture="Loading_LetterboxEdge" StretchMode="TileX" />
				<Image  Anchor="C,B" Size="parent,10" Texture="Loading_LetterboxEdge" StretchMode="TileX" FlipY="1" />

			</Group>
		</Image>
	</Box>

	<Instance		Name="TextInfoInstance">
		<Stack		ID="Top"					StackGrowth="Bottom" StackPadding="4">
			<Label	ID="Header"				Style="FontFlair16"		WrapWidth="450" String="$Header$"/>
			<Label	ID="Description"	Style="DawnText"	WrapWidth="450" String="$Description$"/>
		</Stack>
	</Instance>

	<Instance			Name="IconInfoInstance">
		<Container	ID="Top"				 Size="230,auto">
			<Image		ID="Icon"					Size="38,38" Offset="-6,-5" />
			<Stack		ID="TextStack"		Offset="36,0"		StackGrowth="Bottom" StackPadding="4">
				<Label	ID="Header"				WrapWidth="460" Style="FontFlair16"		String="$Header$"/>
				<Label	ID="Description"	WrapWidth="460"	Style="DawnText"	String="$Description$" />
			</Stack>
		</Container>
	</Instance>

</Context>
