<?xml version="1.0" encoding="utf-8"?>
<GameData>
  <LocalizedText>
    <!-- ITALIAN -->

    <Row Tag="LOC_CQUI_BINDINGS" Language="it_IT">
      <Text>Combinazione tasti</Text>
    </Row>
    <Row Tag="LOC_CQUI_BINDINGS_DROPDOWN" Language="it_IT">
      <Text>Modalità</Text>
    </Row>
    <Row Tag="LOC_CQUI_BINDINGS_DROPDOWN_TOOLTIP" Language="it_IT">
      <Text>Standard: senza modifiche[NEWLINE]Classica: combinazione Civ V[NEWLINE]Avanzata: combinazione Civ V con le seguenti modifiche:[NEWLINE]  controllo camera WASD[NEWLINE]  Q/E scorrimento unità/città[NEWLINE]  Shift attiva/disattiva la selezione di città/unità[NEWLINE]  il comando Cava/Attacco Aereo diventa ALT+Q/ALT+S[NEWLINE]  NOTA:SCOLLEGA I TASTI W/E NELLE IMPOSTAZIONI ALTRIMENTI NON FUNZIONA!</Text>
    </Row>
    <Row Tag="LOC_CQUI_BINDINGS_CLASSIC" Language="it_IT">
      <Text>Classica</Text>
    </Row>
    <Row Tag="LOC_CQUI_BINDINGS_ENHANCED" Language="it_IT">
      <Text>Avanzata</Text>
    </Row>
    <Row Tag="LOC_CQUI_BINDINGS_STANDARD" Language="it_IT">
      <Text>Standard</Text>
    </Row>
    <Row Tag="LOC_CQUI_CITYVIEW" Language="it_IT">
      <Text>Vista Cittadina</Text>
    </Row>
    <!-- Relocate City Strike and Encampment Strike button translations done via Google Translate -->
    <Row Tag="LOC_CQUI_CITYVIEW_RELOCATECITYSTRIKEBUTTON" Language="it_IT">
      <Text>Riposiziona il pulsante City Strike</Text>
    </Row>
    <Row Tag="LOC_CQUI_CITYVIEW_RELOCATECITYSTRIKEBUTTON_TOOLTIP" Language="it_IT">
      <Text>Abilita questo per riposizionare il pulsante City Strike sopra le barre di salute e difesa</Text>
    </Row>
    <Row Tag="LOC_CQUI_CITYVIEW_RELOCATEENCAMPMENTSTRIKEBUTTON" Language="it_IT">
      <Text>Riposizionare il pulsante Colpo Encampment</Text>
    </Row>
    <Row Tag="LOC_CQUI_CITYVIEW_RELOCATEENCAMPMENTSTRIKEBUTTON_TOOLTIP" Language="it_IT">
      <Text>Abilita questo per riposizionare il pulsante Colpo Encampment sopra le barre di salute e difesa</Text>
    </Row>    
    <Row Tag="LOC_CQUI_CITYVIEW_PRODUCTIONQUEUE" Language="it_IT">
      <Text>Abilita coda di produzione</Text>
    </Row>
    <Row Tag="LOC_CQUI_CITYVIEW_SHOWCULTUREGROWTH" Language="it_IT">
      <Text>Mostra crescita culturale</Text>
    </Row>
    <Row Tag="LOC_CQUI_CITYVIEW_SHOWCULTUREGROWTH_TOOLTIP" Language="it_IT">
      <Text>Può anche essere attivata cliccando sul simbolo della crescita nella vista cittadina</Text>
    </Row>
    <Row Tag="LOC_CQUI_CITYVIEW_SHOWYIELDSONCITYHOVER" Language="it_IT">
      <Text>Gestione cittadina al passaggio del mouse</Text>
    </Row>
    <Row Tag="LOC_CQUI_CITYVIEW_SHOWYIELDSONCITYHOVER_TOOLTIP" Language="it_IT">
      <Text>Mostra la gestione dei cittadini, la resa delle caselle e la crescita dei confini al passaggio del mouse</Text>
    </Row>
    <Row Tag="LOC_CQUI_CITYVIEW_SHOWCITIZENICONSONHOVER" Language="it_IT">
      <Text>Icona cittadino al passaggio del mouse</Text>
    </Row>
    <Row Tag="LOC_CQUI_CITYVIEW_SHOWCITIZENICONSONHOVER_TOOLTIP" Language="it_IT">
      <Text>Mostra l'icona cittadino al passaggio del mouse sul banner della città</Text>
    </Row>
    <Row Tag="LOC_CQUI_CITYVIEW_SHOWCITYMANAGEONHOVER" Language="it_IT">
      <Text>Area gestione cittadini al passaggio del mouse</Text>
    </Row>
    <Row Tag="LOC_CQUI_CITYVIEW_SHOWCITYMANAGEONHOVER_TOOLTIP" Language="it_IT">
      <Text>Mostra l'area di gestione dei cittadini al passaggio del mouse sul banner della città</Text>
    </Row>
    <Row Tag="LOC_CQUI_CITYVIEW_SMARTBANNER_HEADER" Language="it_IT">
      <Text>Banner Smart</Text>
    </Row>
    <Row Tag="LOC_CQUI_CITYVIEW_SMARTBANNER" Language="it_IT">
      <Text>Abilita banner smart</Text>
    </Row>
    <Row Tag="LOC_CQUI_CITYVIEW_SMARTBANNER_TOOLTIP" Language="it_IT">
      <Text>Mostra nuove icone nel banner cittadino.</Text>
    </Row>
    <Row Tag="LOC_CQUI_CITYVIEW_SMARTBANNER_UNLOCKEDCITIZEN_TOOLTIP" Language="it_IT">
      <Text>Un [ICON_EXCLAMATION] appare quando il Governatore assegna automaticamente cittadini alle caselle della città.</Text>
    </Row>
    <Row Tag="LOC_CQUI_CITYVIEW_SMARTBANNER_DISTRICTS_TOOLTIP" Language="it_IT">
      <Text>Le icone distretto indicano i distretti costruiti</Text>
    </Row>
    <Row Tag="LOC_CQUI_CITYVIEW_SMARTBANNER_POPULATION_TOOLTIP" Language="it_IT">
      <Text>Mostra il numero di turni alla crescita della popolazione[NEWLINE]ed il rapporto [popolazione/abitazioni].</Text>
    </Row>
    <Row Tag="LOC_CQUI_CITYVIEW_SMARTBANNER_CULTURAL_TOOLTIP" Language="it_IT">
      <Text>Mostra il numero di turni alla crescita culturale.</Text>
    </Row>
    <Row Tag="LOC_CQUI_CITYVIEW_SMARTWORKICON" Language="it_IT">
      <Text>Icone Caselle Lavorate Smart</Text>
    </Row>
    <Row Tag="LOC_CQUI_CITYVIEW_SMARTWORKICON_TOOLTIP" Language="it_IT">
      <Text>Personalizza dimensione e trasparenza delle icone cittadino delle caselle lavorate</Text>
    </Row>
    <Row Tag="LOC_CQUI_CITYVIEW_SMARTWORKICONALPHA" Language="it_IT">
      <Text>Trasparenza Icone Caselle Lavorate Smart</Text>
    </Row>
    <Row Tag="LOC_CQUI_CITYVIEW_SMARTWORKICONSIZE" Language="it_IT">
      <Text>Dimensione Icone Caselle Lavorate Smart</Text>
    </Row>
    <Row Tag="LOC_CQUI_CITYVIEW_WORKICONS_HEADER" Language="it_IT">
      <Text>Icone Caselle Lavorate</Text>
    </Row>
    <Row Tag="LOC_CQUI_CITYVIEW_WORKICONALPHA" Language="it_IT">
      <Text>Trasparenza Icone Caselle Lavorate</Text>
    </Row>
    <Row Tag="LOC_CQUI_CITYVIEW_WORKICONSIZE" Language="it_IT">
      <Text>Dimensione Icone Caselle Lavorate</Text>
    </Row>
    <Row Tag="LOC_CQUI_GENERAL" Language="it_IT">
      <Text>Generali</Text>
    </Row>
    <Row Tag="LOC_CQUI_GENERAL_HIDDEN" Language="it_IT">
      <Text>Nascosto</Text>
    </Row>
    <Row Tag="LOC_CQUI_GENERAL_MINIMAPSIZE" Language="it_IT">
      <Text>Dimensione Minimappa</Text>
    </Row>
    <Row Tag="LOC_CQUI_GENERAL_RESOURCEDIMMINGSTYLE" Language="it_IT">
      <Text>Stile icone risorse migliorato</Text>
    </Row>
    <Row Tag="LOC_CQUI_GENERAL_RESOURCEDIMMINGSTYLE_TOOLTIP" Language="it_IT">
      <Text>Solido: disegna sempre l'icone risorse[NEWLINE]Trasparente: icone risorse con effetto trasparenza[NEWLINE]Nascosto: icone risorse nascoste</Text>
    </Row>
    <Row Tag="LOC_CQUI_GENERAL_SHOWLUXURY" Language="it_IT">
      <Text>Risorse di lusso nel pannello superiore</Text>
    </Row>
    <Row Tag="LOC_CQUI_GENERAL_SOLID" Language="it_IT">
      <Text>Solido</Text>
    </Row>
    <Row Tag="LOC_CQUI_GENERAL_TOGGLEYIELDSONLOAD" Language="it_IT">
      <Text>Attiva le rese di default</Text>
    </Row>
    <Row Tag="LOC_CQUI_GENERAL_TRANSPARENT" Language="it_IT">
      <Text>Trasparente</Text>
    </Row>
    <Row Tag="LOC_CQUI_GOSSIP" Language="it_IT">
      <Text>Pettegolezzi</Text>
    </Row>
    <Row Tag="LOC_CQUI_GOSSIP_TRIMMESSAGE" Language="it_IT">
      <Text>Abbrevia i pettegolezzi</Text>
    </Row>
    <Row Tag="LOC_CQUI_GOSSIP_TRIMMESSAGE_TOOLTIP" Language="it_IT">
      <Text>Rimuove le inutili parti iniziali dei pettegolezzi, descrivendo la provenieinza delle informazioni</Text>
    </Row>
    <Row Tag="LOC_CQUI_LENSES" Language="it_IT">
      <Text>Lenti</Text>
    </Row>
    <Row Tag="LOC_CQUI_LENSES_AUTOAPPLYARCHAEOLOGISTLENS" Language="it_IT">
      <Text>Lente Archeologo in automatico</Text>
    </Row>
    <Row Tag="LOC_CQUI_LENSES_AUTOAPPLYBUILDERLENS" Language="it_IT">
      <Text>Lente Costruttore in automatico</Text>
    </Row>
    <Row Tag="LOC_CQUI_LENSES_AUTOAPPLYSCOUTLENS" Language="it_IT">
      <Text>Lente Scout in automatico</Text>
    </Row>
    <Row Tag="LOC_CQUI_POPUPS" Language="it_IT">
      <Text>Popup</Text>
    </Row>
    <Row Tag="LOC_CQUI_POPUPS_ALWAYSOPENTECHTREES" Language="it_IT">
      <Text>Apri sempre l'albero completo piuttosto che i popup</Text>
    </Row>
    <Row Tag="LOC_CQUI_POPUPS_TECHVISUAL" Language="it_IT">
      <Text>Popup Scienza/Progressi Civici</Text>
    </Row>
    <Row Tag="LOC_CQUI_POPUPS_TECHVISUAL_TOOLTIP" Language="it_IT">
      <Text>Attiva/disattiva i popup di completamento di una tecnologica o un progresso civico</Text>
    </Row>
    <Row Tag="LOC_CQUI_POPUPS_TECHAUDIO" Language="it_IT">
      <Text>Riprodurre l'audio con il popup tecnico/civico</Text>
    </Row>
    <Row Tag="LOC_CQUI_POPUPS_TECHAUDIO_TOOLTIP" Language="it_IT">
      <Text>Riprodurre automaticamente l'audio quando viene visualizzata la finestra pop-up Tech/Civic</Text>
    </Row>
    <Row Tag="LOC_CQUI_POPUPS_WONDERBUILTVISUAL" Language="it_IT">
      <Text>Video meraviglie</Text>
    </Row>
    <Row Tag="LOC_CQUI_POPUPS_WONDERBUILTVISUAL_TOOLTIP" Language="it_IT">
      <Text>Attiva/disattiva il video che appare al completamento di una meraviglia.</Text>
    </Row>
    <Row Tag="LOC_CQUI_POPUPS_WONDERBUILTAUDIO" Language="it_IT">
      <Text>Audio meraviglie</Text>
    </Row>
    <Row Tag="LOC_CQUI_POPUPS_WONDERBUILTAUDIO_TOOLTIP" Language="it_IT">
      <Text>Attiva o disattiva l'audio che viene riprodotto al completamento di una meraviglia. È indipendente dalla componente visiva e può essere riprodotto anche quando il video non è visibile.</Text>
    </Row>
    <Row Tag="LOC_CQUI_SETTINGS_REMINDER" Language="it_IT">
      <Text>Ricorda: le impostazioni CQUI sono legate ai singoli salvataggi![NEWLINE]Se si vuole modificare uno dei parametri di default, si prega di leggere le informazioni all'interno del file cqui_settings.sql nella cartella [MOD INSTALL DIRECTORY]/CQUI/Assets</Text>
    </Row>
    <Row Tag="LOC_CQUI_UNITS" Language="it_IT">
      <Text>Unità</Text>
    </Row>
    <Row Tag="LOC_CQUI_UNITS_SHOWUNITPATHS" Language="it_IT">
      <Text>Percorso dell'unità visibile</Text>
    </Row>
    <Row Tag="LOC_CQUI_UNITS_AUTOEXPANDUNITACTIONS" Language="it_IT">
      <Text>Mostra tutte le azioni del pannello unità</Text>
    </Row>
    <Row Tag="LOC_CQUI_GENERAL_SHOWPRD" Language="it_IT">
      <Text>Mostra il promemoria del cambio politiche</Text>
    </Row>
	<Row Tag="LOC_CQUI_GENERAL_SHOWPRD_TOOLTIP" Language="it_IT">
      <Text>Apre un popup per ricordare che è possibile modificare le politiche sociali prima del cambio turno</Text>
    </Row>
    <Row Tag="LOC_CQUI_TRADER_SCREEN" Language="it_IT">
      <Text>Schermata Scambi</Text>
    </Row>
    <Row Tag="LOC_CQUI_TRADER_SHOW_SORT_ORDER" Language="it_IT">
      <Text>Mostra l'ordinamento</Text>
    </Row>
    <Row Tag="LOC_CQUI_TRADER_SHOW_SORT_ORDER_TOOLTIP" Language="it_IT">
      <Text>Mostra l'ordinamento delle varie rese nella schermata degli scambi</Text>
    </Row>
    <Row Tag="LOC_CQUI_TRADER_COLOR_YIELDS" Language="it_IT">
      <Text>Rese colorate</Text>
    </Row>
    <Row Tag="LOC_CQUI_TRADER_COLOR_YIELDS_TOOLTIP" Language="it_IT">
      <Text>Colora le rese in base al tipo. Es: la resa di cibo è colorata in verde</Text>
    </Row>
    <Row Tag="LOC_CQUI_TRADER_ADD_DIVIDER" Language="it_IT">
      <Text>Aggiungi separatore tra i gruppi</Text>
    </Row>
    <Row Tag="LOC_CQUI_TRADER_ADD_DIVIDER_TOOLTIP" Language="it_IT">
      <Text>Aggiungi un separatore tra i gruppi nell'anteprima della Schermata Scambi</Text>
    </Row>
    <Row Tag="LOC_CQUI_RECOMMENDATIONS_SCREEN" Language="it_IT">
      <Text>Raccomandazioni</Text>
    </Row>
    <Row Tag="LOC_CQUI_RECOMMENDATIONS_SHOWPRODUCTION" Language="it_IT">
      <Text>Mostra i consigli sulla produzione</Text>
    </Row>
    <Row Tag="LOC_CQUI_RECOMMENDATIONS_SHOWTECH" Language="it_IT">
      <Text>Mostra i consigli su tecnologie/politiche sociali</Text>
    </Row>
    <Row Tag="LOC_CQUI_RECOMMENDATIONS_SHOWIMPROVEMENTS" Language="it_IT">
      <Text>Mostra i consigli sui miglioramenti</Text>
    </Row>
    <Row Tag="LOC_CQUI_RECOMMENDATIONS_SHOWCITYDETAILADVISOR" Language="it_IT">
      <Text>Mostra il consigliere cittadino</Text>
    </Row>
    <Row Tag="LOC_CQUI_SHOW_SUZERAIN_IN_CITYSTATE_BANNER" Language="it_IT">
      <Text>Suzerain in CityState Banner</Text>
    </Row>
    <Row Tag="LOC_CQUI_SHOW_WAR_ICON_IN_CITYSTATE_BANNER" Language="it_IT">
      <Text>Icona guerra in CityState Banner</Text>
    </Row>
    <Row Tag="LOC_CQUI_SHOW_WAR_ICON_IN_CITYSTATE_BANNER_TOOLTIP" Language="it_IT">
      <Text>Quando sei in guerra con una città, mostra l'icona di guerra nella bandiera della città di quella città</Text>
    </Row>
    <Row Tag="LOC_CQUI_LABELS_ON_SUZERAIN_ICON" Language="it_IT">
    <Text>Mostra etichette inviato Suzerain</Text>
    </Row>
    <Row Tag="LOC_CQUI_LABELS_ON_SUZERAIN_ICON_TOOLTIP" Language="it_IT">
        <Text>Mostra le etichette degli inviati Suzerain in CityState Banner[NEWLINE]Quando sei Suzerain, il numero in alto a destra dell'icona mostra gli inviati inviati.[NEWLINE]Quando non sei Suzerain, i tuoi inviati mostrano in alto a sinistra, gli inviati suzerain in alto a destra.</Text>
    </Row>
    <Row Tag="LOC_CQUI_SHOW_SUZERAIN_CIV_ICON" Language="it_IT">
        <Text>Mostra icona civiltà</Text>
    </Row>
    <Row Tag="LOC_CQUI_SHOW_SUZERAIN_DISABLED" Language="it_IT">
        <Text>Non mostrare Suzerain</Text>
    </Row>
    <Row Tag="LOC_CQUI_SHOW_SUZERAIN_IN_CITYSTATE_BANNER_TOOLTIP" Language="it_IT">
        <Text>Mostra l'icona Civiltà o Leader del Suzerain nello Stendardo CityState</Text>
    </Row>
    <Row Tag="LOC_CQUI_SHOW_SUZERAIN_LEADER_ICON" Language="it_IT">
        <Text>Mostra icona direttrice</Text>
    </Row>
    <Row Tag="LOC_CQUI_LENSES_RELIGIONLENSUNITFLAGSTYLE" Language="it_IT">
      <Text>Religione Lens Unità Bandiera Stile</Text>
    </Row>
    <Row Tag="LOC_CQUI_LENSES_RELIGIONLENSUNITFLAGSTYLE_TOOLTIP" Language="it_IT">
      <Text>Lo stile per le icone di bandiera unità di unità non religiose quando la Lente Religione è su[NEWLINE]Solido: le bandiere delle unità rimangono visibili, invariate[NEWLINE]Trasparente: le bandiere delle unità diventano trasparenti[NEWLINE]Nascosto: i flag di unità sono nascosti</Text>
    </Row>
    <Row Tag="LOC_CQUI_SETTINGS" Language="it_IT">
      <Text>IMPOSTAZIONI CQUI</Text>
    </Row>
    <Row Tag="LOC_CQUI_SETTINGS_MOVED" Language="it_IT">
      <Text>Le impostazioni CQUI sono ora disponibili selezionando Opzioni dal menu di gioco, quindi il pulsante Impostazioni CQUI</Text>
    </Row>
    <!-- More Lenses Color Slider Controls -->
    <Row Tag="LOC_CQUI_LENSES_RGB_COLOR_SETTINGS" Language="it_IT">
      <Text>Impostazioni colore RGB per obiettivi personalizzati</Text>
    </Row>
    <Row Tag="LOC_CQUI_LENSES_RGB_COLOR_SETTINGS_BLUE" Language="it_IT">
      <Text>Blu</Text>
    </Row>
    <Row Tag="LOC_CQUI_LENSES_RGB_COLOR_SETTINGS_EDITBOX_TOOLTIP" Language="it_IT">
      <Text>Immettere un valore compreso tra 0 e 255</Text>
    </Row>
    <Row Tag="LOC_CQUI_LENSES_RGB_COLOR_SETTINGS_GREEN" Language="it_IT">
      <Text>Verde</Text>
    </Row>
    <Row Tag="LOC_CQUI_LENSES_RGB_COLOR_SETTINGS_RED" Language="it_IT">
      <Text>Rosso</Text>
    </Row>
  </LocalizedText>
</GameData>
