<?xml version="1.0" encoding="utf-8"?>
<GameData>
    <LocalizedText>
        <Replace Tag="LOC_IDS_DEAL_TERMS" Language="de_DE">
            <Text>Handelsbedingungen</Text>
        </Replace>
        <Replace Tag="LOC_IDS_DEAL_TRADE" Language="de_DE">
            <Text>[COLOR_Red]Handel[ENDCOLOR] mit</Text>
        </Replace>
        <Replace Tag="LOC_IDS_DEAL_SUZERAIN" Language="de_DE">
            <Text>[COLOR_Civ6Blue]Suzerän[ENDCOLOR] von</Text>
        </Replace>
        <Replace Tag="LOC_IDS_DEAL_UNTRADEABLE" Language="de_DE">
            <Text>nicht handelbar</Text>
        </Replace>
        <Replace Tag="LOC_IDS_DEAL_DUPLICATE" Language="de_DE">
            <Text>Duplikat</Text>
        </Replace>
    </LocalizedText>
</GameData>
