<?xml version="1.0" encoding="utf-8"?>
<GameData>
    <LocalizedText>
        <!-- PORTUGUESE -->
        <Replace Tag="LOC_IDS_DEAL_TERMS" Language="pt_BR">
            <Text>Termos da oferta</Text>
        </Replace>
        <Replace Tag="LOC_IDS_DEAL_TRADE" Language="pt_BR">
            <Text>[COLOR_Red]Comércio[ENDCOLOR] com</Text>
        </Replace>
        <Replace Tag="LOC_IDS_DEAL_SUZERAIN" Language="pt_BR">
            <Text>[COLOR_Civ6Blue]Suserano[ENDCOLOR] de</Text>
        </Replace>
        <Replace Tag="LOC_IDS_DEAL_UNTRADEABLE" Language="pt_BR">
            <Text>Não comercializável</Text>
        </Replace>
        <Replace Tag="LOC_IDS_DEAL_DUPLICATE" Language="pt_BR">
            <Text>Duplicado</Text>
        </Replace>
    </LocalizedText>
</GameData>
