<?xml version="1.0" encoding="utf-8"?>
<GameData>
  <LocalizedText>
    <!-- FRENCH -->
    <Replace Tag="LOC_CQUI_NAME" Language="fr_FR">
      <Text>CQUI</Text>
    </Replace>

	<!-- IDS -->
	<Replace Tag="LOC_IDS_DEAL_TERMS" Language="fr_FR">
      <Text>Durée de la transaction</Text>
    </Replace>
	
    <!-- MESSAGES -->
    <Replace Tag="LOC_CQUI_CIVIC_MESSAGE_S" Language="fr_FR">
      <Text>Le Dogme actuel, </Text>
    </Replace>
    <Replace Tag="LOC_CQUI_TECH_MESSAGE_S" Language="fr_FR">
      <Text>La Technologie actuelle, </Text>
    </Replace>
    <Replace Tag="LOC_CQUI_HALF_MESSAGE_E" Language="fr_FR">
      <Text>, n'est plus qu'à un tour du maximum potentiel d'Inspiration.</Text>
    </Replace>
    <Replace Tag="LOC_CQUI_FINISH_MESSAGE_E" Language="fr_FR">
      <Text>, est terminée.</Text>
    </Replace>

    <!-- CITY PANEL AMENITY -->
    <Replace Tag="LOC_CQUI_CITY_ENTERTAINMENT" Language="fr_FR">
      <Text>Activité</Text>
    </Replace>

    <!-- POPUPS -->
    <Replace Tag="LOC_CQUI_GREAT_PERSON_PROGRESS" Language="fr_FR">
      <Text>Progression：</Text>
    </Replace>

    <!-- ActionPanel -->
    <Row Tag="LOC_CQUI_ACTION_PANEL_ENCAMPMENT_RANGED_ATTACK" Language="fr_FR">
      <Text>ATTAQUE À DISTANCE DU CAMPEMENT</Text>
    </Row>
    <Row Tag="LOC_CQUI_ACTION_PANEL_ENCAMPMENT_RANGED_ATTACK_TOOLTIP" Language="fr_FR">
      <Text>Votre campement peut attaquer à distance</Text>
    </Row>

    <!-- Policyreminderpopup -->
    <Row Tag="LOC_POLICY_REMINDER_TITLE" Language="fr_FR">
		  <Text>RAPPEL DOCTRINES</Text>
    </Row>
    <Row Tag="LOC_POLICY_REMINDER_TEXT" Language="fr_FR">
      <Text>De nouvelles doctrines ont été déverrouillées.</Text>
    </Row>
    <Row Tag="LOC_POLICY_REMINDER_ACTION_BUTTON" Language="fr_FR">
      <Text>CHANGER DE DOCTRINE</Text>
    </Row>
    <Row Tag="LOC_POLICY_REMINDER_ACTION_BUTTON_TOOLTIP" Language="fr_FR">
      <Text>Vous pouvez changez vos doctrine durant ce tour.</Text>
    </Row>

    <!-- Smartbanner unlocked citizen -->
    <Row Tag="LOC_CQUI_SMARTBANNER_UNLOCKEDCITIZEN_TOOLTIP" Language="fr_FR">
      <Text>Des citoyens sont automatiquement assignés par l'IA du gouverneur de ville.</Text>
    </Row>

  </LocalizedText>
</GameData>
