<?xml version="1.0" encoding="utf-8"?>
<GameData>
  <LocalizedText>
    <!-- FRENCH -->

    <Row Tag="LOC_CQUI_BINDINGS" Language="fr_FR">
      <!-- TODO -->
      <Text>Bindings</Text>
    </Row>
    <Row Tag="LOC_CQUI_BINDINGS_DROPDOWN" Language="fr_FR">
      <!-- TODO -->
      <Text>Bindings Mode</Text>
    </Row>
    <Row Tag="LOC_CQUI_BINDINGS_DROPDOWN_TOOLTIP" Language="fr_FR">
      <!-- TODO -->
      <Text>Standard: Inchangé[NEWLINE]Classique: Civ V binds[NEWLINE]Amélioré: Civ V Binds avec les changements suivants[NEWLINE]  WASD Contrôle de la caméra[NEWLINE]  Q/E unit/city cycling[NEWLINE]  Shift toggles city/unit selection[NEWLINE]  Quarry/Airstrike are moved to alt-key + Q/S[NEWLINE]  NOTE:UNBIND W/E IN SETTINGS OR THINGS WON'T WORK!</Text>
    </Row>
    <Row Tag="LOC_CQUI_BINDINGS_CLASSIC" Language="fr_FR">
      <Text>Classique</Text>
    </Row>
    <Row Tag="LOC_CQUI_BINDINGS_ENHANCED" Language="fr_FR">
      <Text>Amélioré</Text>
    </Row>
    <Row Tag="LOC_CQUI_BINDINGS_STANDARD" Language="fr_FR">
      <Text>Standard</Text>
    </Row>
    <Row Tag="LOC_CQUI_CITYVIEW" Language="fr_FR">
      <Text>Vue des Villes</Text>
    </Row>
    <!-- Relocate City Strike and Encampment Strike button translations done via Google Translate -->
    <Row Tag="LOC_CQUI_CITYVIEW_RELOCATECITYSTRIKEBUTTON" Language="fr_FR">
      <Text>Déplacer le bouton City Strike</Text>
    </Row>
    <Row Tag="LOC_CQUI_CITYVIEW_RELOCATECITYSTRIKEBUTTON_TOOLTIP" Language="fr_FR">
      <Text>Activez cette option pour déplacer le bouton City Strike au-dessus des barres de santé et de défense</Text>
    </Row>
    <Row Tag="LOC_CQUI_CITYVIEW_RELOCATEENCAMPMENTSTRIKEBUTTON" Language="fr_FR">
      <Text>Bouton Déplacer la grève du campement</Text>
    </Row>
    <Row Tag="LOC_CQUI_CITYVIEW_RELOCATEENCAMPMENTSTRIKEBUTTON_TOOLTIP" Language="fr_FR">
      <Text>Activez cette option pour déplacer le bouton Encampment Strike au-dessus des barres de santé et de défense</Text>
    </Row>
    <Row Tag="LOC_CQUI_CITYVIEW_PRODUCTIONQUEUE" Language="fr_FR">
      <Text>Activer la queue de production</Text>
    </Row>
    <Row Tag="LOC_CQUI_CITYVIEW_SHOWCULTUREGROWTH" Language="fr_FR">
      <Text>Montrer la croissance culturelle en superposition</Text>
    </Row>
    <Row Tag="LOC_CQUI_CITYVIEW_SHOWCULTUREGROWTH_TOOLTIP" Language="fr_FR">
      <Text>Cela peut également être basculé en cliquant sur l'emblème de croissance dans la vue de la ville</Text>
    </Row>
    <Row Tag="LOC_CQUI_CITYVIEW_SHOWYIELDSONCITYHOVER" Language="fr_FR">
      <Text>Montrer les informations des villes au passage de la souris</Text>
    </Row>
    <Row Tag="LOC_CQUI_CITYVIEW_SHOWYIELDSONCITYHOVER_TOOLTIP" Language="fr_FR">
      <Text>Affiche les icônes de gestion des citoyens, les rendements des cases et la croissance des frontières au passage de la souris</Text>
    </Row>
    <Row Tag="LOC_CQUI_CITYVIEW_SMARTBANNER_HEADER" Language="fr_FR">
      <Text>Smartbanners</Text>
    </Row>
    <Row Tag="LOC_CQUI_CITYVIEW_SMARTBANNER" Language="fr_FR">
      <Text>Activer Smartbanners</Text>
    </Row>
    <Row Tag="LOC_CQUI_CITYVIEW_SMARTBANNER_TOOLTIP" Language="fr_FR">
      <Text>Affiche de nouvelles icônes et des informations dans la bannière de la ville.</Text>
    </Row>
    <Row Tag="LOC_CQUI_CITYVIEW_SMARTBANNER_UNLOCKEDCITIZEN_TOOLTIP" Language="fr_FR">
      <Text>Une [ICON_EXCLAMATION] est affichée chaque fois que des nouveaux citoyens sont automatiquement assignés par l'IA du gouverneur de ville.</Text>
    </Row>
    <Row Tag="LOC_CQUI_CITYVIEW_SMARTBANNER_DISTRICTS_TOOLTIP" Language="fr_FR">
      <Text>Les icônes du district indiquent les quartiers bâtis</Text>
    </Row>
    <Row Tag="LOC_CQUI_CITYVIEW_SMARTBANNER_POPULATION_TOOLTIP" Language="fr_FR">
      <Text>Montrer le nombre de tours restants à la croissance démographique[NEWLINE]et la [current population/max housing].</Text>
    </Row>
    <Row Tag="LOC_CQUI_CITYVIEW_SMARTBANNER_CULTURAL_TOOLTIP" Language="fr_FR">
      <Text>Montrez le nombre de tours restants à la croissance culturelle.</Text>
    </Row>
    <Row Tag="LOC_CQUI_GENERAL" Language="fr_FR">
      <Text>Général</Text>
    </Row>
    <Row Tag="LOC_CQUI_GENERAL_HIDDEN" Language="fr_FR">
      <Text>Caché</Text>
    </Row>
    <Row Tag="LOC_CQUI_GENERAL_MINIMAPSIZE" Language="fr_FR">
      <Text>Taille de la minicarte</Text>
    </Row>
    <Row Tag="LOC_CQUI_GENERAL_RESOURCEDIMMINGSTYLE" Language="fr_FR">
      <!-- TODO -->
      <Text>Style d'icône de ressource amélioré</Text>
    </Row>
    <Row Tag="LOC_CQUI_GENERAL_RESOURCEDIMMINGSTYLE_TOOLTIP" Language="fr_FR">
      <Text>Solid: always draw resource icons[NEWLINE]Transparent: improved resource icons are transparent[NEWLINE]Hidden: improved resource icons are hidden</Text>
    </Row>
    <Row Tag="LOC_CQUI_GENERAL_SHOWLUXURY" Language="fr_FR">
      <Text>Montrer les ressources de luxe dans le panel du haut</Text>
    </Row>
    <Row Tag="LOC_CQUI_GENERAL_SOLID" Language="fr_FR">
      <Text>Solide</Text>
    </Row>
    <Row Tag="LOC_CQUI_GENERAL_TOGGLEYIELDSONLOAD" Language="fr_FR">
      <!-- TODO -->
      <Text>Toggles yields ON by default</Text>
    </Row>
    <Row Tag="LOC_CQUI_GENERAL_TRANSPARENT" Language="fr_FR">
      <Text>Transparent</Text>
    </Row>
    <Row Tag="LOC_CQUI_GOSSIP" Language="fr_FR">
      <!-- TODO -->
      <Text>Gossip</Text>
    </Row>
    <Row Tag="LOC_CQUI_GOSSIP_TRIMMESSAGE" Language="fr_FR">
      <!-- TODO -->
      <Text>Trim gossip messages</Text>
    </Row>
    <Row Tag="LOC_CQUI_GOSSIP_TRIMMESSAGE_TOOLTIP" Language="fr_FR">
      <!-- TODO -->
      <Text>Removes the mostly useless start of the gossip message describing where the information came from</Text>
    </Row>
    <Row Tag="LOC_CQUI_LENSES" Language="fr_FR">
      <!-- TODO -->
      <Text>Lenses</Text>
    </Row>
    <Row Tag="LOC_CQUI_LENSES_AUTOAPPLYARCHAEOLOGISTLENS" Language="fr_FR">
      <!-- TODO -->
      <Text>Autoapply archaeologist lens</Text>
    </Row>
    <Row Tag="LOC_CQUI_LENSES_AUTOAPPLYBUILDERLENS" Language="fr_FR">
      <!-- TODO -->
      <Text>Autoapply builder lens</Text>
    </Row>
    <Row Tag="LOC_CQUI_LENSES_AUTOAPPLYSCOUTLENS" Language="fr_FR">
      <!-- TODO -->
      <Text>Autoapply scout lens</Text>
    </Row>
    <Row Tag="LOC_CQUI_POPUPS" Language="fr_FR">
      <!-- TODO -->
      <Text>Popups</Text>
    </Row>
    <Row Tag="LOC_CQUI_POPUPS_ALWAYSOPENTECHTREES" Language="fr_FR">
      <!-- TODO -->
      <Text>Toujours ouvrir l'arbre au lieu de popups</Text>
    </Row>
    <Row Tag="LOC_CQUI_POPUPS_TECHVISUAL" Language="fr_FR">
      <Text>Afficher le popup tech/civic</Text>
    </Row>
    <Row Tag="LOC_CQUI_POPUPS_TECHVISUAL_TOOLTIP" Language="fr_FR">
      <Text>Affiche le popup qui apparaît chaque fois qu’une nouvelle technologie ou une nouvelle civic est atteinte</Text>
    </Row>
    <Row Tag="LOC_CQUI_POPUPS_TECHAUDIO" Language="fr_FR">
      <Text>Lire l’audio avec la fenêtre pop-up tech/civic</Text>
    </Row>
    <Row Tag="LOC_CQUI_POPUPS_TECHAUDIO_TOOLTIP" Language="fr_FR">
      <!-- TODO -->
      <Text>Lire automatiquement l’audio lorsque la fenêtre contextuelle Tech/Civic s’affiche</Text>
    </Row>
    <Row Tag="LOC_CQUI_SETTINGS_REMINDER" Language="fr_FR">
      <Text>N'oubliez pas : les paramètres CQUI sont liés à des sauvegardes individuelles![NEWLINE]Si vous souhaitez modifier un paramètre par défaut, éditez le fichier CQUI_Settings.sql dans le répertoire [MOD INSTALL DIRECTORY]/CQUI/Assets</Text>
    </Row>
    <Row Tag="LOC_CQUI_UNITS" Language="fr_FR">
      <Text>Unités</Text>
    </Row>
    <Row Tag="LOC_CQUI_UNITS_SHOWUNITPATHS" Language="fr_FR">
      <Text>Montrer le chemin de l'unité à la sélection ou en passant dessus</Text>
    </Row>
    <Row Tag="LOC_CQUI_UNITS_AUTOEXPANDUNITACTIONS" Language="fr_FR">
      <Text>Montrer toutes les actions dans le panel de l'unité</Text>
    </Row>
    <Row Tag="LOC_CQUI_SHOW_SUZERAIN_IN_CITYSTATE_BANNER" Language="fr_FR">
      <Text>Suzerain dans CityState Banner</Text>
    </Row>
    <Row Tag="LOC_CQUI_SHOW_WAR_ICON_IN_CITYSTATE_BANNER" Language="fr_FR">
      <Text>Icône de guerre dans citystate banner</Text>
    </Row>
    <Row Tag="LOC_CQUI_SHOW_WAR_ICON_IN_CITYSTATE_BANNER_TOOLTIP" Language="fr_FR">
      <Text>En guerre contre un État de la ville, montrez l’icône de guerre dans la bannière de la ville de cet État de la ville</Text>
    </Row>
    <Row Tag="LOC_CQUI_LABELS_ON_SUZERAIN_ICON" Language="fr_FR">
        <Text>Afficher les étiquettes Suzerain Envoy</Text>
    </Row>
    <Row Tag="LOC_CQUI_LABELS_ON_SUZERAIN_ICON_TOOLTIP" Language="fr_FR">
        <Text>Afficher les étiquettes d’envoyé Suzerain dans CityState Banner[NEWLINE]Lorsque vous êtes Suzerain, le numéro en haut à droite de l’icône montre envoyés envoyés.[NEWLINE]Quand vous n’êtes pas Suzerain, vos envoyés montrent en haut à gauche, les envoyés Suzerain en haut à droite.</Text>
    </Row>
    <Row Tag="LOC_CQUI_SHOW_SUZERAIN_CIV_ICON" Language="fr_FR">
        <Text>Afficher l’icône civilisation</Text>
    </Row>
    <Row Tag="LOC_CQUI_SHOW_SUZERAIN_DISABLED" Language="fr_FR">
        <Text>Ne pas montrer Suzerain</Text>
    </Row>
    <Row Tag="LOC_CQUI_SHOW_SUZERAIN_IN_CITYSTATE_BANNER_TOOLTIP" Language="fr_FR">
        <Text>Afficher l’icône Civilisation ou Leader du Suzerain dans la bannière CityState</Text>
    </Row>
    <Row Tag="LOC_CQUI_SHOW_SUZERAIN_LEADER_ICON" Language="fr_FR">
        <Text>Afficher l’icône leader</Text>
    </Row>
    <Row Tag="LOC_CQUI_LENSES_RELIGIONLENSUNITFLAGSTYLE" Language="fr_FR">
      <Text>Religion Lens Unit Flag Style</Text>
    </Row>
    <Row Tag="LOC_CQUI_LENSES_RELIGIONLENSUNITFLAGSTYLE_TOOLTIP" Language="fr_FR">
      <Text>Le style pour les icônes de drapeau d’unité des unités non-religieuses lorsque l’objectif de religion est sur[NEWLINE]Solide : les indicateurs d’unité restent visibles, inchangés[NEWLINE]Transparent : les indicateurs d’unité deviennent transparents[NEWLINE]Masqué : les indicateurs d’unité sont masqués</Text>
    </Row>
    <Row Tag="LOC_CQUI_SETTINGS" Language="fr_FR">
      <Text>PARAMÈTRES CQUI</Text>
    </Row>
    <Row Tag="LOC_CQUI_SETTINGS_MOVED" Language="fr_FR">
      <Text>Les paramètres CQUI peuvent maintenant être trouvés en sélectionnant des options dans le menu du jeu, puis le bouton Paramètres CQUI</Text>
    </Row>

    <!-- More Lenses Color Slider Controls -->
    <Row Tag="LOC_CQUI_LENSES_RGB_COLOR_SETTINGS" Language="fr_FR">
        <Text>Paramètres de couleur RVB pour lentilles personnalisées</Text>
    </Row>
    <Row Tag="LOC_CQUI_LENSES_RGB_COLOR_SETTINGS_BLUE" Language="fr_FR">
        <Text>Bleu</Text>
    </Row>
    <Row Tag="LOC_CQUI_LENSES_RGB_COLOR_SETTINGS_EDITBOX_TOOLTIP" Language="fr_FR">
        <Text>Entrez une valeur comprise entre 0 et 255</Text>
    </Row>
    <Row Tag="LOC_CQUI_LENSES_RGB_COLOR_SETTINGS_GREEN" Language="fr_FR">
        <Text>Vert</Text>
    </Row>
    <Row Tag="LOC_CQUI_LENSES_RGB_COLOR_SETTINGS_RED" Language="fr_FR">
        <Text>Rouge</Text>
    </Row>
  </LocalizedText>
</GameData>
