<?xml version="1.0" encoding="utf-8"?>
<GameData>
  <LocalizedText>
    <!-- SPANISH -->

    <Row Tag="LOC_CQUI_BINDINGS" Language="es_ES">
      <Text>Atajos de Teclado</Text>
    </Row>
    <Row Tag="LOC_CQUI_BINDINGS_DROPDOWN" Language="es_ES">
      <Text>Modalidad</Text>
    </Row>
    <Row Tag="LOC_CQUI_BINDINGS_DROPDOWN_TOOLTIP" Language="es_ES">
      <Text>Estándar: Sin cambios[NEWLINE]Clásico: Atajos Civ V [NEWLINE]Mejorado: Atajos Civ V con los cambios:[NEWLINE] WASD: control de cámara [NEWLINE]  Q/E: ciclo unidad/ciudad[NEWLINE]  Shift: selecciona/deselecciona de unidad/ciudad[NEWLINE]  Cantera/Ataque aéreo pasa a ser ALT+Q/ALT+S[NEWLINE]  NOTA:DESACTIVAR W/E EN CONFIGURACIÓN, O NO FUNCIONARÁ!</Text>
    </Row>
    <Row Tag="LOC_CQUI_BINDINGS_CLASSIC" Language="es_ES">
      <Text>Clásico</Text>
    </Row>
    <Row Tag="LOC_CQUI_BINDINGS_ENHANCED" Language="es_ES">
      <Text>Mejorado</Text>
    </Row>
    <Row Tag="LOC_CQUI_BINDINGS_STANDARD" Language="es_ES">
      <Text>Estándar</Text>
    </Row>
    <Row Tag="LOC_CQUI_CITYVIEW" Language="es_ES">
      <Text>Vista de ciudad</Text>
    </Row>
    <!-- Relocate City Strike and Encampment Strike button translations done via Google Translate -->
    <Row Tag="LOC_CQUI_CITYVIEW_RELOCATECITYSTRIKEBUTTON" Language="es_ES">
      <Text>Botón Reubicar City Strike</Text>
    </Row>
    <Row Tag="LOC_CQUI_CITYVIEW_RELOCATECITYSTRIKEBUTTON_TOOLTIP" Language="es_ES">
      <Text>Habilite esto para reubicar el botón City Strike sobre las barras de salud y defensa</Text>
    </Row>
    <Row Tag="LOC_CQUI_CITYVIEW_RELOCATEENCAMPMENTSTRIKEBUTTON" Language="es_ES">
      <Text>Botón Reubicar Golpe de campamento</Text>
    </Row>
    <Row Tag="LOC_CQUI_CITYVIEW_RELOCATEENCAMPMENTSTRIKEBUTTON_TOOLTIP" Language="es_ES">
      <Text>Habilite esto para reubicar el botón de Golpe de campamento sobre las barras de salud y defensa</Text>
    </Row>
    <Row Tag="LOC_CQUI_CITYVIEW_PRODUCTIONQUEUE" Language="es_ES">
      <Text>Activa cola de producción</Text>
    </Row>
    <Row Tag="LOC_CQUI_CITYVIEW_SHOWCULTUREGROWTH" Language="es_ES">
      <Text>Muestra capa de crecimiento cultural</Text>
    </Row>
    <Row Tag="LOC_CQUI_CITYVIEW_SHOWCULTUREGROWTH_TOOLTIP" Language="es_ES">
      <Text>También puede activarse haciendo clic en el indicador de crecimiento de la vista de ciudad</Text>
    </Row>
    <Row Tag="LOC_CQUI_CITYVIEW_SHOWYIELDSONCITYHOVER" Language="es_ES">
      <Text>Muestra información al pasar el ratón</Text>
    </Row>
    <Row Tag="LOC_CQUI_CITYVIEW_SHOWYIELDSONCITYHOVER_TOOLTIP" Language="es_ES">
      <Text>Muestra los iconos de gestión de ciudadanos, el rendimiento de las casillas y el crecimiento de los bordes al pasar el ratón</Text>
    </Row>
    <Row Tag="LOC_CQUI_CITYVIEW_SMARTBANNER_HEADER" Language="es_ES">
      <Text>Estandartes Inteligentes</Text>
    </Row>
    <Row Tag="LOC_CQUI_CITYVIEW_SMARTBANNER" Language="es_ES">
      <Text>Activa los Estandartes Inteligentes</Text>
    </Row>
    <Row Tag="LOC_CQUI_CITYVIEW_SMARTBANNER_TOOLTIP" Language="es_ES">
      <Text>Muestra nuevos iconos e información en el estandarte de la ciudad.</Text>
    </Row>
    <Row Tag="LOC_CQUI_CITYVIEW_SMARTBANNER_UNLOCKEDCITIZEN_TOOLTIP" Language="es_ES">
      <Text>Se muestra [ICON_EXCLAMATION] siempre que haya ciudadanos no bloqueados siendo asignados automáticamente por la IA del gobernador de la ciudad.</Text>
    </Row>
    <Row Tag="LOC_CQUI_CITYVIEW_SMARTBANNER_DISTRICTS_TOOLTIP" Language="es_ES">
      <Text>Iconos de distrito indican los distritos construidos</Text>
    </Row>
    <Row Tag="LOC_CQUI_CITYVIEW_SMARTBANNER_POPULATION_TOOLTIP" Language="es_ES">
      <Text>Muestra el número de turnos hasta el aumento de población [NEWLINE]y la [población/alojamientos max].</Text>
    </Row>
    <Row Tag="LOC_CQUI_CITYVIEW_SMARTBANNER_CULTURAL_TOOLTIP" Language="es_ES">
      <Text>Muestra el número de turnos restantes hasta el crecimiento de bordes.</Text>
    </Row>
    <Row Tag="LOC_CQUI_CITYVIEW_SMARTWORKICON" Language="es_ES">
      <Text>Iconos de casillas trabajadas</Text>
    </Row>
    <Row Tag="LOC_CQUI_CITYVIEW_SMARTWORKICON_TOOLTIP" Language="es_ES">
      <Text>Especifica un tamaño/transparencia especial para los iconos de ciudadanos en casillas trabajadas</Text>
    </Row>
    <Row Tag="LOC_CQUI_CITYVIEW_SMARTWORKICONALPHA" Language="es_ES">
      <Text>Transparencia del icono de ciudadano</Text>
    </Row>
    <Row Tag="LOC_CQUI_CITYVIEW_SMARTWORKICONSIZE" Language="es_ES">
      <Text>Tamaño del icono de ciudadano</Text>
    </Row>
    <Row Tag="LOC_CQUI_CITYVIEW_WORKICONS_HEADER" Language="es_ES">
      <Text>Iconos de casillas trabajadas/paradas</Text>
    </Row>
    <Row Tag="LOC_CQUI_CITYVIEW_WORKICONALPHA" Language="es_ES">
      <Text>Transparencia del icono de ciudadano</Text>
    </Row>
    <Row Tag="LOC_CQUI_CITYVIEW_WORKICONSIZE" Language="es_ES">
      <Text>Tamaño del icono de ciudadano</Text>
    </Row>
    <Row Tag="LOC_CQUI_GENERAL" Language="es_ES">
      <Text>General</Text>
    </Row>
    <Row Tag="LOC_CQUI_GENERAL_HIDDEN" Language="es_ES">
      <Text>Oculto</Text>
    </Row>
    <Row Tag="LOC_CQUI_GENERAL_MINIMAPSIZE" Language="es_ES">
      <Text>Tamaño del minimapa</Text>
    </Row>
    <Row Tag="LOC_CQUI_GENERAL_RESOURCEDIMMINGSTYLE" Language="es_ES">
      <Text>Estilo de iconos de recursos mejorados</Text>
    </Row>
    <Row Tag="LOC_CQUI_GENERAL_RESOURCEDIMMINGSTYLE_TOOLTIP" Language="es_ES">
      <Text>Sólido: siempre muestra los iconos de recursos[NEWLINE]Transparente: los iconos de recursos con mejora tienen transparencia[NEWLINE]Oculto: Los iconos de recursos con mejora se ocultan</Text>
    </Row>
    <Row Tag="LOC_CQUI_GENERAL_SHOWLUXURY" Language="es_ES">
      <Text>Muestra los lujos en el panel superior</Text>
    </Row>
    <Row Tag="LOC_CQUI_GENERAL_SOLID" Language="es_ES">
      <Text>Sólido</Text>
    </Row>
    <Row Tag="LOC_CQUI_GENERAL_TOGGLEYIELDSONLOAD" Language="es_ES">
      <Text>Activa por defecto el rendimiento</Text>
    </Row>
    <Row Tag="LOC_CQUI_GENERAL_TRANSPARENT" Language="es_ES">
      <Text>Transparente</Text>
    </Row>
    <Row Tag="LOC_CQUI_GOSSIP" Language="es_ES">
      <Text>Chismorreos</Text>
    </Row>
    <Row Tag="LOC_CQUI_GOSSIP_TRIMMESSAGE" Language="es_ES">
      <Text>Acorta los mensajes de chismorreos</Text>
    </Row>
    <Row Tag="LOC_CQUI_GOSSIP_TRIMMESSAGE_TOOLTIP" Language="es_ES">
      <Text>Elimina la mayoría de los inicios inútiles de los mensajes de cotilleo que describen de dónde proviene la información</Text>
    </Row>
    <Row Tag="LOC_CQUI_LENSES" Language="es_ES">
      <Text>Lentes</Text>
    </Row>
    <Row Tag="LOC_CQUI_LENSES_AUTOAPPLYARCHAEOLOGISTLENS" Language="es_ES">
      <Text>Lente de Arqueólogo automática</Text>
    </Row>
    <Row Tag="LOC_CQUI_LENSES_AUTOAPPLYBUILDERLENS" Language="es_ES">
      <Text>Lente de Constructor automática</Text>
    </Row>
    <Row Tag="LOC_CQUI_LENSES_AUTOAPPLYSCOUTLENS" Language="es_ES">
      <Text>Lente de Batidor automática</Text>
    </Row>
    <Row Tag="LOC_CQUI_POPUPS" Language="es_ES">
      <Text>Popups</Text>
    </Row>
    <Row Tag="LOC_CQUI_POPUPS_ALWAYSOPENTECHTREES" Language="es_ES">
      <Text>Siempre árbol completo</Text>
    </Row>
    <Row Tag="LOC_CQUI_POPUPS_TECHVISUAL" Language="es_ES">
      <Text>Ventana de Tecnología/Principio</Text>
    </Row>
    <Row Tag="LOC_CQUI_POPUPS_TECHVISUAL_TOOLTIP" Language="es_ES">
      <Text>Activa la ventana que aparece siempre que nuevas tecnologías o principios sean descubiertos</Text>
    </Row>
    <Row Tag="LOC_CQUI_POPUPS_TECHAUDIO" Language="es_ES">
      <Text>Reproduce audio con tech/civic pop-up</Text>
    </Row>
    <Row Tag="LOC_CQUI_POPUPS_TECHAUDIO_TOOLTIP" Language="es_ES">
      <Text>Reproduce automáticamente voces de audio cuando se muestra la ventana emergente Tech/Civic</Text>
    </Row>
    <Row Tag="LOC_CQUI_SETTINGS_REMINDER" Language="es_ES">
      <Text>Recuerda: ¡la configuración CQUI está ligada a guardados individuales![NEWLINE]Para cambiar la configuración por defecto, lee el fichero cqui_settings.sql en el directorio [MOD INSTALL DIRECTORY]/CQUI/Assets</Text>
    </Row>
    <Row Tag="LOC_CQUI_UNITS" Language="es_ES">
      <Text>Unidades</Text>
    </Row>
    <Row Tag="LOC_CQUI_UNITS_SHOWUNITPATHS" Language="es_ES">
      <Text>Muestra la ruta de la unidad</Text>
    </Row>
    <Row Tag="LOC_CQUI_UNITS_AUTOEXPANDUNITACTIONS" Language="es_ES">
      <Text>Expande acciones del panel de unidad</Text>
    </Row>
    <Row Tag="LOC_CQUI_SHOW_SUZERAIN_IN_CITYSTATE_BANNER" Language="es_ES">
      <Text>Suzerain en CityState Banner</Text>
    </Row>
    <Row Tag="LOC_CQUI_SHOW_WAR_ICON_IN_CITYSTATE_BANNER" Language="es_ES">
      <Text>Icono de guerra en CityState Banner</Text>
    </Row>
    <Row Tag="LOC_CQUI_SHOW_WAR_ICON_IN_CITYSTATE_BANNER_TOOLTIP" Language="es_ES">
      <Text>Cuando esté en guerra con un estado de la ciudad, muestre el icono de guerra en la bandera de la ciudad de ese estado de la ciudad</Text>
    </Row>
    <Row Tag="LOC_CQUI_LABELS_ON_SUZERAIN_ICON" Language="es_ES">
        <Text>Mostrar etiquetas de Enviado de Suzerain</Text>
    </Row>
    <Row Tag="LOC_CQUI_LABELS_ON_SUZERAIN_ICON_TOOLTIP" Language="es_ES">
        <Text>Mostrar etiquetas de enviado de Suzerain en CityState Banner[NEWLINE]Cuando usted es Suzerain, el número en la parte superior derecha del icono muestra los enviados enviados.[NEWLINE]Cuando no eres Suzerain, tus enviados se muestran en la parte superior izquierda, Suzerain se envía en la parte superior derecha.</Text>
    </Row>
    <Row Tag="LOC_CQUI_SHOW_SUZERAIN_CIV_ICON" Language="es_ES">
        <Text>Mostrar icono de civilización</Text>
    </Row>
    <Row Tag="LOC_CQUI_SHOW_SUZERAIN_DISABLED" Language="es_ES">
        <Text>No mostrar Suzerain</Text>
    </Row>
    <Row Tag="LOC_CQUI_SHOW_SUZERAIN_IN_CITYSTATE_BANNER_TOOLTIP" Language="es_ES">
        <Text>Mostrar el icono de civilización o líder del Suzerain en el CityState Banner</Text>
    </Row>
    <Row Tag="LOC_CQUI_SHOW_SUZERAIN_LEADER_ICON" Language="es_ES">
        <Text>Mostrar icono de líder</Text>
    </Row>
    <Row Tag="LOC_CQUI_LENSES_RELIGIONLENSUNITFLAGSTYLE" Language="es_ES">
      <Text>Estilo de la bandera de la unidad de la lente de la religión</Text>
    </Row>
    <Row Tag="LOC_CQUI_LENSES_RELIGIONLENSUNITFLAGSTYLE_TOOLTIP" Language="es_ES">
      <Text>El estilo para los iconos de bandera de unidad de unidades no religiosas cuando la lente de religión está en[NEWLINE]Sólido: Las banderas de la unidad permanecen visibles, sin cambios[NEWLINE]Transparente: Las banderas de unidad se vuelven transparentes[NEWLINE]Oculto: las banderas de la unidad están ocultas</Text>
    </Row>
    <Row Tag="LOC_CQUI_SETTINGS" Language="es_ES">
      <Text>CONFIGURACIÓN DE CQUI</Text>
    </Row>
    <Row Tag="LOC_CQUI_SETTINGS_MOVED" Language="es_ES">
      <Text>La configuración de CQUI ahora se puede encontrar seleccionando Opciones en el menú del juego y, a continuación, en el botón Configuración de CQUI</Text>
    </Row>

    <!-- More Lenses Color Slider Controls -->
    <Row Tag="LOC_CQUI_LENSES_RGB_COLOR_SETTINGS" Language="es_ES">
      <Text>Configuración de color RGB para lentes personalizadas</Text>
    </Row>
    <Row Tag="LOC_CQUI_LENSES_RGB_COLOR_SETTINGS_BLUE" Language="es_ES">
      <Text>Azul</Text>
    </Row>
    <Row Tag="LOC_CQUI_LENSES_RGB_COLOR_SETTINGS_EDITBOX_TOOLTIP" Language="es_ES">
      <Text>Introduzca un valor entre 0 y 255</Text>
    </Row>
    <Row Tag="LOC_CQUI_LENSES_RGB_COLOR_SETTINGS_GREEN" Language="es_ES">
      <Text>Verde</Text>
    </Row>
    <Row Tag="LOC_CQUI_LENSES_RGB_COLOR_SETTINGS_RED" Language="es_ES">
      <Text>Rojo</Text>
    </Row>
  </LocalizedText>
</GameData>
