<?xml version="1.0" encoding="utf-8"?>
<GameData>
  <LocalizedText>
    <!-- GERMAN -->

    <Row Tag="LOC_CQUI_BINDINGS" Language="de_DE">
      <Text>Tastenbelegung</Text>
    </Row>
    <Row Tag="LOC_CQUI_BINDINGS_DROPDOWN" Language="de_DE">
      <Text>Voreinstellungen (s.a. Tooltip!)</Text>
    </Row>
    <Row Tag="LOC_CQUI_BINDINGS_DROPDOWN_TOOLTIP" Language="de_DE">
      <Text>Standard: Unverändert[NEWLINE]Klassisch: Civ V Belegung[NEWLINE]Erweitert: Civ V Belegung mit folgenden Veränderungen[NEWLINE]  WASD → Kamera-Kontrolle[NEWLINE]  Q/E → vorherige/nächste Einheit oder Stadt [NEWLINE]  Umschalt → Wechsel Stadt/Einheit Auswahl[NEWLINE]  Alt + Q/S → Verfolgung/Luftangriff[NEWLINE] [NEWLINE]HINWEIS: LÖSCHE ALLE TASTENBELEGUNGEN VON W/E IN DEN EINSTELLUNGEN!</Text>
    </Row>
    <Row Tag="LOC_CQUI_BINDINGS_CLASSIC" Language="de_DE">
      <Text>Klassisch</Text>
    </Row>
    <Row Tag="LOC_CQUI_BINDINGS_ENHANCED" Language="de_DE">
      <Text>Erweitert</Text>
    </Row>
    <Row Tag="LOC_CQUI_BINDINGS_STANDARD" Language="de_DE">
      <Text>Standard</Text>
    </Row>
    <Row Tag="LOC_CQUI_CITYVIEW" Language="de_DE">
      <Text>Stadtansicht</Text>
    </Row>
    <Row Tag="LOC_CQUI_CITYVIEW_RELOCATECITYSTRIKEBUTTON" Language="de_DE">
      <Text>Stadtangriff-Schaltfläche verschieben</Text>
    </Row>
    <Row Tag="LOC_CQUI_CITYVIEW_RELOCATECITYSTRIKEBUTTON_TOOLTIP" Language="de_DE">
      <Text>Diese Option aktivieren, um die Stadtangriffs-Schaltfläche über den Gesundheits- und Verteidigungsbalken zu verschieben</Text>
    </Row>
    <Row Tag="LOC_CQUI_CITYVIEW_RELOCATEENCAMPMENTSTRIKEBUTTON" Language="de_DE">
      <Text>Lagerangriff-Schaltfläche verschieben</Text>
    </Row>
    <Row Tag="LOC_CQUI_CITYVIEW_RELOCATEENCAMPMENTSTRIKEBUTTON_TOOLTIP" Language="de_DE">
      <Text>Diese Option aktivieren, um die Lagerangriffs-Schaltfläche über den Gesundheits- und Verteidigungsbalken zu verschieben</Text>
    </Row>
    <Row Tag="LOC_CQUI_CITYVIEW_PRODUCTIONQUEUE" Language="de_DE">
      <Text>Produktionsliste einschalten</Text>
    </Row>
    <Row Tag="LOC_CQUI_CITYVIEW_SHOWCULTUREGROWTH" Language="de_DE">
      <Text>Zeige Grenzausdehnungs-Overlay</Text>
    </Row>
    <Row Tag="LOC_CQUI_CITYVIEW_SHOWCULTUREGROWTH_TOOLTIP" Language="de_DE">
      <Text>Kann auch durch Anklicken des Grenzausdehnungssymbols in der Stadtansicht ein- und ausgeblendet werden.</Text>
    </Row>
    <Row Tag="LOC_CQUI_CITYVIEW_SHOWYIELDSONCITYHOVER" Language="de_DE">
      <Text>Zeige Stadtinfos beim Hovern</Text>
    </Row>
    <Row Tag="LOC_CQUI_CITYVIEW_SHOWYIELDSONCITYHOVER_TOOLTIP" Language="de_DE">
      <Text>Zeigt Stadt-Management Symbole, Erträge pro Feld und Grenzausdehnung, wenn die Maus über dem Stadtbanner steht.</Text>
    </Row>
    <Row Tag="LOC_CQUI_CITYVIEW_SHOWCITIZENICONSONHOVER" Language="de_DE">
      <Text>Zeige Bürger-Icons beim Hovern</Text>
    </Row>
    <Row Tag="LOC_CQUI_CITYVIEW_SHOWCITIZENICONSONHOVER_TOOLTIP" Language="de_DE">
      <Text>Zeigt Bürger-Icons, wenn die Maus über dem Stadtbanner steht.</Text>
    </Row>
    <Row Tag="LOC_CQUI_CITYVIEW_SHOWCITYMANAGEONHOVER" Language="de_DE">
      <Text>Zeige Stadtgebiet beim Hovern.</Text>
    </Row>
    <Row Tag="LOC_CQUI_CITYVIEW_SHOWCITYMANAGEONHOVER_TOOLTIP" Language="de_DE">
      <Text>Zeigt die Gebiete an denen Einwohner arbeiten, wenn die Maus über dem Stadtbanner steht.</Text>
    </Row>
    <Row Tag="LOC_CQUI_CITYVIEW_SMARTBANNER_HEADER" Language="de_DE">
      <Text>Smartbanner</Text>
    </Row>
    <Row Tag="LOC_CQUI_CITYVIEW_SMARTBANNER" Language="de_DE">
      <Text>Aktiviere Smartbanner</Text>
    </Row>
    <Row Tag="LOC_CQUI_CITYVIEW_SMARTBANNER_TOOLTIP" Language="de_DE">
      <Text>Zeigt zusätzliche Symbole und Informationen im Stadtbanner an.</Text>
    </Row>
    <Row Tag="LOC_CQUI_CITYVIEW_SMARTBANNER_UNLOCKEDCITIZEN_TOOLTIP" Language="de_DE">
      <Text>Zeigt ein [ICON_EXCLAMATION], sobald ein frei verfügbarer Bürger automatisch von der Stadtverwaltungs-KI zugewiesen wurde.</Text>
    </Row>
    <Row Tag="LOC_CQUI_CITYVIEW_SMARTBANNER_DISTRICTS_TOOLTIP" Language="de_DE">
      <Text>Zeigt die errichteten Bezirke als Symbole im Banner an.</Text>
    </Row>
    <Row Tag="LOC_CQUI_CITYVIEW_SMARTBANNER_POPULATION_TOOLTIP" Language="de_DE">
      <Text>Zeigt die Rundenzahl bis zum Bevölkerungswachstum und die Wohnraumbelegung an.</Text>
    </Row>
    <Row Tag="LOC_CQUI_CITYVIEW_SMARTBANNER_CULTURAL_TOOLTIP" Language="de_DE">
      <Text>Zeigt die Rundenzahl bis zur Grenzausdehnung an.</Text>
    </Row>
    <Row Tag="LOC_CQUI_CITYVIEW_SMARTBANNER_DISTRICTS_AVAILABLE" Language="de_DE">
      <Text>Verfügbare Bezirke</Text>
    </Row>
    <Row Tag="LOC_CQUI_CITYVIEW_SMARTBANNER_DISTRICTS_AVAILABLE_TOOLTIP" Language="de_DE">
      <Text>Zeigt ein Symbol an, wenn ein Bezirk in der Stadt errichtet werden kann.</Text>
    </Row>
    <Row Tag="LOC_CQUI_SHOW_SUZERAIN_IN_CITYSTATE_BANNER" Language="de_DE">
      <Text>Suzerän im Stadtstaat-Banner</Text>
    </Row>
    <Row Tag="LOC_CQUI_SHOW_SUZERAIN_IN_CITYSTATE_BANNER_TOOLTIP" Language="de_DE">
      <Text>Zeigt das Zivilisationssymbol oder Herrscherbild des Suzeräns im Banner des Stadtstaats an.</Text>
    </Row>
    <Row Tag="LOC_CQUI_SHOW_WAR_ICON_IN_CITYSTATE_BANNER" Language="de_DE">
      <Text>Kriegssymbol im Stadtstaat-Banner</Text>
    </Row>
    <Row Tag="LOC_CQUI_SHOW_WAR_ICON_IN_CITYSTATE_BANNER_TOOLTIP" Language="de_DE">
      <Text>Zeigt im Stadtstaat-Banner ein Kriegssymbol an, wenn Ihr Euch im Krieg mit dem Stadtstaat befindet.</Text>
    </Row>
    <Row Tag="LOC_CQUI_CITYVIEW_SMARTWORKICON" Language="de_DE">
      <Text>Smart Bürger-Icons</Text>
    </Row>
    <Row Tag="LOC_CQUI_CITYVIEW_SMARTWORKICON_TOOLTIP" Language="de_DE">
      <Text>Zeigt bearbeitete Bürger-Icons in spezieller Transparenz und Größe an.</Text>
    </Row>
    <Row Tag="LOC_CQUI_CITYVIEW_SMARTWORKICONALPHA" Language="de_DE">
      <Text>Transparenz der Smart Bürger-Icon </Text>
    </Row>
    <Row Tag="LOC_CQUI_CITYVIEW_SMARTWORKICONSIZE" Language="de_DE">
      <Text>Größe der Smart Bürger-Icon</Text>
    </Row>
    <Row Tag="LOC_CQUI_CITYVIEW_WORKICONS_HEADER" Language="de_DE">
      <Text>Bürger-Icons</Text>
    </Row>
    <Row Tag="LOC_CQUI_CITYVIEW_WORKICONALPHA" Language="de_DE">
      <Text>Transparenz des Bürger-Icon</Text>
    </Row>
    <Row Tag="LOC_CQUI_CITYVIEW_WORKICONSIZE" Language="de_DE">
      <Text>Größe des Bürger-Icon</Text>
    </Row>
    <Row Tag="LOC_CQUI_GENERAL" Language="de_DE">
      <Text>Allgemein</Text>
    </Row>
    <Row Tag="LOC_CQUI_GENERAL_HIDDEN" Language="de_DE">
      <Text>Versteckt</Text>
    </Row>
    <Row Tag="LOC_CQUI_GENERAL_MINIMAPSIZE" Language="de_DE">
      <Text>Größe der Minimap</Text>
    </Row>
    <Row Tag="LOC_CQUI_GENERAL_RESOURCEDIMMINGSTYLE" Language="de_DE">
      <Text>Symbolstil erschlossener Ressourcen</Text>
    </Row>
    <Row Tag="LOC_CQUI_GENERAL_RESOURCEDIMMINGSTYLE_TOOLTIP" Language="de_DE">
      <Text>Sichtbar: Zeigt immer alle Ressourcensymbole.[NEWLINE]Transparent: Erschlossene Ressourcensymbole sind transparent.[NEWLINE]Versteckt: Erschlossene Ressourcensymbole werden nicht angezeigt.</Text>
    </Row>
    <Row Tag="LOC_CQUI_GENERAL_SHOWLUXURY" Language="de_DE">
      <Text>Zeige Luxusgüter in der oberen Leiste.</Text>
    </Row>
    <Row Tag="LOC_CQUI_GENERAL_SOLID" Language="de_DE">
      <Text>Sichtbar</Text>
    </Row>
    <Row Tag="LOC_CQUI_GENERAL_TOGGLEYIELDSONLOAD" Language="de_DE">
      <Text>Erträge-Anzeige immer AN</Text>
    </Row>
    <Row Tag="LOC_CQUI_GENERAL_TRANSPARENT" Language="de_DE">
      <Text>Transparent</Text>
    </Row>
    <Row Tag="LOC_CQUI_GOSSIP" Language="de_DE">
      <Text>Nachrichten</Text>
    </Row>
    <Row Tag="LOC_CQUI_GOSSIP_TRIMMESSAGE" Language="de_DE">
      <Text>Nachrichten kürzen</Text>
    </Row>
    <Row Tag="LOC_CQUI_GOSSIP_TRIMMESSAGE_TOOLTIP" Language="de_DE">
      <Text>Kürzt die Nachrichten auf das Wesentliche und fügt Symbole hinzu.</Text>
    </Row>
    <Row Tag="LOC_CQUI_LENSES" Language="de_DE">
      <Text>Linsen</Text>
    </Row>
    <Row Tag="LOC_CQUI_LENSES_AUTOAPPLYARCHAEOLOGISTLENS" Language="de_DE">
      <Text>Automat. Archäologen-Linse</Text>
    </Row>
    <Row Tag="LOC_CQUI_LENSES_AUTOAPPLYARCHAEOLOGISTLENS_TOOLTIP" Language="de_DE">
      <Text>Archäologen-Linse automatisch anwenden, sobald ein Archäologe ausgewählt wurde.</Text>
    </Row>
    <Row Tag="LOC_CQUI_LENSES_AUTOAPPLYBUILDERLENS" Language="de_DE">
      <Text>Automat. Handwerker-Linse</Text>
    </Row>
    <Row Tag="LOC_CQUI_LENSES_AUTOAPPLYBUILDERLENS_TOOLTIP" Language="de_DE">
      <Text>Handwerker-Linse automatisch anwenden, sobald ein Archäologe ausgewählt wurde.</Text>
    </Row>
    <Row Tag="LOC_CQUI_LENSES_BUILDERDISABLENOTHING" Language="de_DE">
      <Text>Handwerker-Linse: Untätige Felder ausblenden</Text>
    </Row>
    <Row Tag="LOC_CQUI_LENSES_BUILDERDISABLENOTHING_TOOLTIP" Language="de_DE">
      <Text>Blendet Felder aus, auf denen es nichts zu tun gibt aus.[NEWLINE]Aktivieren, wenn das Anwenden der Linse länger dauert.</Text>
    </Row>
    <Row Tag="LOC_CQUI_LENSES_BUILDERDISABLEDANGEROUS" Language="de_DE">
      <Text>Handwerker-Linse: Untätige Felder ausblenden</Text>
    </Row>
    <Row Tag="LOC_CQUI_LENSES_BUILDERDISABLEDANGEROUS_TOOLTIP" Language="de_DE">
      <Text>Blendet Felder aus, die sich neben einem Feind befinden.[NEWLINE]Aktivieren, wenn das Anwenden der Linse länger dauert.</Text>
    </Row>
    <Row Tag="LOC_CQUI_LENSES_AUTOAPPLYSCOUTLENS" Language="de_DE">
      <Text>Automat. Späher-Linse</Text>
    </Row>
    <Row Tag="LOC_CQUI_LENSES_AUTOAPPLYSCOUTLENS_TOOLTIP" Language="de_DE">
      <Text>Späher-Linse automatisch anwenden, sobald eine Aufklärungseinheit ausgewählt wurde.</Text>
    </Row>
    <Row Tag="LOC_CQUI_LENSES_AUTOAPPLYSCOUTLENS_EXTRA" Language="de_DE">
      <Text>Automat. Späher-Linse (Extra)</Text>
    </Row>
    <Row Tag="LOC_CQUI_LENSES_AUTOAPPLYSCOUTLENS_EXTRA_TOOLTIP" Language="de_DE">
      <Text>Späher-Linse automatisch anwenden, sobald eine beliebige Militäreinheit ausgewählt wurde.</Text>
    </Row>
    <Row Tag="LOC_CQUI_LENSES_AUTOAPPLYENGINEERLENS" Language="de_DE">
      <Text>Automat. Ingenieur-Linse</Text>
    </Row>
    <Row Tag="LOC_CQUI_LENSES_AUTOAPPLYENGINEERLENS_TOOLTIP" Language="de_DE">
      <Text>Ingenieur-Linse automatisch anwenden, sobald ein Ingenieur ausgewählt wurde.</Text>
    </Row>
    
    <Row Tag="LOC_CQUI_POPUPS" Language="de_DE">
      <Text>Popups</Text>
    </Row>
    <Row Tag="LOC_CQUI_POPUPS_ALWAYSOPENTECHTREES" Language="de_DE">
      <Text>Zeige Forschungsbaum statt Popup</Text>
    </Row>
    <Row Tag="LOC_CQUI_POPUPS_TECHVISUAL" Language="de_DE">
      <Text>Popup-Anzeige bei Technol./Ausr.</Text>
    </Row>
    <Row Tag="LOC_CQUI_POPUPS_TECHVISUAL_TOOLTIP" Language="de_DE">
      <Text>Zeigt das Popup an, das erscheint, wenn eine neue Technologie oder Ausrichtung abgeschlossen wurde</Text>
    </Row>
    <Row Tag="LOC_CQUI_POPUPS_TECHAUDIO" Language="de_DE">
      <Text>Audio mit Technol./Ausr. Popup abspielen</Text>
    </Row>
    <Row Tag="LOC_CQUI_POPUPS_TECHAUDIO_TOOLTIP" Language="de_DE">
      <Text>Automatische Wiedergabe des Voiceovers, wenn das Technol./Ausr. Popup angezeigt wird</Text>
    </Row>
    <Row Tag="LOC_CQUI_POPUPS_WONDERBUILTVISUAL" Language="de_DE">
      <Text>Sequenz bei Wunder Popup</Text>
    </Row>
    <Row Tag="LOC_CQUI_POPUPS_WONDERBUILTVISUAL_TOOLTIP" Language="de_DE">
      <Text>Entscheidet, ob eine Videosequenz bei Errichtung eines Wunders gezeigt wird.</Text>
    </Row>
    <Row Tag="LOC_CQUI_POPUPS_WONDERBUILTAUDIO" Language="de_DE">
      <Text>Wunder-Audio</Text>
    </Row>
    <Row Tag="LOC_CQUI_POPUPS_WONDERBUILTAUDIO_TOOLTIP" Language="de_DE">
      <Text>Entscheidet, ob das Voiceover nach Errichtung eines Wunders gespielt wird. Diese Einstellung ist unabhängig von der Videoequenz und kann auch ohne sie abgespielt werden.</Text>
    </Row>
    <Row Tag="LOC_CQUI_SETTINGS_REMINDER" Language="de_DE">
      <Text>Merke: CQUI Einstellungen werden im individuellen Speicherstand gespeichert![NEWLINE]Wenn Ihr die Einstellungen dauerhaft ändern möchtet, dann befolgt bitte die Anweisungen [NEWLINE]in der Datei cqui_settings.sql im Verzeichnis [MOD INSTALL DIRECTORY]/CQUI/Assets.</Text>
    </Row>
    <Row Tag="LOC_CQUI_UNITS" Language="de_DE">
      <Text>Einheiten</Text>
    </Row>
    <Row Tag="LOC_CQUI_UNITS_SHOWUNITPATHS" Language="de_DE">
      <Text>Einheitenpfad bei Auswahl oder Hover</Text>
    </Row>
    <Row Tag="LOC_CQUI_UNITS_AUTOEXPANDUNITACTIONS" Language="de_DE">
      <Text>Immer alle Befehle im Einheiten-Panel</Text>
    </Row>
    <Row Tag="LOC_CQUI_GENERAL_SHOWPRD" Language="de_DE">
      <Text>Zeige Politik-Erinnerungs-Pop-Up</Text>
    </Row>
    <Row Tag="LOC_CQUI_GENERAL_SHOWPRD_TOOLTIP" Language="de_DE">
      <Text>Zeigt am Rundenende ein Popup, um an neu erhaltene Politik-Karten zu erinnern.</Text>
    </Row>
    <Row Tag="LOC_CQUI_TRADER_SCREEN" Language="de_DE">
      <Text>Händler-Bildschirm</Text>
    </Row>
    <Row Tag="LOC_CQUI_TRADER_SHOW_SORT_ORDER" Language="de_DE">
      <Text>Zeige Sortierung</Text>
    </Row>
    <Row Tag="LOC_CQUI_TRADER_SHOW_SORT_ORDER_TOOLTIP" Language="de_DE">
      <Text>Zeigt die Sortierung der verschiedenen Erträge in den Händler-Bildschirmen.</Text>
    </Row>
    <Row Tag="LOC_CQUI_TRADER_COLOR_YIELDS" Language="de_DE">
      <Text>Erträge einfärben</Text>
    </Row>
    <Row Tag="LOC_CQUI_TRADER_COLOR_YIELDS_TOOLTIP" Language="de_DE">
      <Text>Färbt die Werte der Erträge je nach Ertrags-Typ. Bsp.: Nahrungserträge werden grün dargestellt.</Text>
    </Row>
    <Row Tag="LOC_CQUI_TRADER_ADD_DIVIDER" Language="de_DE">
      <Text>Trenner zwischen Gruppen</Text>
    </Row>
    <Row Tag="LOC_CQUI_TRADER_ADD_DIVIDER_TOOLTIP" Language="de_DE">
      <Text>Es wird ein Trenner zwischen den Gruppen in der Handelsübersicht angezeigt.</Text>
    </Row>
    <Row Tag="LOC_CQUI_RECOMMENDATIONS_SCREEN" Language="de_DE">
      <Text>Ratschläge</Text>
    </Row>
    <Row Tag="LOC_CQUI_RECOMMENDATIONS_SHOWPRODUCTION" Language="de_DE">
      <Text>Zeige Ratschläge zu Produktionen</Text>
    </Row>
    <Row Tag="LOC_CQUI_RECOMMENDATIONS_SHOWTECH" Language="de_DE">
      <Text>Zeige Ratschläge zu Technol./Ausricht.</Text>
    </Row>
    <Row Tag="LOC_CQUI_RECOMMENDATIONS_SHOWIMPROVEMENTS" Language="de_DE">
      <Text>Zeige Ratschläge zu Felder-Verbesserungen</Text>
    </Row>
    <Row Tag="LOC_CQUI_RECOMMENDATIONS_SHOWCITYDETAILADVISOR" Language="de_DE">
      <Text>Zeige Stadt-Ratgeber</Text>
    </Row>
    <Row Tag="LOC_CQUI_CANCEL_COMMAND" Language="de_DE">
      <Text>Aktion aus der Einheiten-Aufgabenliste streichen</Text>
    </Row>
    <Row Tag="LOC_CQUI_REMOVE_HARVEST" Language="de_DE">
      <Text>Merkmal entfernen / Ressource ernten</Text>
    </Row>
    <Row Tag="LOC_CQUI_BUILD_FISHING" Language="de_DE">
      <Text>Fischerboote bauen</Text>
    </Row>
    <Row Tag="LOC_CQUI_BUILD_FORT" Language="de_DE">
      <Text>Fort bauen</Text>
    </Row>
    <Row Tag="LOC_CQUI_BUILD_CAMP" Language="de_DE">
      <Text>Jagdlager errichten</Text>
    </Row>
    <Row Tag="LOC_CQUI_BUILD_FARM" Language="de_DE">
      <Text>Bauernhof errichten</Text>
    </Row>
    <Row Tag="LOC_CQUI_BUILD_MILL" Language="de_DE">
      <Text>Sägewerk errichten</Text>
    </Row>
    <Row Tag="LOC_CQUI_BUILD_OIL" Language="de_DE">
      <Text>Ölquelle / Ölplattform errichten</Text>
    </Row>
    <Row Tag="LOC_CQUI_BUILD_PASTURE" Language="de_DE">
      <Text>Weide errichten</Text>
    </Row>
    <Row Tag="LOC_CQUI_BUILD_PLANTATION" Language="de_DE">
      <Text>Plantage errichten</Text>
    </Row>
    <Row Tag="LOC_CQUI_BUILD_QUARRY" Language="de_DE">
      <Text>Steinbruch errichten</Text>
    </Row>
    <Row Tag="LOC_CQUI_BUILD_RAILROAD" Language="de_DE">
      <Text>Eisenbahn errichten</Text>
    </Row>
    <Row Tag="LOC_CQUI_BUILD_MINE" Language="de_DE">
      <Text>Mine errichten</Text>
    </Row>
    <Row Tag="LOC_CQUI_NUKE" Language="de_DE">
      <Text>ABC-Angriff: Atombombe</Text>
    </Row>
    <Row Tag="LOC_CQUI_SHOW_SUZERAIN_DISABLED" Language="de_DE">
      <Text>Suzerän nicht anzeigen</Text>
    </Row>
    <Row Tag="LOC_CQUI_SHOW_SUZERAIN_CIV_ICON" Language="de_DE">
      <Text>Zeige Zivilisationssymbol</Text>
    </Row>
    <Row Tag="LOC_CQUI_SHOW_SUZERAIN_LEADER_ICON" Language="de_DE">
      <Text>Zeige Herrscherbild</Text>
    </Row>
   <Row Tag="LOC_CQUI_LABELS_ON_SUZERAIN_ICON" Language="de_DE">
        <Text>Zeige suzerän entsendete Gesandte</Text>
    </Row>
    <Row Tag="LOC_CQUI_LABELS_ON_SUZERAIN_ICON_TOOLTIP" Language="de_DE">
        <Text>Zeigt die Anzahl der Gesandten im Stadtstaat-Banner rechts über dem Suzerän an.[NEWLINE]Wenn Ihr der Suzerän seid, zeigt die Zahl die Anzahl der entsendeten Gesandte,[NEWLINE]wenn nicht, stehen Eure Gesandten links oben, die des Suzeräns rechts oben.</Text>
    </Row>
    <Row Tag="LOC_CQUI_THERMO_NUKE" Language="de_DE">
      <Text>ABC-Angriff: Thermonukleare Bombe</Text>
    </Row>
    <Row Tag="LOC_CQUI_REBASE" Language="de_DE">
      <Text>Versetzen</Text>
    </Row>
    <Row Tag="LOC_CQUI_PLACE_PIN" Language="de_DE">
      <Text>Landkartennadel setzen</Text>
    </Row>
    <Row Tag="LOC_CQUI_INLINE_CITY_STATE_QUEST" Language="de_DE">
      <Text>Zeige Stadtstaaten Quest in Übersicht</Text>
    </Row>
    <Row Tag="LOC_CQUI_INLINE_CITY_STATE_QUEST_FONT_SIZE" Language="de_DE">
      <Text>Schriftgröße der Quest-Anzeige:</Text>
    </Row>
    <Row Tag="LOC_CQUI_LENSES_RELIGIONLENSUNITFLAGSTYLE" Language="de_DE">
      <Text>Religionslinse: Stil der Einheiten-Fahne</Text>
    </Row>
    <Row Tag="LOC_CQUI_LENSES_RELIGIONLENSUNITFLAGSTYLE_TOOLTIP" Language="de_DE">
      <Text>Der Stil für Einheitsflaggen nicht-religiöser Einheiten, wenn die Religionslinse eingeschaltet ist[NEWLINE]Sichtbar: Einheitenflaggen bleiben unverändert,[NEWLINE]Transparent: Einheitenflaggen werden transparent[NEWLINE]Versteckt: Einheitenflaggen werden ausgeblendet</Text>
    </Row>
    <Row Tag="LOC_CQUI_SPREAD_RELIGION" Language="de_DE">
      <Text>Religion verbreiten</Text>
    </Row>
    <Row Tag="LOC_CQUI_REMOVE_HERESY" Language="de_DE">
      <Text>Ketzerei entfernen</Text>
    </Row>
    <Row Tag="LOC_CQUI_REST_HEAL" Language="de_DE">
      <Text>Bis zur Heilung verschanzen</Text>
    </Row>
    <Row Tag="LOC_CQUI_SETTINGS" Language="de_DE">
      <Text>CQUI EINSTELLUNGEN</Text>
    </Row>
    <Row Tag="LOC_CQUI_SETTINGS_MOVED" Language="de_DE">
      <Text>CQUI-Einstellungen befinden sich jetzt in den Optionen unter CQUI EINSTELLUNGEN</Text>
    </Row>

    <!-- More Lenses Color Slider Controls -->
    <Row Tag="LOC_CQUI_LENSES_RGB_COLOR_SETTINGS" Language="de_DE">
      <Text>RGB-Farbeinstellungen für benutzerdefinierte Objektive</Text>
    </Row>
    <Row Tag="LOC_CQUI_LENSES_RGB_COLOR_SETTINGS_RED" Language="de_DE">
      <Text>Rot</Text>
    </Row>
    <Row Tag="LOC_CQUI_LENSES_RGB_COLOR_SETTINGS_GREEN" Language="de_DE">
      <Text>Grün</Text>
    </Row>
    <Row Tag="LOC_CQUI_LENSES_RGB_COLOR_SETTINGS_BLUE" Language="de_DE">
      <Text>Blau</Text>
    </Row>
    <Row Tag="LOC_CQUI_LENSES_RGB_COLOR_SETTINGS_EDITBOX_TOOLTIP" Language="de_DE">
      <Text>Geben Sie einen Wert zwischen 0 und 255 ein.</Text>
    </Row>
        
    
    
  </LocalizedText>
</GameData>
