<?xml version="1.0" encoding="utf-8"?>
<GameData>
	<LocalizedText>
    <!-- oerms: This file extends the vanilla InGameText.xml -->
    <!-- Extended variables for world ranking from 20 to 30 players -->
		<Row Tag="LOC_WORLD_RANKINGS_21_PLACE" Language="ru_RU">
			<Text>двадцать первый</Text>
		</Row>
    <Row Tag="LOC_WORLD_RANKINGS_22_PLACE" Language="ru_RU">
			<Text>двадцать второй</Text>
		</Row>
    <Row Tag="LOC_WORLD_RANKINGS_23_PLACE" Language="ru_RU">
			<Text>двадцать третий</Text>
		</Row>
    <Row Tag="LOC_WORLD_RANKINGS_24_PLACE" Language="ru_RU">
			<Text>двадцать четвёртый</Text>
		</Row>
    <Row Tag="LOC_WORLD_RANKINGS_25_PLACE" Language="ru_RU">
			<Text>двадцать пятый</Text>
		</Row>
    <Row Tag="LOC_WORLD_RANKINGS_26_PLACE" Language="ru_RU">
			<Text>двадцать шестой</Text>
		</Row>
    <Row Tag="LOC_WORLD_RANKINGS_27_PLACE" Language="ru_RU">
			<Text>двадцать седьмой</Text>
		</Row>
    <Row Tag="LOC_WORLD_RANKINGS_28_PLACE" Language="ru_RU">
			<Text>двадцать восьмой</Text>
		</Row>
    <Row Tag="LOC_WORLD_RANKINGS_29_PLACE" Language="ru_RU">
			<Text>двадцать девятый</Text>
		</Row>
    <Row Tag="LOC_WORLD_RANKINGS_30_PLACE" Language="ru_RU">
			<Text>тридцатый</Text>
		</Row>
 	</LocalizedText>
</GameData>
