<?xml version="1.0" encoding="utf-8"?>
<GameData>
  <LocalizedText>
    <!-- RUSSIAN -->
    <Row Tag="LOC_CQUI_NAME" Language="ru_RU">
      <Text>Настройки интерфейса CQUI</Text>
    </Row>

    <!-- MESSAGES -->
    <Row Tag="LOC_CQUI_CIVIC_MESSAGE_S" Language="ru_RU">
      <Text>Текущий соц. институт, </Text>
    </Row>
    <Row Tag="LOC_CQUI_TECH_MESSAGE_S" Language="ru_RU">
      <Text>Текущее исследование, </Text>
    </Row>
    <Row Tag="LOC_CQUI_HALF_MESSAGE_E" Language="ru_RU">
      <Text>, ещё один ход до максимального потенциала вдохновения.</Text>
    </Row>
    <Row Tag="LOC_CQUI_FINISH_MESSAGE_E" Language="ru_RU">
      <Text>, завершена.</Text>
    </Row>

    <!-- CITY PANEL -->
    <Row Tag="LOC_CQUI_CITY_ENTERTAINMENT" Language="ru_RU">
      <Text>Развлечения</Text>
    </Row>
    <Row Tag="LOC_HUD_CITY_FROM_POPULATION" Language="ru_RU">
      <Text>от населения</Text>
    </Row>
    <Row Tag="LOC_HUD_CITY_RELIGIOUS_MINORITIES" Language="ru_RU">
      <Text>Религиозные меньшинства</Text>
    </Row>
    <Row Tag="LOC_HUD_CITY_PILLAGED" Language="ru_RU">
      <Text>[COLOR:StatBadCS](Разграблено)[ENDCOLOR]</Text>
    </Row>

    <!-- CITY VIEW -->
    <Row Tag="LOC_HUD_CITY_NEXT_PLOT" Language="ru_RU">
      <Text>Город расширится до этой клетки при следующем росте культурных границ</Text>
    </Row>

    <!-- POPUPS -->
    <Row Tag="LOC_CQUI_GREAT_PERSON_PROGRESS" Language="ru_RU">
      <Text>Прогресс:</Text>
    </Row>

    <!-- ActionPanel -->
    <Row Tag="LOC_CQUI_ACTION_PANEL_ENCAMPMENT_RANGED_ATTACK" Language="ru_RU">
      <Text>Дальнобойная атака военного лагеря</Text>
    </Row>
    <Row Tag="LOC_CQUI_ACTION_PANEL_ENCAMPMENT_RANGED_ATTACK_TOOLTIP" Language="ru_RU">
      <Text>Военный лагерь может провести дальнобойную атаку</Text>
    </Row>

    <!-- Policyreminderpopup -->
    <Row Tag="LOC_POLICY_REMINDER_TITLE" Language="ru_RU">
		  <Text>НАПОМИНАНИЕ О ПОЛИТИКЕ</Text>
    </Row>
    <Row Tag="LOC_POLICY_REMINDER_TEXT" Language="ru_RU">
      <Text>Разблокированы новые карты политических курсов.</Text>
    </Row>
    <Row Tag="LOC_POLICY_REMINDER_ACTION_BUTTON" Language="ru_RU">
      <Text>ИЗМЕНЕНИЕ ПОЛИТИКИ</Text>
    </Row>
    <Row Tag="LOC_POLICY_REMINDER_ACTION_BUTTON_TOOLTIP" Language="ru_RU">
      <Text>Вы можете изменить свою политику на этом ходу.</Text>
    </Row>

    <!-- Diplomacy View -->
    <Row Tag="LOC_CQUI_DIPLOMACY_VIEW_TOTAL_SCORE_PER_TURN_TEXT" Language="ru_RU">
      <Text>Итого</Text>
    </Row>

    <!-- Smartbanner unlocked citizen -->
    <Row Tag="LOC_CQUI_SMARTBANNER_UNLOCKEDCITIZEN_TOOLTIP" Language="ru_RU">
      <Text>Есть разблокированные граждане, которые автоматически назначаются ИИ губернатором города.</Text>
    </Row>

    <!-- #62 Infixo original owner tooltip -->
    <Row Tag="LOC_CQUI_CITY_BANNER_ORIGINAL_CAPITAL_TT" Language="ru_RU">
        <Text>[NEWLINE][ICON_Bullet]Первоначальная столица {1_OriginalOwner}</Text>
    </Row>
    <Row Tag="LOC_CQUI_CITY_BANNER_ORIGINAL_CITY_TT" Language="ru_RU">
        <Text>[NEWLINE][ICON_Bullet]Первоначальный город {1_OriginalOwner}</Text>
    </Row>

    <!-- #75 Infixo tourism info in the plot tooltip -->
    <Row Tag="LOC_CQUI_TOOLTIP_PLOT_IMPROVE_RESOURCE" Language="ru_RU">
        <Text>[COLOR:Civ6Red]Улучшите или почините клетку чтобы получить ресурс[ENDCOLOR]</Text>
    </Row>

    <!-- #177 Infixo goody hut rewards -->
    <Row Tag="LOC_GOODYHUT_CIVIC_BOOST_DESCRIPTION" Language="ru_RU">
        <Text>[ICON_CivicBoosted] Момент вдохновения для {1_Num} {1_Num: plural 1?случайного соц. института; other?случайных соц. институтов;}</Text>
    </Row>
    <Row Tag="LOC_GOODYHUT_TECH_BOOST_DESCRIPTION" Language="ru_RU">
        <Text>[ICON_TechBoosted] Момент озарения для {1_Num} {1_Num: plural 1?случайной технологии; other?случайных технологий;}</Text>
    </Row>
    <Row Tag="LOC_GOODYHUT_STRATEGIC_RESOURCES_DESCRIPTION" Language="ru_RU">
        <Text>+{1_Num} самые передовые стратегические ресурсы</Text>
    </Row>

  </LocalizedText>
</GameData>
