<?xml version="1.0" encoding="utf-8"?>
<GameData>
	<LocalizedText>
    <!-- oerms: This file extends the vanilla InGameText.xml -->
    <!-- Extended variables for world ranking from 20 to 30 players -->
		<Row Tag="LOC_WORLD_RANKINGS_21_PLACE" Language="de_DE">
			<Text>21.</Text>
		</Row>
    <Row Tag="LOC_WORLD_RANKINGS_22_PLACE" Language="de_DE">
			<Text>22.</Text>
		</Row>
    <Row Tag="LOC_WORLD_RANKINGS_23_PLACE" Language="de_DE">
			<Text>23.</Text>
		</Row>
    <Row Tag="LOC_WORLD_RANKINGS_24_PLACE" Language="de_DE">
			<Text>24.</Text>
		</Row>
    <Row Tag="LOC_WORLD_RANKINGS_25_PLACE" Language="de_DE">
			<Text>25.</Text>
		</Row>
    <Row Tag="LOC_WORLD_RANKINGS_26_PLACE" Language="de_DE">
			<Text>26.</Text>
		</Row>
    <Row Tag="LOC_WORLD_RANKINGS_27_PLACE" Language="de_DE">
			<Text>27.</Text>
		</Row>
    <Row Tag="LOC_WORLD_RANKINGS_28_PLACE" Language="de_DE">
			<Text>28.</Text>
		</Row>
    <Row Tag="LOC_WORLD_RANKINGS_29_PLACE" Language="de_DE">
			<Text>29.</Text>
		</Row>
    <Row Tag="LOC_WORLD_RANKINGS_30_PLACE" Language="de_DE">
			<Text>30.</Text>
		</Row>
 	</LocalizedText>
</GameData>
