<?xml version="1.0" encoding="utf-8"?>
<GameData>
    <LocalizedText>
        <Replace Tag="LOC_IDS_DEAL_TERMS" Language="it_IT">
            <Text>Termini dell'accordo</Text>
        </Replace>
        <Replace Tag="LOC_IDS_DEAL_TRADE" Language="it_IT">
            <Text>[COLOR_Red]Commercia[ENDCOLOR] con</Text>
        </Replace>
        <Replace Tag="LOC_IDS_DEAL_SUZERAIN" Language="it_IT">
            <Text>[COLOR_Civ6Blue]Sovrano[ENDCOLOR] di</Text>
        </Replace>
        <Replace Tag="LOC_IDS_DEAL_UNTRADEABLE" Language="it_IT">
            <Text>Non trattabile</Text>
        </Replace>
        <Replace Tag="LOC_IDS_DEAL_DUPLICATE" Language="it_IT">
            <Text>Duplicato</Text>
        </Replace>
    </LocalizedText>
</GameData>
