<?xml version="1.0" encoding="utf-8"?>
<GameData>
  <LocalizedText>
    <!-- POLISH -->
    <Replace Tag="LOC_CQUI_NAME" Language="pl_PL">
      <Text>CQUI</Text>
    </Replace>

	<!-- IDS -->
	<Replace Tag="LOC_IDS_DEAL_TERMS" Language="pl_PL">
      <Text>Warunki umowy</Text>
    </Replace>
	
    <!-- MESSAGES -->
    <Replace Tag="LOC_CQUI_CIVIC_MESSAGE_S" Language="pl_PL">
      <Text>Obecny kodeks prawny, </Text>
    </Replace>
    <Replace Tag="LOC_CQUI_TECH_MESSAGE_S" Language="pl_PL">
      <Text>Obecne badanie, </Text>
    </Replace>
    <Replace Tag="LOC_CQUI_HALF_MESSAGE_E" Language="pl_PL">
      <Text>, jest jedną turę od osiągnięcia maksymalnego potencjału Inspiracji.</Text>
    </Replace>
    <Replace Tag="LOC_CQUI_FINISH_MESSAGE_E" Language="pl_PL">
      <Text>, zakończono.</Text>
    </Replace>

    <!-- CITY PANEL AMENITY -->
    <Replace Tag="LOC_CQUI_CITY_ENTERTAINMENT" Language="pl_PL">
      <Text>Rozrywka</Text>
    </Replace>

    <!-- POPUPS -->
    <Row Tag="LOC_CQUI_GREAT_PERSON_PROGRESS" Language="pl_PL">
      <Text>Postęp:</Text>
    </Row>

  </LocalizedText>
</GameData>
