﻿<?xml version="1.0" encoding="utf-8"?>
<!-- edited with XMLSPY v2004 rel. 2 U (http://www.xmlspy.com) by Ed Beach (Firaxis Games) -->
<!-- Text modifications by FinalFreak16 -->
<GameData>
	<LocalizedText>
			
		<!-- Expansion 1 Policies -->		
		<Replace Tag="LOC_POLICY_MONASTICISM_DESCRIPTION" Language="en_US">
			<Text>[ICON_Science]+75% Science in cities with a Holy Site.[COLOR_RED] -25% [ICON_Culture] Culture in all cities.[ENDCOLOR]</Text>
		</Replace>
		<Replace Tag="LOC_POLICY_TWILIGHT_VALOR_DESCRIPTION" Language="en_US">
			<Text>All units +5 [ICON_Strength] Combat Strength for all melee attack units.[COLOR_RED] Cannot heal outside your territory.[ENDCOLOR]</Text>
		</Replace>
		<Replace Tag="LOC_POLICY_INQUISITION_DESCRIPTION" Language="en_US">
			<Text>Start Inquisition with 1 Apostle charge. All Religious units are +15 [ICON_Religion] Religious Combat Strength in friendly territory.[COLOR_RED] -25% [ICON_Science] Science in all cities.[ENDCOLOR]</Text>
		</Replace>
		<Replace Tag="LOC_POLICY_ISOLATIONISM_DESCRIPTION" Language="en_US">
			<Text>Domestic routes provide +2 [ICON_Food] Food, +2 [ICON_Production] Production.[COLOR_RED] Can't train or buy Settlers nor settle new cities.[ENDCOLOR]</Text>
		</Replace>
		<Replace Tag="LOC_POLICY_LETTERS_OF_MARQUE_DESCRIPTION" Language="en_US">
			<Text>Naval Raiders: +100% Production, +2 [ICON_Movement] Movement. Yields doubled from plundering Trade Routes.[COLOR_RED] [ICON_TradeRoute] Trade Route yields -50%.[ENDCOLOR]</Text>
		</Replace>
		<Replace Tag="LOC_POLICY_ROBBER_BARONS_DESCRIPTION" Language="en_US">
			<Text>+50% [ICON_Gold] Gold in cities with a Stock Exchange. +25% [ICON_Production] Production in cities with a Factory.[COLOR_RED] -2 [ICON_Amenities] Amenities in all cities.[ENDCOLOR]</Text>
		</Replace>
		<Replace Tag="LOC_POLICY_ELITE_FORCES_DESCRIPTION" Language="en_US">
			<Text>+100% combat experience for all units.[COLOR_RED] +2 [ICON_Gold] Gold to maintain each combat and spy unit.[ENDCOLOR]</Text>
		</Replace>
		<Replace Tag="LOC_POLICY_COLLECTIVISM_DESCRIPTION" Language="en_US">
			<Text>Farms +1 [ICON_Food] Food. All cities +2 [ICON_Housing] Housing. +100% Industrial Zone adjacency bonuses.[COLOR_RED] [ICON_GreatPerson] Great People Points earned 50% slower.[ENDCOLOR]</Text>
		</Replace>
		<Replace Tag="LOC_POLICY_ROGUE_STATE_DESCRIPTION" Language="en_US">
			<Text>+50% [ICON_Production] Production to nuclear program projects and WMDs.[COLOR_RED] Earn no influence toward new [ICON_Envoy] Envoys.[ENDCOLOR]</Text>
		</Replace>
		<Replace Tag="LOC_GOVT_INHERENT_BONUS_THEOCRACY_XP1" Language="en_US">
			<Text>+5 [ICON_Religion] Religious Strength in Theological Combat. +.5 [ICON_Faith] Faith per [ICON_Citizen] Citizen in cities with [ICON_Governor] Governors.</Text>
		</Replace>
				
	</LocalizedText>
</GameData>
