﻿<?xml version="1.0" encoding="utf-8"?>
<Context FontStyle="Stroke">

    <Container ID="LaunchContainer" Offset="-65,-5" ConsumeMouseOver="1">
        <Grid ID="LaunchBarDropShadow" Offset="0,35" Size="310,60" Texture="Controls_Glow2" SliceCorner="25,25" SliceTextureSize="50,50" Color="0,0,0,200"/>
        <Image ID="LaunchBackingTile" Offset="65,34" Size="200,41" Texture="LaunchBar_Backing_Tile" StretchMode="Tile"/>
        <Grid ID="LaunchBacking" Size="350,77" Texture="LaunchBar_BackingLeft_Backing" SliceCorner="114,32" SliceSize="1,1" SliceTextureSize="226,77"/>

        <!-- ==== BEGIN CQUI CUSTOMIZATION  ==================================================================================== -->
        <!-- CQUI: Add additional Stack layer here, to handle the Toggle Show/Hide button below -->
        <Stack StackGrowth="Right">
            <!-- ==== END CQUI CUSTOMIZATION ==================================================================================== -->

            <Stack ID="ButtonStack" Offset="63,32" Padding="-2" StackGrowth="Right">
                <Image Anchor="L,C" Offset="0,-2" Size="7,7" Texture="LaunchBar_TrackPip" Color="255,255,255,200"/>

                <Button ID="ScienceButton" Anchor="L,C" Offset="0,2" Size="51,51" Texture="LaunchBar_Hook_ScienceButton" Style="ButtonNormalText" TextureOffset="4,9" StateOffsetIncrement="0,60" ToolTip="LOC_HUD_TECHTREE_TOOLTIP">
                    <Image ID="ResearchIcon" Anchor="C,T" Offset="0,4" Size="38,38" Texture="LaunchBar_Hook_TechTree"/>
                    <Image ID="ScienceHookWithMeter" Anchor="C,C" Offset="0,-5" Size="57,57" Hidden="1" Texture="LaunchBar_Hook_ScienceMeter_Backing.dds">
                        <Meter ID="ScienceMeter" Anchor="C,C" Size="57,57" Percent="0" Speed="1.0" Follow="1" Texture="LaunchBar_Hook_ScienceMeter_Fill.dds"/>
                    </Image>
                </Button>
                <Image ID="ScienceBolt" Anchor="L,C" Offset="0,-2" Size="7,7" Texture="LaunchBar_TrackPip" Color="255,255,255,200"/>

                <Button ID="CultureButton" Anchor="L,C" Offset="0,2" Size="51,51" Texture="LaunchBar_Hook_CultureButton" Style="ButtonNormalText" TextureOffset="4,9" StateOffsetIncrement="0,60" ToolTip="LOC_HUD_CIVICSTREE_TOOLTIP">
                    <Image ID="CultureIcon" Anchor="C,T" Offset="0,4" Size="38,38" Texture="LaunchBar_Hook_CivicsTree"/>
                    <Image ID="CultureHookWithMeter" Anchor="C,C" Offset="0,-5" Size="57,57" Hidden="1" Texture="LaunchBar_Hook_CultureMeter_Backing.dds">
                        <Meter ID="CultureMeter" Anchor="C,C" Size="57,57" Percent="0" Speed="1.0" Follow="1" Texture="LaunchBar_Hook_CultureMeter_Fill.dds"/>
                    </Image>
                </Button>
                <Image ID="CultureBolt" Anchor="L,C" Offset="0,-2" Size="7,7" Texture="LaunchBar_TrackPip" Color="255,255,255,200" />

                <Button ID="GovernmentButton" Anchor="L,C" Size="49,49" Texture="LaunchBar_Hook_GovernmentButton" Style="ButtonNormalText" TextureOffset="0,2" StateOffsetIncrement="0,49" ToolTip="Governments">
                    <Image ID="GovernmentIcon" Texture="LaunchBar_Hook_Government" Size="35,35" Anchor="C,T" Offset="0,3"/>
                    <Label ID="PoliciesAvailableIndicator" String="[ICON_New]" Anchor="R,T" AnchorSide="O,O" Offset="-18,-18" Hidden="1"/>
                </Button>
                <Image ID="GovernmentBolt" Anchor="L,C" Offset="0,-2" Size="7,7" Texture="LaunchBar_TrackPip" Color="255,255,255,200" />

                <Button ID="ReligionButton" Anchor="L,C" Size="49,49" Texture="LaunchBar_Hook_ReligionButton" Style="ButtonNormalText" TextureOffset="0,2" StateOffsetIncrement="0,49" ToolTip="LOC_HUD_RELIGION_TOOLTIP">
                    <Image Texture="LaunchBar_Hook_Religion" Size="35,35" Anchor="C,T" Offset="0,6"/>
                </Button>
                <Image ID="ReligionBolt" Anchor="L,C" Offset="0,-2" Size="7,7" Texture="LaunchBar_TrackPip" Color="255,255,255,200" />

                <Button ID="GreatPeopleButton" Anchor="L,C" Size="49,49" Texture="LaunchBar_Hook_GreatPeopleButton" Style="ButtonNormalText" TextureOffset="0,2" StateOffsetIncrement="0,49" ToolTip="LOC_HUD_GREATPEOPLE_TOOLTIP">
                    <Image Texture="LaunchBar_Hook_GreatPeople" Size="35,35" Anchor="C,T" Offset="-1,6"/>
                </Button>
                <Image ID="GreatPeopleBolt" Anchor="L,C" Offset="0,-2" Size="7,7" Texture="LaunchBar_TrackPip" Color="255,255,255,200" />

                <Button ID="GreatWorksButton" Anchor="L,C" Size="49,49" Texture="LaunchBar_Hook_GreatWorksButton" Style="ButtonNormalText" TextureOffset="0,2" StateOffsetIncrement="0,49" ToolTip="LOC_HUD_GREATWORKS_TOOLTIP">
                    <Image Texture="LaunchBar_Hook_GreatWorks" Size="35,35" Anchor="C,T" Offset="0,4"/>
                </Button>
                <Image ID="GreatWorksBolt" Anchor="L,C" Offset="0,-2" Size="7,7" Texture="LaunchBar_TrackPip" Color="255,255,255,200" />
                <!-- ==== BEGIN CQUI CUSTOMIZATION  ==================================================================================== -->
                <!-- CQUI: Added additional Stack layer, for LaunchExtra items below -->
            </Stack>

            <!-- Toggle Show/Hide Button -->
            <CheckBox ID="LaunchExtraShow" Offset="-4,28" Anchor="R,T" ButtonSize="35,35" ButtonTexture="Controls_RadioButtonLarge" CheckTexture="Controls_RadioButtonLarge" CheckSize="35,35" CheckTextureOffset="0,35" ToolTip="LOC_GAMESUMMARY_CATEGORY_EXTRA"/>
        </Stack>

        <Container ID="LaunchExtraContainer" Anchor="L,T" Offset="361,75">
            <!-- Control Box -->
            <AlphaAnim ID="LaunchExtraAlpha" AlphaBegin="0" AlphaEnd="1" Speed="3" Cycle="Once" Function="OutQuint">
                <SlideAnim ID="LaunchExtraSlide" Start="0,-10" EndOffset="0,10" Function="OutQuint" Speed="1.5" Cycle="Once">

                    <Container ID="LaunchExtraControls" Size="170,200" Offset="1,3" Anchor="L,T" Offset="1,0" ConsumeAllMouse="0" ConsumeMouseOver="1" ConsumeMouseButton="1" Hidden="1">
                        <Stack StackGrowth="Down" StackPadding="0">
                            <!-- Controls -->
                            <Box ID="LaunchExtraWrapper" Color="40,35,25,230" Size="parent,0" Offset="0,0" AutoSize="Vertical" AutoSizePadding="0,2">
                                <Stack ID="LaunchExtraStack" StackGrowth="Down" StackPadding="-2" Offset="0,3">
                                    <!-- Entries goes here -->
                                </Stack>
                            </Box>

                            <!-- Bottom Divier -->
                            <Box Color="143,122,82,200" Offset="-1,-3" Anchor="L,B" Size="parent,3">
                                <Box Color="0,0,0,200" Offset="-2,-1" Anchor="L,B" Size="parent+3,1" AnchorSide="I,O"/>
                            </Box>
                        </Stack>
                    </Container>
                </SlideAnim>
            </AlphaAnim>
        </Container>
        <!-- ==== END CQUI CUSTOMIZATION  ==================================================================================== -->

        <Tutorial ID="TutOpenGovernment" Style="TutorialContainer" Anchor="L,B" AnchorSide="O,O" Offset="-220, 120" TriggerBy="TutorialOpenGovernment">
            <Grid Style="TutorialCalloutGrid">
                <Label Style="TutorialHeaderText" String="LOC_META_93b_HEAD"/>
                <Label Style="TutorialBodyText" String="LOC_META_93b_BODY"/>
            </Grid>
            <SlideAnim Anchor="C,T" Start="0,-30" EndOffset="0,10" Cycle="Bounce" Function="OutQuad">
                <Image Texture="Tutorial_ArrowV" Offset="-42,-15" Size="44,58" FlipY="true"/>
            </SlideAnim>
        </Tutorial>

        <Tutorial ID="TutOpenCivics" Style="TutorialContainer" Anchor="L,B" AnchorSide="O,O" Offset="-220, 120" TriggerBy="TutorialOpenCivicsTree">
            <Grid Style="TutorialCalloutGrid">
                <Label Style="TutorialHeaderText" String="LOC_META_99b_HEAD"/>
                <Label Style="TutorialBodyText" String="LOC_META_99b_BODY"/>
            </Grid>
            <SlideAnim Anchor="C,T" Start="0,-30" EndOffset="0,10" Cycle="Bounce" Function="OutQuad">
                <Image Texture="Tutorial_ArrowV" Offset="-95,-15" Size="44,58" FlipY="true"/>
            </SlideAnim>
        </Tutorial>

        <Tutorial ID="TutOpenReligion" Style="TutorialContainer" Anchor="L,B" AnchorSide="O,O" Offset="-220, 120" TriggerBy="TutorialOpenReligionScreen">
            <Grid Style="TutorialCalloutGrid">
                <Label Style="TutorialHeaderText" String="LOC_META_129b_HEAD"/>
                <Label Style="TutorialBodyText" String="LOC_META_129b_BODY"/>
            </Grid>
            <SlideAnim Anchor="C,T" Start="0,-30" EndOffset="0,10" Cycle="Bounce" Function="OutQuad">
                <Image Texture="Tutorial_ArrowV" Offset="10,-15" Size="44,58" FlipY="true"/>
            </SlideAnim>
        </Tutorial>

        <Tutorial ID="TutOpenTechs" Style="TutorialContainer" Anchor="L,B" AnchorSide="O,O" Offset="-220, 120" TriggerBy="TutorialOpenTechTree">
            <Grid Style="TutorialCalloutGrid">
                <Label Style="TutorialHeaderText" String="LOC_META_46a_HEAD"/>
                <Label Style="TutorialBodyText" String="LOC_META_46a_BODY"/>
            </Grid>
            <SlideAnim Anchor="C,T" Start="0,-30" EndOffset="0,10" Cycle="Bounce" Function="OutQuad">
                <Image Texture="Tutorial_ArrowV" Offset="-148,-15" Size="44,58" FlipY="true"/>
            </SlideAnim>
        </Tutorial>

        <Tutorial ID="TutOpenGP" Style="TutorialContainer" Anchor="L,B" AnchorSide="O,O" Offset="-374, 120" TriggerBy="TutorialOpenGP">
            <Grid Style="TutorialCalloutGrid">
                <Label Style="TutorialHeaderText" String="LOC_META_136b_HEAD"/>
                <Label Style="TutorialBodyText" String="LOC_META_136b_BODY"/>
            </Grid>
            <SlideAnim Anchor="C,T" Start="0,-30" EndOffset="0,10" Cycle="Bounce" Function="OutQuad">
                <Image Texture="Tutorial_ArrowV" Offset="-92,-15" Size="44,58" FlipY="true"/>
            </SlideAnim>
        </Tutorial>

    </Container>


    <!-- INSTANCES -->

    <Instance Name="LaunchBarItem">
        <Button ID="LaunchItemButton" Anchor="L,C" Size="49,49" Texture="LaunchBar_Hook_GovernmentButton" Style="ButtonNormalText" StateOffsetIncrement="0,49">
            <Image ID="LaunchItemIcon" Size="35,35" Anchor="C,C" Offset="0,0"/>
            <Label ID="AlertIndicator" String="[ICON_New]" Anchor="R,T" AnchorSide="O,O" Offset="-18,-18" Hidden="1"/>
        </Button>
    </Instance>

    <Instance Name="LaunchBarPinInstance">
        <Image ID="Pin" Anchor="L,C" Offset="0,-2" Size="7,7" Texture="LaunchBar_TrackPip" Color="255,255,255,200" />
    </Instance>
    <!-- ==== BEGIN CQUI CUSTOMIZATION  ==================================================================================== -->
    <Instance Name="LaunchExtraEntry">
        <GridButton ID="Button" Style="ButtonControlBrown" Size="parent,24"/>
    </Instance>

    <Instance Name="LaunchbarButtonInstance">
        <Stack StackGrowth="Right" StackPadding="-2">
            <Button ID="Button" Anchor="L,C" Offset="0,-1" Size="49,49" Style="ButtonNormalText">
                <Image ID="Base" Size="49,49" Anchor="C,C" Offset="0,-1" Color="255,255,255,250"/>
                <Image ID="Image" Size="38,38" Anchor="C,C" Offset="0,0" Color="255,255,255,200"/>
            </Button>
            <Image ID="Dolt" Anchor="L,C" Offset="0,-2" Size="7,7" Texture="LaunchBar_TrackPip" Color="255,255,255,200"/>
        </Stack>
    </Instance>
    <!-- ==== END CQUI CUSTOMIZATION ==================================================================================== -->
</Context>
