<?xml version="1.0" encoding="utf-8"?>

<Context Name="StatusMessagePanel">

    <!-- This is the Updated Firaxis message panels -->
    <!-- Creates a subtree of widgets, auto size and offsets should work, but the offset is relative to the screen and not the parent position -->
    <!--WidgetControl ID="NovaGossipPanel" File="NovaGossipPanel.json" Offset="0,0" Size="parent,parent" Hidden="0"/-->

    <!-- CQUI Adjust the width and font size of the status messages. -->
    <!-- This could be made configurable if CQUI made changes to StatusMessagePanel.lua, however the commented NovaGossipPanel -->
    <!-- stuff makes it look like that Firaxis has some immediate changes in store for their StatusMessagePanel.lua -->
    <Container ID="MainArea" Anchor="R,T" Offset="100,240" Size="810,10">
        <Stack ID="DefaultStack" Anchor="L,T" Offset="0,-5" StackPadding="-16" />
        <Stack ID="GossipStack" Anchor="R,T" StackPadding="6" />
    </Container>

    <Instance Name="StatusMessageInstance">
        <Container ID="Root" Anchor="C,T" Size="400,auto" ConsumeMouse="1">
            <AlphaAnim ID="Anim" Anchor="C,T" Size="parent,auto" AlphaBegin="0" AlphaEnd="1" Speed="3" Cycle="OneBounce" EndPause="10">
                <GridButton ID="Button" Anchor="C,T" Size="parent+10,auto" Style="EnhancedToolTip" MinSize="54,54" Color="255,255,255,255" InnerPadding="10,28">
                    <!-- CQUI: changed to slightly larger font (using same font as Gossip) -->
                    <Label ID="Message" Anchor="C,C" Style="FontNormal14" Offset="0,-2" WrapWidth="parent-20" />
                </GridButton>
            </AlphaAnim>
        </Container>
    </Instance>

    <Instance Name="GossipMessageInstance">
        <Container ID="Root" Anchor="C,T" Size="auto,auto" ConsumeMouse="1">
            <AlphaAnim ID="Anim" Anchor="C,T" Size="auto,auto" AlphaBegin="0" AlphaEnd="1" Speed="3" Cycle="OneBounce" EndPause="1">

                <Container ID="Content" Anchor="C,C" Size="400,52" MinSize="400,52" Texture="Controls_GossipContainer" SliceTextureSize="32,32" SliceCorner="16,16">
                    <Image Anchor="L,T" Size="parent,parent" Texture="Parchment_Pattern" StretchMode="Tile" />
                    <GridButton ID="Button" Anchor="L,T" Offset="-25,-25" Size="parent+50,parent+50" InnerPadding="0,0" Texture="Controls_GoldBox" SliceTextureSize="64,64" SliceCorner="30,30" SliceSize="4,4" />
                    <Grid Anchor="L,T" Offset="4,4" Size="parent-8,parent-8" Padding="0,8" Texture="Controls_GossipContainer" SliceTextureSize="32,32" SliceCorner="16,16" Color="74,67,60,150">
                        <Stack Anchor="L,C" Offset="10,0" StackGrowth="Right" StackPadding="4">
                            <Image ID="IconBack" Anchor="L,C" Size="38,38" Icon="ICON_NOTIFICATION_DECLARE_WAR" Color="0,0,0,200" StretchMode="Uniform">
                                <Image ID="Icon" Anchor="L,C" Offset="3,-1" Size="32,32" Icon="ICON_NOTIFICATION_DECLARE_WAR" />
                            </Image>
                            <Label ID="Message" Anchor="L,C" MinSize="305,14" WrapWidth="305" ColorSet="ParchmentBrown" Style="FontNormal14"/>
                            <Button ID="ExpandButton" Size="20,16" Color="30,30,30,255" Texture="Controls_ButtonExtendSmall" States="7" StateOffsetIncrement="0,16" />
                        </Stack>
                    </Grid>
                </Container>

            </AlphaAnim>
        </Container>
    </Instance>

</Context>
