<?xml version="1.0" encoding="utf-8"?>
<GameData>
  <LocalizedText>
    <!-- SPANISH -->
    <Replace Tag="LOC_CQUI_NAME" Language="es_ES">
      <Text>CQUI</Text>
    </Replace>

	<!-- IDS -->
	<Replace Tag="LOC_IDS_DEAL_TERMS" Language="es_ES">
      <Text>Término del reparto</Text>
    </Replace>
	
    <!-- MESSAGES -->
    <Replace Tag="LOC_CQUI_CIVIC_MESSAGE_S" Language="es_ES">
      <Text>El Principio actual, </Text>
    </Replace>
    <Replace Tag="LOC_CQUI_TECH_MESSAGE_S" Language="es_ES">
      <Text>La Tecnología actual, </Text>
    </Replace>
    <Replace Tag="LOC_CQUI_HALF_MESSAGE_E" Language="es_ES">
      <Text>, está a un turno del potencial máximo por Inspiración.</Text>
    </Replace>
    <Replace Tag="LOC_CQUI_FINISH_MESSAGE_E" Language="es_ES">
      <Text>, se ha completado.</Text>
    </Replace>

    <!-- CITY PANEL AMENITY -->
    <Replace Tag="LOC_CQUI_CITY_ENTERTAINMENT" Language="es_ES">
      <Text>Ocio</Text>
    </Replace>

    <!-- POPUPS -->
    <Replace Tag="LOC_CQUI_GREAT_PERSON_PROGRESS" Language="es_ES">
      <Text>Progreso:</Text>
    </Replace>

    <!-- ActionPanel -->
    <Replace Tag="LOC_CQUI_ACTION_PANEL_ENCAMPMENT_RANGED_ATTACK" Language="es_ES">
      <Text>Ataque a Distancia desde Campamento</Text>
    </Replace>
    <Replace Tag="LOC_CQUI_ACTION_PANEL_ENCAMPMENT_RANGED_ATTACK_TOOLTIP" Language="es_ES">
      <Text>Tu Campamento puede efectuar un ataque a distancia</Text>
    </Replace>

  </LocalizedText>
</GameData>
