<?xml version="1.0" encoding="utf-8"?>
<GameData>
    <LocalizedText>
        <Replace Tag="LOC_IDS_DEAL_TERMS" Language="ko_KR">
            <Text>거래 조건</Text>
        </Replace>
        <Replace Tag="LOC_IDS_DEAL_TRADE" Language="ko_KR">
            <Text>와 [COLOR_Red]거래[ENDCOLOR]</Text>
        </Replace>
        <Replace Tag="LOC_IDS_DEAL_SUZERAIN" Language="ko_KR">
            <Text>의 [COLOR_Civ6Blue]종주국[ENDCOLOR]</Text>
        </Replace>
        <Replace Tag="LOC_IDS_DEAL_UNTRADEABLE" Language="ko_KR">
            <Text>거래 불가</Text>
        </Replace>
        <Replace Tag="LOC_IDS_DEAL_DUPLICATE" Language="ko_KR">
            <Text>중복</Text>
        </Replace>
    </LocalizedText>
</GameData>
