<?xml version="1.0" encoding="utf-8"?>
<Context xmlns:xsi="http://www.w3.org/2001/XMLSchema-instance" xsi:noNamespaceSchemaLocation="..\..\..\..\..\CivTech\Libs\ForgeUI\ForgeUI_Assets\Controls.xsd"
				 Name="Civilopedia">
	<Container ID="Main" Anchor="C,C" Size="1024,765" ConsumeMouse="1">

		<Image Size="parent,40" Texture="Controls_SubHeader2.dds" />
		<Grid Size="parent+10,parent+10" Offset="-5,-5" Style="WindowFrameTitle"/>

		<Container Anchor="L,T" Size="1022,130" Offset="0,30">
			<Box Color="46,16,20,255" Size="parent,parent" />
		</Container>

		<Container Anchor="L,T" Offset="0,130" Size="parent-2, parent-132">
			<Image Texture="Parchment_PatternBright" Size="parent,parent" StretchMode="Tile" />
		</Container>

		<Grid Texture="Civilopedia_Banner" SliceCorner="8,8" SliceTextureSize="16,16" Size="260,parent-124" Offset="-5,124" />

		<Label ID="WindowTitle" Anchor="C,T" Offset="0,6" String="LOC_UI_PEDIA_TITLE"	Style="FontFlair24" FontStyle="glow" ColorSet="ShellHeader" SmallCaps="28" SmallCapsLeading="0" SmallCapsType="EveryWord"  />
		<Button ID="WindowCloseButton" Anchor="R,T" Style="CloseButtonSmall" />

		<Grid Anchor="C,T" Size="1028,61" Offset="0,28" Texture="Controls_TabLedge2"  SliceCorner="194,18" SliceSize="52,26" SliceTextureSize="438,61">
			<Image Anchor="C,C"	Size="639,27" Texture="Controls_TabLedge2_Fill" StretchMode="Tile" />
			<Container ID="TabContainer" Size="Parent-80,34"	Offset="40,13" />
		</Grid>

		<Container Size="parent-1,parent" Offset="0,120">

			<!-- Page Tab Area -->
			<Box ID="PageTab" Size="250,parent-102" Color="0,0,0,0" Offset="0,-26">
				<Grid Style="Civilopedia_SearchPanel">
          <Container Anchor="L,C" Offset="24,0" Size="parent-30,16" >
            <EditBox ID="SearchEditBox" Style="Civilopedia_SearchEditBox" CallOnChar="1" />
          </Container>
        </Grid>

				<ScrollPanel ID="PageScrollPanel" Style="Civilopedia_PageTabScrollPanel" Offset="15,30" Size="parent-12,parent-30">
					<Stack ID="CivilopediaPageTabStack" Offset="5,0" StackGrowth="Bottom" Padding="2" />
				</ScrollPanel>
			</Box>

			<GridButton ID="BackButton"	Size="36,38" Offset="244,-32" ToolTip="LOC_OPTIONS_HOTKEY_UI_CIVBACK">
				<Image ID="BackIcon" Anchor="C,C" Texture="Controls_ArrowButtonLeft" Size="19,23" StateOffsetIncrement="0,23"/>
			</GridButton>
			<Box Size="716,30" Offset="278,-28" Color="0,0,0,0">
				<ScrollPanel ID="CrumbScroll" Size="parent,parent" Vertical="0">
					<Stack ID="CrumbStack" StackGrowth="Right" Padding="6" />
					<ScrollBar Anchor="C,B" Offset="0,-6" Style="ScrollHorizontalBacking" Color="90,90,80,255" Hidden="0">
						<Thumb Style="ScrollThumb" Color="90,90,80,255"/>
					</ScrollBar>
				</ScrollPanel>
			</Box>
			<GridButton ID="ForwardButton"	Size="36,38" Offset="990,-32" ToolTip="LOC_OPTIONS_HOTKEY_UI_CIVFWD">
				<Image ID="ForwardIcon" Anchor="C,C" Texture="Controls_ArrowButtonRight" Size="19,23" StateOffsetIncrement="0,23"/>
			</GridButton>
			<!-- Page Content Area -->
			<Box ID="PageContent" Size="parent-260,parent-142" Offset="220,14" Color="0,0,0,0">
				<ScrollPanel ID="PageContentScrollPanel" Style="Civilopedia_PageContentScrollPanel" Size="parent-15,parent" Offset="40,0">
					<Grid ID="PageContentFrame" Style="Civilopedia_PageFrame" Anchor="L,T" Size="742,parent-112" Offset="0,18">

						<Stack ID="PageContentStack" StackGrowth="Bottom">

							<!-- Civilopedia Title -->
							<Image ID="FrontPageTitle" Texture="Civilopedia_ChapterHeader" Size="738x295">
								<!--<Label Anchor="C,T" Offset="0,70" String="Sid Meier's Civilization VI" Style="FontBoldFlair21" Color="58,56,56,255" />-->
								<Label Anchor="C,T" Offset="0,110" String="LOC_UI_PEDIA_TITLE"  Style="FontBoldFlair60" Color="58,56,56,255" />
								<!--<Label Anchor="C,T" Offset="0,185" String="A complete guide"  Style="FontBoldFlair21" Color="58,56,56,255" />-->
							</Image>

							<!-- Page Header (Mutually exclusive with Chapter header) -->
							<Container ID="PageHeader" Size="732,58" Offset="5,0">
								<Image Style="Civilopedia_PageHeader"/>
								<Label ID="PageHeaderCaption" Style="Civilopedia_PageHeaderCaption" String="TITLE" />
							</Container>

							<!-- Page Sub-header -->
							<Container ID="PageSubHeader" Size="742,58">
								<Grid Style="Civilopedia_PageSubHeader">
									<Label ID="PageSubHeaderCaption" Style="Civilopedia_PageHeaderCaption" String="Sub Title" />
								</Grid>
							</Container>

							<!-- Spacer -->
							<Container Size="parent,20" />

							<!-- Two Column Support -->
							<!-- NOTE: The height of all 3 boxes must be adjusted after controls have been instanced. -->
							<Box ID="TwoColumn" Size="parent,1000" Color="0,0,0,0">
								<Box ID="LeftColumn" Color="0,0,0,0" Size="450,1000">
									<Stack ID="LeftColumnStack" StackGrowth="Bottom" Padding="10" />
								</Box>

								<Box ID="RightColumn"  Color="0,0,0,0" Size="parent-450,1000" Offset="450,0">
									<Stack ID="RightColumnStack" StackGrowth="Bottom" Padding="15" />
								</Box>
							</Box>

							<!-- Single Column Support -->
							<Stack ID="PageChaptersStack" Offset="5,0" StackGrowth="Bottom" Padding="10" />
						
					</Stack>
						<!-- Page Footer -->
						<Container ID="Footer" Style="Civilopedia_PageContentFooter" />
					</Grid>
				</ScrollPanel>
			</Box>
		</Container>
    
		<!-- Section Tab Area -->
		<Stack ID="CivilopediaSectionTabStack" StackGrowth="Right" Offset="20,23" />
		
	<!--
      <PullDown ID="AdditionalSectionsPullDown" Hidden="1" Style="SmallPullDown" Offset="0,-10" Size="100,29" AutoSizePopUp="1" SpaceForScroll="0" ScrollThreshold="450">
        <ButtonData>
          <GridButton ID="AdditionalSectionsPullDownButton" Offset="0,30" Size="194,26" String="More" Style="TreeOptionText" >
            <GridData Texture="Controls_Dropdown2" StateOffsetIncrement="0,26"	SliceCorner="30,14"	SliceSize="1,1"		SliceTextureSize="41,26" />
          </GridButton>
        </ButtonData>

        <GridData Offset="0,50" Texture="Controls_OptionPanel" SliceCorner="3,3" SliceSize="10,52" SliceTextureSize="16,64" />
        <ScrollPanelData Anchor="C,C" Vertical="1" Size="18,18" AutoScrollBar="1" >
          <ScrollBar Style="Slider_Vert" Anchor="R,C" AnchorSide="O,I"   />
          <UpButton Style="Scroll_Up" Anchor="R,T" AnchorSide="O,I"   />
          <DownButton Style="Scroll_Down" Anchor="R,B" AnchorSide="O,I"   />
        </ScrollPanelData>
        <StackData StackGrowth="Bottom" Anchor="C,T" Padding="0"/>
        <InstanceData Name="AdditionalSectionsPullDownInstance" >
          <Button ID="Button" Anchor="L,T"	Size="194,30"	>
            <Label ID="IconText" Offset="4,8"	String="a" Style="FontNormal14" Color="255,255,255,255" Hidden="1"/>
            <Label ID="DescriptionText" Offset="4,8" String="b" Style="FontNormal14" Color="255,255,255,255" />
          </Button>
        </InstanceData>
      </PullDown>
    </Stack>
	-->
		<Container ID="SearchResultsPanelContainer" Anchor="L,T"	Offset="0,125"	 Size="193,auto" Hidden="1">
			<ScrollPanel ID="SearchResultsPanel"  Size="parent,693"  Vertical="1" AutoScrollBar="1">
				<ScrollBar Style="Slider_Blue" Anchor="R,C" AnchorSide="O,I"/>
				<Grid Texture="Controls_OptionPanel" 	SliceCorner="3,3"		SliceSize="10,52" SliceTextureSize="16,64" Size="250,auto" AutoSizePadding="0,5">
					<Stack ID="SearchResultsStack" StackGrowth="Bottom" Padding="2" Offset="0,5"/>
				</Grid>
			</ScrollPanel>
		</Container>

	</Container> <!-- Main -->

	<Instance Name="CrumbInstance">
		<GridButton ID="Button"	Anchor="C,T" Size="138,32">
			<Image		ID="Icon"	   	Anchor="L,C" Size="9,10" Texture="Controls_Bolt"/>
			<Label      ID="Description" Anchor="C,C" Size="130,32" Offset="2,0" Style="WhiteSemiBold12"/>
		</GridButton>
	</Instance>
	<Instance Name="SearchResultInstance">
		<Container ID="Root" Size="auto,auto">
			<GridButton ID="Button" Offset="0,0" Size="250,auto" Style="ButtonLightWeightGrid" InnerPadding="10,10">
				<Image ID="Icon" Anchor="L,C" Texture="CivilopediaChapter32" Size="32,32" />
				<Label ID="Name" Offset="36,0" Style="FontNormal14" String="TechName" Anchor="L,C" WrapWidth="parent-45" ColorSet="BodyTextCool"/>
			</GridButton>
		</Container>
	</Instance>
	
	<Instance Name="CivilopediaSectionTabInstance">
		<Box ID="Root" Size="51,68" Color="0,0,0,0">
			<Button ID="CivilopediaSectionTabButton" Style="Civilopedia_SectionTabButton">
          <Image ID="Icon" Style="Civilopedia_SectionTabIcon" Offset="0,-1" />
    	</Button>
			<Image ID="Selected" Style="Civilopedia_SectionTabSelectedOverlay" Hidden="1" />
		</Box>
	</Instance>

	<Instance Name="CivilopediaPageTabInstance">
		<Box ID="Root" Size="parent-5,32" Color="0,0,0,0">
			<GridButton ID="Button" Style="Civilopedia_PageTabButton" Size="parent-5,parent">
				<Label ID="Caption" Style="Civilopedia_PageTabButtonCaption" String="Bacon." WrapWidth="210"/>
			</GridButton>
			<Grid ID="Header" Style="Civilopedia_PageTabHeaderOverlay" Size="parent-5,parent" />
      			<Image ID="Expand" Anchor="R,C" Offset="10,0" Size="22,22" Texture="Controls_ExpandButton" />
		</Box>
	</Instance>

	<Instance Name="CivilopediaChapter">
		<Grid ID="Root" Style="Civilopedia_ChapterHeader" Size="742,42">
			<Label ID="Caption" Style="Civilopedia_ChapterHeaderCaption" String="Bacon." />
		</Grid>
	</Instance>

	<Instance Name="CivilopediaChapterParagraph">
		<Label ID="Paragraph" Style="Civilopedia_ChapterParagraph" Offset="20,0" WrapWidth="692" String="Bacon ipsum dolor amet strip steak tail pig, hamburger shoulder frankfurter biltong leberkas pork belly. Shoulder shankle prosciutto swine picanha ham hock bresaola t-bone pork belly pancetta turducken pastrami tail salami. Spare ribs tail tri-tip, picanha swine fatback bresaola chuck. Ham hock short ribs shank sausage, flank spare ribs drumstick shoulder fatback alcatra filet mignon ground round ribeye." />
	</Instance>

	<Instance Name="CivilopediaLeftColumnChapter">
		<Grid ID="Root" Style="Civilopedia_LeftColumnChapterHeader" Size="450,42">
			<Label ID="Caption" Style="Civilopedia_LeftColumnChapterHeaderCaption" String="Topic Heading"/>
		</Grid>
	</Instance>

	<Instance Name="CivilopediaLeftColumnChapterParagraph">
		<Label ID="Paragraph" Style="Civilopedia_LeftColumnChapterParagraph" Offset="20,0" WrapWidth="420" String="Bacon ipsum dolor amet strip steak tail pig, hamburger shoulder frankfurter biltong leberkas pork belly. Shoulder shankle prosciutto swine picanha ham hock bresaola t-bone pork belly pancetta turducken pastrami tail salami. Spare ribs tail tri-tip, picanha swine fatback bresaola chuck. Ham hock short ribs shank sausage, flank spare ribs drumstick shoulder fatback alcatra filet mignon ground round ribeye." />
	</Instance>

	<Instance Name="CivilopediaLeftColumnHeaderBody">
		<Container ID="Root" Size="parent, 200">
			<Stack ID="TextStack" StackGrowth="Bottom" Offset="20,0" >
				<Label ID="Header" String="Name of this ability" Style="Civilopedia_RightColumnStatHeader" />
				<Label ID="Body" WrapWidth="parent-30" Style="Civilopedia_LeftColumnChapterParagraph" String="Description of the unique ability asdf asdf asdf asdf asdf adf asdf asdf adsf asdf adsf adf " />
			</Stack>
		</Container>
	</Instance>

	<Instance Name="CivilopediaLeftColumnIconHeaderBody">
		<Container ID="Root" Size="parent, 200">
			<Stack ID="RightStack" StackGrowth="Right" Offset="5,0" Padding="5,0">
				<Button ID="Button" Size="80,80">
					<Image ID="Icon" Size="80,80" Texture="Civilopedia_IconSlot80"/>
				</Button>
				<Stack ID="TextStack" StackGrowth="Bottom">
					<Label ID="Header" String="Name of this ability" Style="Civilopedia_RightColumnStatHeader" />
					<Label ID="Body" WrapWidth="parent-90" Style="Civilopedia_LeftColumnChapterParagraph" String="Description of the unique ability asdf asdf asdf asdf asdf adf asdf asdf adsf asdf adsf adf " />
				</Stack>
			</Stack>
		</Container>
	</Instance>
	
	<!-- 2018-03-23 Table of Units -->
	<Instance Name="CivilopediaLeftColumnUnitStats">
		<Container ID="Root" Size="parent,14" Offset="20,0">
			<Stack StackGrowth="Right">
				<Button ID="SpaceLeft" Size="20,parent">
				</Button>
				<!-- Icon to click -->
				<Button ID="Button" Size="30,30">
					<Image ID="Icon" Texture="Civilopedia_IconSlot50" StretchMode="Uniform" Size="30,30" Offset="0,-10"/>
				</Button>
				<!-- Name -->
				<Container Size="205,parent" Offset="10,0">
					<Label ID="StatName" Style="Civilopedia_RightColumnStatText" Anchor="L,C" String="$Name$"/>
				</Container>
				<Button ID="SpaceRight" Size="20,parent">
				</Button>
				<!-- Type -->
				<Container Size="25,parent">
					<Label ID="StatPromo" Style="Civilopedia_RightColumnStatText" Anchor="C,C" String="$T$"/>
				</Container>
				<Box Size="2,parent+10" Offset="0,-2" Color="0,20,20,70"/>
				<!-- Stat BaseMoves -->
				<Container Size="67,parent">
					<Label ID="StatBaseMoves" Style="Civilopedia_RightColumnStatText" Anchor="C,C" String="$0$"/>
				</Container>
				<Box Size="2,parent+10" Offset="0,-2" Color="0,20,20,70"/>
				<!-- Stat Combat -->
				<Container Size="67,parent">
					<Label ID="StatCombat" Style="Civilopedia_RightColumnStatText" Anchor="C,C" String="$0$"/>
				</Container>
				<Box Size="2,parent+10" Offset="0,-2" Color="0,20,20,70"/>
				<!-- Stat RangedCombat -->
				<Container Size="67,parent">
					<Label ID="StatRangedCombat" Style="Civilopedia_RightColumnStatText" Anchor="C,C" String="$0$"/>
				</Container>
				<Box Size="2,parent+10" Offset="0,-2" Color="0,20,20,70"/>
				<!-- Stat Range -->
				<Container Size="67,parent">
					<Label ID="StatRange" Style="Civilopedia_RightColumnStatText" Anchor="C,C" String="$0$"/>
				</Container>
				<Box Size="2,parent+10" Offset="0,-2" Color="0,20,20,70"/>
				<!-- Stat Bombard -->
				<Container Size="67,parent">
					<Label ID="StatBombard" Style="Civilopedia_RightColumnStatText" Anchor="C,C" String="$0$"/>
				</Container>
				<Box Size="2,parent+10" Offset="0,-2" Color="0,20,20,70"/>
				<!-- Stat Cost -->
				<Container Size="80,parent">
					<Label ID="StatCost" Style="Civilopedia_RightColumnStatText" Anchor="C,C" String="$0$"/>
				</Container>
				<Box Size="2,parent+10" Color="0,20,20,70"/>
			</Stack>
		</Container>
	</Instance>

	<!-- 2023-04-03 Table of District Adjacencies -->
	<Instance Name="CivilopediaLeftColumnAdjacency">
		<Container ID="Root" Size="724,30" Offset="0,0">
			<Box Size="parent,1" Anchor="L,T" Color="0,20,20,70"/>
			<Stack StackGrowth="Right">
				<!-- Icon to click -->
				<Button ID="Button" Anchor="L,C" Size="30,30" Offset="2,0">
					<Image ID="Icon" Texture="Civilopedia_IconSlot50" StretchMode="Uniform" Size="30,30"/>
				</Button>
				<!-- Name -->
				<Container Size="150,30" Anchor="L,C" Offset="2,0">
					<Label ID="Name" Style="Civilopedia_RightColumnStatText" Anchor="L,C" String="$Name$" WrapWidth="150"/>
				</Container>
				<Box Size="2,parent+10" Offset="0,0" Color="0,20,20,70"/>
				<!-- Major -->
				<Container Size="180,parent" Offset="0,5">
					<Label ID="Major" Style="Civilopedia_RightColumnStatText" Anchor="L,C" String="$T$"/>
				</Container>
				<Box Size="2,parent+10" Offset="0,0" Color="0,20,20,70"/>
				<!-- Standard -->
				<Container Size="180,parent" Offset="0,5">
					<Label ID="Standard" Style="Civilopedia_RightColumnStatText" Anchor="L,C" String="$0$"/>
				</Container>
				<Box Size="2,parent+10" Offset="0,0" Color="0,20,20,70"/>
				<!-- Minor -->
				<Container Size="180,parent" Offset="0,5">
					<Label ID="Minor" Style="Civilopedia_RightColumnStatText" Anchor="L,C" String="$0$"/>
				</Container>
			</Stack>
		</Container>
	</Instance>
	
	<!-- 2023-04-05 Time Strategies -->
	<Instance Name="CivilopediaLeftColumnTimeStrat">
		<Container ID="Root" Size="724,15" Offset="0,0">
			<Box Size="parent,1" Anchor="L,T" Color="0,20,20,70"/>
			<Stack StackGrowth="Right">
				<!-- Item Name -->
				<Container Size="300,30" Anchor="L,C" Offset="2,0">
					<Label ID="Name" Style="Civilopedia_RightColumnStatText" Anchor="L,C" String="$Name$"/>
				</Container>
				<Box Size="2,parent+10" Offset="0,0" Color="0,20,20,70"/>
				<!-- Total -->
				<Container Size="60,parent" Offset="0,5">
					<Label ID="Total" Style="Civilopedia_RightColumnStatText" Anchor="C,C" String="$0$"/>
				</Container>
				<Box Size="2,parent+10" Offset="0,0" Color="0,20,20,70"/>
				<!-- Era Values -->
				<Container Size="40,parent" Offset="0,5">
					<Label ID="Era1" Style="Civilopedia_RightColumnStatText" Anchor="C,C" String="$0$"/>
				</Container>
				<Container Size="40,parent" Offset="0,5">
					<Label ID="Era2" Style="Civilopedia_RightColumnStatText" Anchor="C,C" String="$0$"/>
				</Container>
				<Container Size="40,parent" Offset="0,5">
					<Label ID="Era3" Style="Civilopedia_RightColumnStatText" Anchor="C,C" String="$0$"/>
				</Container>
				<Container Size="40,parent" Offset="0,5">
					<Label ID="Era4" Style="Civilopedia_RightColumnStatText" Anchor="C,C" String="$0$"/>
				</Container>
				<Container Size="40,parent" Offset="0,5">
					<Label ID="Era5" Style="Civilopedia_RightColumnStatText" Anchor="C,C" String="$0$"/>
				</Container>
				<Container Size="40,parent" Offset="0,5">
					<Label ID="Era6" Style="Civilopedia_RightColumnStatText" Anchor="C,C" String="$0$"/>
				</Container>
				<Container Size="40,parent" Offset="0,5">
					<Label ID="Era7" Style="Civilopedia_RightColumnStatText" Anchor="C,C" String="$0$"/>
				</Container>
				<Container Size="40,parent" Offset="0,5">
					<Label ID="Era8" Style="Civilopedia_RightColumnStatText" Anchor="C,C" String="$0$"/>
				</Container>
				<Container Size="40,parent" Offset="0,5">
					<Label ID="Era9" Style="Civilopedia_RightColumnStatText" Anchor="C,C" String="$0$"/>
				</Container>
			</Stack>
		</Container>
	</Instance>

	<Instance Name="RightColumnPortrait">
		<Image ID="Root" Texture="Civilopedia_PortraitSquare" Size="298,295">
			<Image ID="PortraitIcon" Anchor="C,C" Texture="Controls_Placeholder256" Size="256,256" />
		</Image>
	</Instance>

	<Instance Name="RightColumnPortraitTall">
		<Image ID="Root" Texture="Civilopedia_PortraitSquare" Size="256,256">
			<!--<Image ID="PortraitIcon" Anchor="C,C" Texture="Civilopedia_PortraitSquare" Size="298,295" StretchMode="UniformToFill"/>-->
		</Image>
	</Instance>

	<Instance Name="RightColumnPortraitTallNoScaling">
		<Image ID="Root" Anchor="C,T" Texture="Civilopedia_PortraitSquare" Size="298,295" StretchMode="UniformToFill">
			<Image ID="PortraitIcon" Texture="Civilopedia_PortraitSquare" Size="256,256" StretchMode="Auto" Anchor="C,C"/>
		</Image>
	</Instance>

	<Instance Name="RightColumnQuote">
		<Grid ID="Root" Style="Civilopedia_RightColumnQuotePanel">
			<Button ID="PlayQuote" Anchor="C,C" Texture="Controls_Play" StateOffsetIncrement="0" Size="57,57" />
			<Label ID="Quote" Style="Civilopedia_RightColumnQuoteText" String="A quote from the leader is displayed here.  Press the quote to play a narrated audio clip." />
		</Grid>
	</Instance>

	<Instance Name="RightColumnStatBox">
		<Grid ID="Root" Style="Civilopedia_StatsFrame" Anchor="C,T" Size="260,200" Hidden="0">
			<Container Size="parent-20,parent-10" Offset="10,5">
				<Stack ID="Content" Offset="0,0" Padding="10">
					<Container Size="parent,40">
						<Label ID="Title" Style="Civilopedia_RightColumnStatText" FontSize="20" String="Title" Anchor="C,C"/>
					</Container>
				</Stack>
			</Container>

		</Grid>
	</Instance>

	<Instance Name="RightColumnStatSeparator">
		<Container ID="Root" Size="parent,2">
			<Box Anchor="C,T" Color="0,20,20,70" Size="225,2" />
		</Container>
	</Instance>

	<Instance Name="RightColumnStatHeader">
		<Label ID="Caption" Style="Civilopedia_RightColumnStatHeader" WrapWidth="parent-20" String="Caption" />
	</Instance>

	<Instance Name="RightColumnStatLabel">
		<Label ID="Caption" Style="Civilopedia_RightColumnStatText" WrapWidth="parent-20" String="Caption" />
	</Instance>

	<Instance Name="RightColumnStatSmallLabel">
		<Label ID="Caption" Style="Civilopedia_RightColumnStatSmallText" WrapWidth="parent-20" String="Caption" />
	</Instance>

	<Instance Name="RightColumnStatIconLabel">
		<!-- Icon With Text Instance-->
		<Container ID="Root" Size="parent, 50">
			<Button ID="Button" Size="50,50">
				<Image ID="Icon" Texture="Civilopedia_IconSlot50" StretchMode="Uniform" Size="50,50" />
			</Button>

			<Label ID="Caption" Style="Civilopedia_RightColumnStatText" Anchor="L,C" Offset="55,0" WrapWidth="195" String="Caption" />
		</Container>
	</Instance>

	<Instance Name="RightColumnStatIconNumberLabel">
		<Container ID="Root" Size="parent, 50">
			<Button ID="Button" Size="50,50">
				<Image ID="Icon" Texture="Civilopedia_IconSlot50" StretchMode="Uniform" Size="50,50" />
			</Button>
			<Container Size="50,parent" Offset="50,0">
				<Label ID="Value" Style="Civilopedia_RightColumnStatText" Anchor="C,C" String="55" FontSize="30" />
			</Container>
			<Container Size="parent-100,parent" Offset="105,0">
				<Label ID="Caption" Style="Civilopedia_RightColumnStatText" Anchor="L,C" WrapWidth="125" String="Caption" />
			</Container>
		</Container>
	</Instance>

	<Instance Name="RightColumnStatIconList">
		<!-- Icon List Instance -->
		<Container ID="Root" Size="parent,50">
			<Stack Anchor="C,T" StackGrowth="Right" Padding="10">
				<Button ID="Button1" Size="50,50">
					<Image ID="Icon1" Texture="Civilopedia_IconSlot50" StretchMode="Uniform" Size="50,50" />
				</Button>
				<Button ID="Button2" Size="50,50">
					<Image ID="Icon2" Texture="Civilopedia_IconSlot50" StretchMode="Uniform" Size="50,50" />
				</Button>
				<Button ID="Button3" Size="50,50">
					<Image ID="Icon3" Texture="Civilopedia_IconSlot50" StretchMode="Uniform" Size="50,50" />
				</Button>
				<Button ID="Button4" Size="50,50">
					<Image ID="Icon4" Texture="Civilopedia_IconSlot50" StretchMode="Uniform" Size="50,50" />
				</Button>
			</Stack>
		</Container>
	</Instance>

</Context>

