<?xml version="1.0" encoding="utf-8"?>
<GameData>
    <EnglishText>
        <Row Tag="LOC_MD_MOVE_HINT">
            <Text>Spend {1_Amount: number #,###}[ICON_Gold] Gold to move.</Text>
        </Row>
        <Row Tag="LOC_MD_DONT_ASK_AGAIN">
            <Text>Don't ask me again.</Text>
        </Row>
        <Row Tag="LOC_MD_CONFIRM_MOVE">
            <Text>Are you sure you want to spend {1_Amount: number #,###}[ICON_Gold] Gold to move {2_DistrictType} with all its buildings?</Text>
        </Row>
        <Row Tag="LOC_MD_CANNOT_MOVE_DISTRICT">
            <Text>Cannot move district</Text>
        </Row>
        <Row Tag="LOC_MD_UNSUPPORTED_BUILDINGS">
            <Text>These buildings cannot be moved because at least 1 of them has special build requirements.</Text>
        </Row>
        <Row Tag="LOC_MD_TOGGLE_BUTTON">
            <Text>Move District Buttons</Text>
        </Row>
        <Row Tag="LOC_MD_TOGGLE_BUTTON_TOOLTIP">
            <Text>Show/Hide Move District Buttons</Text>
        </Row>
    </EnglishText>
</GameData>
