<!--
-- ===========================================================================
-- Real Strategy - Tweaks to Behavior Trees
-- Author: Infixo
-- 2019-01-07: Created
-- 2019-01-19: Added Naval Superiority Tree
-- ===========================================================================
-->

<?xml version="1.0" encoding="utf-8"?>
<GameInfo>

<!-- Simple City Defense - It uses Garrison City at the begning, and if there is no unit to garrison - it blocks entire tree -->

<BehaviorTreeNodes>
	<Delete TreeName="Simple City Defense" />

	<Row NodeType="Concurrent" NodeId="0" TreeName="Simple City Defense" JumpTo="12" />
		<Row NodeType="Is City Threatened" NodeId="1" TreeName="Simple City Defense" />
		<Row NodeType="Concurrent" NodeId="2" TreeName="Simple City Defense" JumpTo="12" />
			<Row NodeType="Operation Defend Units" NodeId="3" TreeName="Simple City Defense" />
			<Row NodeType="Recruit Units" NodeId="4" TreeName="Simple City Defense" />
			<!-- it returns FAILURE and I think (not 100% sure) it stops  the entire tree -->
			<!-- <Row NodeType="Garrison City" NodeId="4" TreeName="Simple City Defense" /> -->
			<Row NodeType="Operation Attack Units" NodeId="5" TreeName="Simple City Defense" />
			<Row NodeType="Operation Move" NodeId="6" TreeName="Simple City Defense" />
			<Row NodeType="Operation Attack Units" NodeId="7" TreeName="Simple City Defense" />
			<!-- Move Garrison to the end and make it "independent" -->
			<Row NodeType="Priority" NodeId="8" TreeName="Simple City Defense" JumpTo="12" />
				<Row NodeType="Garrison City" NodeId="9" TreeName="Simple City Defense" />
				<Row NodeType="Not" NodeId="10" TreeName="Simple City Defense" JumpTo="12" />
					<Row NodeType="Garrison City" NodeId="11" TreeName="Simple City Defense" />
			
</BehaviorTreeNodes>

<TreeData>
	<Delete TreeName="Simple City Defense" />
	
	<!-- 0: Concurrent -->
	<!-- 1: Is City Threatened -->
	<!-- 2: Concurrent -->
	<!-- 3: Defend Units -->
	<Row DefnId="0" NodeId="3" TreeName="Simple City Defense" DefaultData="20" /> <!-- int: AutoProtect 20% -->
	<!-- 4: Recruit Units -->
	<Row DefnId="0" NodeId="4" TreeName="Simple City Defense" DefaultData="true" /> <!-- bool: Already in progress -->
	<Row DefnId="2" NodeId="4" TreeName="Simple City Defense" DefaultData="6" /> <!-- int: Recruit Range -->
	<Row DefnId="6" NodeId="4" TreeName="Simple City Defense" DefaultData="true" /> <!-- bool: Allow Stealing -->
	<Row DefnId="7" NodeId="4" TreeName="Simple City Defense" DefaultData="true" /> <!-- bool: Allow Levying *GS -->
	<!-- 5: Operation Attack Units -->
	<Row DefnId="0" NodeId="5" TreeName="Simple City Defense" DefaultData="true" /> <!-- bool: Attack Nearby Units -->
	<Row DefnId="1" NodeId="5" TreeName="Simple City Defense" DefaultData="true" /> <!-- bool: Attack Along March -->
	<Row DefnId="2" NodeId="5" TreeName="Simple City Defense" DefaultData="false" /> <!-- bool: Allow Unequal Attacks -->
	<!-- 6: Operation Move -->
	<Row DefnId="0" NodeId="6" TreeName="Simple City Defense" DefaultData="1" /> <!-- int: Move To (enum) -->
	<Row DefnId="1" NodeId="6" TreeName="Simple City Defense" DefaultData="2" /> <!-- int: Range to goal -->
	<Row DefnId="3" NodeId="6" TreeName="Simple City Defense" DefaultData="3" /> <!-- int: Unit distance -->
	<!-- 7: Operation Attack Units -->
	<Row DefnId="0" NodeId="7" TreeName="Simple City Defense" DefaultData="true" /> <!-- bool: Attack Nearby Units -->
	<Row DefnId="1" NodeId="7" TreeName="Simple City Defense" DefaultData="false" /> <!-- bool: Attack Along March -->
	<Row DefnId="2" NodeId="7" TreeName="Simple City Defense" DefaultData="true" /> <!-- bool: Allow Unequal Attacks -->
	<!--<Row DefnId="4" NodeId="7" TreeName="Simple City Defense" DefaultData="true" /> <!-- bool : Attack Near Target -->
	<!-- 8: Garrison City -->
	
</TreeData>
	
	
<!-- Manage Great Person - this tree gets stuck (failure) on 2 nodes: (a) Find Unit Targets and (b) Protect Unit
     The 1st one is PROBABLY not harmful. It is under Priority (OR) node, so it goes to "Build Unit" and finishes with Success.
	 The 2nd probably due to lack of units. Those GPs just stand alone. The 2nd can be simply omitted as GPs cannot die. -->

<BehaviorTreeNodes>
	<Delete TreeName="Manage Great Person" />

    <Row NodeType="Concurrent" NodeId="0" TreeName="Manage Great Person" JumpTo="12" />
		<Row NodeType="Has Great Person" NodeId="1" TreeName="Manage Great Person" />
		<Row NodeType="Has Valid Target" NodeId="2" TreeName="Manage Great Person" />
		<Row NodeType="Sequence" NodeId="3" TreeName="Manage Great Person" JumpTo="12" />
			<Row NodeType="Priority" NodeId="4" TreeName="Manage Great Person" JumpTo="9" />
				<Row NodeType="Find Unit Targets" NodeId="5" TreeName="Manage Great Person" />
				<Row NodeType="Contract Manager Decorator" NodeId="6" TreeName="Manage Great Person" JumpTo="8" />
					<Row NodeType="Build Unit" NodeId="7" TreeName="Manage Great Person" />
			<Row NodeType="Upgrade Units" NodeId="8" TreeName="Manage Great Person" />
			<Row NodeType="Sequence" NodeId="9" TreeName="Manage Great Person" JumpTo="12" />
				<!-- Confirmed that this at least releases the tree; it still however cannot find targets -->
				<!--<Row NodeType="Protect Unit" NodeId="10" TreeName="Manage Great Person" />-->
				<Row NodeType="Move Unit" NodeId="10" TreeName="Manage Great Person" />
				<Row NodeType="Use Great Person" NodeId="11" TreeName="Manage Great Person" />

</BehaviorTreeNodes>

<TreeData>
	<Delete TreeName="Manage Great Person" />
	<!-- "Concurrent" -->
	<!-- "Has Great Person" -->
    <Row DefnId="0" NodeId="1" TreeName="Manage Great Person" Tag="GREAT_PERSON_CLASS_PROPHET" />
	<!-- "Has Valid Target" -->
	<!-- "Sequence" -->
	<!-- "Priority" -->
	<!-- Find Unit Targets -->
    <Row DefnId="0" NodeId="5" TreeName="Manage Great Person" DefaultData="true" />
    <Row DefnId="1" NodeId="5" TreeName="Manage Great Person" Tag="GP District" DefaultData="DISTRICT_HOLY_SITE" />
    <Row DefnId="2" NodeId="5" TreeName="Manage Great Person" Tag="GP Buildings" />
    <Row DefnId="3" NodeId="5" TreeName="Manage Great Person" Tag="Great Work Value" DefaultData="300" /> <!-- TEST - MORE VALUE -->
	<!-- "Contract Manager Decorator" -->
    <Row DefnId="0" NodeId="6" TreeName="Manage Great Person" Tag="Great Work Contract" />
    <Row DefnId="1" NodeId="6" TreeName="Manage Great Person" />
    <Row DefnId="2" NodeId="6" TreeName="Manage Great Person" DefaultData="20" />
	<!-- "Build Unit" -->
    <Row DefnId="0" NodeId="7" TreeName="Manage Great Person" />
    <Row DefnId="1" NodeId="7" TreeName="Manage Great Person" Tag="GP Buildings" />
    <Row DefnId="4" NodeId="7" TreeName="Manage Great Person" Tag="Great Work Contract" />
    <Row DefnId="6" NodeId="7" TreeName="Manage Great Person" Tag="GP District" />
    <Row DefnId="8" NodeId="7" TreeName="Manage Great Person" Tag="Great Work Value" />
	<!-- "Upgrade Units" -->
    <Row DefnId="0" NodeId="8" TreeName="Manage Great Person" Tag="true" />
	<!-- "Sequence" -->
	<!-- "Protect Unit" -->
    <!--<Row DefnId="1" NodeId="10" TreeName="Manage Great Person" DefaultData="0" />-->
	<!-- "Move Unit" -->
    <Row DefnId="2" NodeId="10" TreeName="Manage Great Person" DefaultData="0" />
    <Row DefnId="3" NodeId="10" TreeName="Manage Great Person" DefaultData="0" />
	<!-- "Use Great Person" -->
	
</TreeData>


<!-- Naval Superiority Tree
     I think it has a serious problem with recruiting units - always fails at that. -->

<BehaviorTreeNodes>
	<Delete TreeName="Naval Superiority Tree" />

    <Row NodeType="Sequence" NodeId="0" TreeName="Naval Superiority Tree" JumpTo="16" />
		<Row NodeType="Decode Trigger" NodeId="1" TreeName="Naval Superiority Tree" />
		<Row NodeType="Concurrent" NodeId="2" TreeName="Naval Superiority Tree" JumpTo="7" />
			<Row NodeType="Operation Defend Units" NodeId="3" TreeName="Naval Superiority Tree" />
			<Row NodeType="Contract Manager Decorator" NodeId="4" TreeName="Naval Superiority Tree" JumpTo="6"/> <!-- new node -->
				<Row NodeType="Recruit Units" NodeId="5" TreeName="Naval Superiority Tree" />
			<Row NodeType="Operation Attack Units" NodeId="6" TreeName="Naval Superiority Tree" />
			<!--			
			Priority
			Operation Is Ready
			Operation Move
			-->
		<Row NodeType="Concurrent" NodeId="7" TreeName="Naval Superiority Tree" JumpTo="16" />
			<Row NodeType="Recruit Units" NodeId="8" TreeName="Naval Superiority Tree" />
			<Row NodeType="Operation Defend Units" NodeId="9" TreeName="Naval Superiority Tree" />
			<Row NodeType="Naval Choose Target" NodeId="10" TreeName="Naval Superiority Tree" JumpTo="14" /> <!-- decorator node Choose a naval superiority target. If none available, don't run child. -->
				<Row NodeType="Concurrent" NodeId="11" TreeName="Naval Superiority Tree" JumpTo="14" />
					<Row NodeType="Operation Move" NodeId="12" TreeName="Naval Superiority Tree" />
					<Row NodeType="Operation Attack Units" NodeId="13" TreeName="Naval Superiority Tree" />
			<Row NodeType="Naval Pillage" NodeId="14" TreeName="Naval Superiority Tree" />
			<Row NodeType="Naval Patrol" NodeId="15" TreeName="Naval Superiority Tree" /> <!-- Choose a naval patrol target and move accordingly. -->
	
</BehaviorTreeNodes>

<TreeData>
	<Delete TreeName="Naval Superiority Tree" />
	
	<!-- "Decode Trigger" -->
    <Row DefnId="0" NodeId="1" TreeName="Naval Superiority Tree" Tag="Unused" />
    <Row DefnId="1" NodeId="1" TreeName="Naval Superiority Tree" />
    <Row DefnId="2" NodeId="1" TreeName="Naval Superiority Tree" />
    <Row DefnId="3" NodeId="1" TreeName="Naval Superiority Tree" />
    <Row DefnId="4" NodeId="1" TreeName="Naval Superiority Tree" />
    <Row DefnId="5" NodeId="1" TreeName="Naval Superiority Tree" />
    <Row DefnId="6" NodeId="1" TreeName="Naval Superiority Tree" />
    <Row DefnId="7" NodeId="1" TreeName="Naval Superiority Tree" />
    <Row DefnId="8" NodeId="1" TreeName="Naval Superiority Tree" Tag="Present Value" /> <!-- Note: this always gives 100, thus units here are not high priority! -->
	<!-- "Operation Defend Units" -->
    <Row DefnId="0" NodeId="3" TreeName="Naval Superiority Tree" DefaultData="50" /> <!-- def. 60 -->
	<!-- Contract Manager Decorator -->
    <Row DefnId="0" NodeId="4" TreeName="Naval Superiority Tree" Tag="Naval Force Contract" /> <!-- req, contract -->
    <Row DefnId="1" NodeId="4" TreeName="Naval Superiority Tree" /> <!-- req, multi -->
    <Row DefnId="2" NodeId="4" TreeName="Naval Superiority Tree" DefaultData="10" /> <!-- turn limit, due to low priority it gets stuck here often! better to reset faster; GS patch increased priority -->
    <Row DefnId="3" NodeId="4" TreeName="Naval Superiority Tree" DefaultData="false" /> <!-- block while running -->
	<!-- "Recruit Units" -->
    <Row DefnId="0" NodeId="5" TreeName="Naval Superiority Tree" DefaultData="false" /> <!-- not in progress -->
    <Row DefnId="1" NodeId="5" TreeName="Naval Superiority Tree" Tag="Naval Force Contract" /> <!-- missing contract id -->
    <Row DefnId="3" NodeId="4" TreeName="Naval Superiority Tree" DefaultData="true" /> <!-- commented out to Allow Creation; GS patch sets this to TRUE! -->
    <Row DefnId="4" NodeId="5" TreeName="Naval Superiority Tree" Tag="Present Value" />
	<!-- "Operation Attack Units" -->
    <Row DefnId="0" NodeId="6" TreeName="Naval Superiority Tree" DefaultData="true" />
    <Row DefnId="1" NodeId="6" TreeName="Naval Superiority Tree" DefaultData="false" />
    <Row DefnId="2" NodeId="6" TreeName="Naval Superiority Tree" DefaultData="false" />
    <Row DefnId="3" NodeId="6" TreeName="Naval Superiority Tree" DefaultData="false" />
	<!-- "Recruit Units" -->
    <Row DefnId="0" NodeId="8" TreeName="Naval Superiority Tree" DefaultData="true" /> <!-- in progress -->
    <!--<Row DefnId="3" NodeId="8" TreeName="Naval Superiority Tree" DefaultData="false" />--> <!-- commented out to Allow Creation -->
    <Row DefnId="4" NodeId="8" TreeName="Naval Superiority Tree" Tag="Present Value" />
	<!-- "Operation Defend Units" -->
    <Row DefnId="0" NodeId="9" TreeName="Naval Superiority Tree" DefaultData="40" />
	<!-- "Naval Choose Target" -->
    <Row DefnId="0" NodeId="10" TreeName="Naval Superiority Tree" DefaultData="DOMAIN_SEA" />
    <Row DefnId="1" NodeId="10" TreeName="Naval Superiority Tree" DefaultData="false" /> <!-- do NOT fail for no target -->
	<!-- "Operation Move" -->
    <Row DefnId="0" NodeId="12" TreeName="Naval Superiority Tree" DefaultData="1" />
    <Row DefnId="1" NodeId="12" TreeName="Naval Superiority Tree" DefaultData="3" />
    <Row DefnId="2" NodeId="12" TreeName="Naval Superiority Tree" DefaultData="false" />
    <Row DefnId="3" NodeId="12" TreeName="Naval Superiority Tree" DefaultData="3" />
	<!-- "Operation Attack Units" -->
    <Row DefnId="0" NodeId="13" TreeName="Naval Superiority Tree" DefaultData="true" /> <!-- nearby -->
    <Row DefnId="1" NodeId="13" TreeName="Naval Superiority Tree" DefaultData="false" /> <!-- along march -->
    <Row DefnId="2" NodeId="13" TreeName="Naval Superiority Tree" DefaultData="false" /> <!-- unequal -->
    <Row DefnId="3" NodeId="13" TreeName="Naval Superiority Tree" DefaultData="false" />
	<!-- "Naval Pillage" -->
    <Row DefnId="0" NodeId="14" TreeName="Naval Superiority Tree" DefaultData="No Value" />
	
</TreeData>


<!-- Siege City Assault -->
<TreeData>
	<!-- 8:Contract Manager -->
	<!--
	<Update>
		<Where DefnId="2" NodeId="8" TreeName="Siege City Assault" /> -- contract manager, turns; GS has 10... not a big difference
		<Set DefaultData="7" />
	</Update>
	-->
	<!-- 9:"Recruit Units" - the only node without Par0 set -->
    <Row DefnId="0" NodeId="12" TreeName="Siege City Assault" DefaultData="false" /> <!-- not in progress -->
	<Delete DefnId="5" NodeId="12" TreeName="Siege City Assault" /> <!-- 10 turns, not needed -->
	<!-- 20:"Recrut Units" This contract is undefined Tag="Ongoing Recruits" -->
	<Delete DefnId="1" NodeId="23" TreeName="Siege City Assault" /> 
</TreeData>


<!-- Nuclear Assault -->
<TreeData>
	<!-- 7:Contract Manager Decorator  "Initial Recruits" not defined -->
	<Update>
		<Where DefnId="0" NodeId="7" TreeName="Nuclear Assault" /> <!-- contract manager, contract id -->
		<Set Tag="Initial Recruits" />
	</Update>
	<!-- 8:Recruit Units Par0 is missing (not in progress) -->
    <Row DefnId="0" NodeId="8" TreeName="Nuclear Assault" DefaultData="false" /> <!-- not in progress -->
	<!-- 13:Recruit Units “Ongoing Recruits” not defined -->
	<Delete DefnId="1" NodeId="13" TreeName="Nuclear Assault" /> 
</TreeData>

</GameInfo>
