<?xml version="1.0" encoding="utf-8"?>
<GameInfo>
  <AllowedMoves>
    <!-- Moved Air operations up to see if this would activate Fighters -->
  	<Delete/>
	<!-- critical -->
    <Row AllowedMoveType="First Turn Settler" Value="0" IsHomeland="true" />
    <Row AllowedMoveType="Move to Safety" Value="1" IsHomeland="true" IsTactical="true" />
    <Row AllowedMoveType="Promotion" Value="2" isTactical="true" isHomeland="true" />
    <Row AllowedMoveType="Gather Goody Hut" Value="3" IsTactical="true" IsHomeland="true" />
	<!-- military - attack -->
    <Row AllowedMoveType="Air Assault" Value="4" isTactical="true" />
    <Row AllowedMoveType="Attack High Priority" Value="5" IsTactical="true" />
    <Row AllowedMoveType="Attack Medium Priority" Value="6" IsTactical="true" />
    <Row AllowedMoveType="Air Deploy" Value="7" isTactical="true" />
	<!-- military - medium -->
    <Row AllowedMoveType="Heal" Value="8" IsTactical="true" />
    <Row AllowedMoveType="Charge Heal" Value="9" isHomeland="true"/> <!-- At this point, this only applies to the Guru, leaving open to future heal charge units, though -->
    <Row AllowedMoveType="Coastal Raid" Value="10" IsTactical="true" />
    <Row AllowedMoveType="Pillage District" Value="11" IsTactical="true" />
    <Row AllowedMoveType="Pillage Improvement" Value="12" IsTactical="true" />
    <Row AllowedMoveType="Plunder Trader" Value="13" IsTactical="true" isHomeland="true" />
    <Row AllowedMoveType="Air Rebase" Value="14" isTactical="true" />
	<!-- military - low -->
    <Row AllowedMoveType="Attack Camps" Value="15" IsTactical="true" />
    <Row AllowedMoveType="Attack Low Priority" Value="16" IsTactical="true" />
    <Row AllowedMoveType="Attack District" Value="17" IsTactical="true" />
    <Row AllowedMoveType="Explore Land" Value="18" IsHomeland="true" />
    <Row AllowedMoveType="Make Military Formation" Value="19" isTactical="true" /> <!-- fixed; "Make Military Formation" is set as IsHomeland, but used in Tactics lists for both Majors and Minors -->
    <Row AllowedMoveType="Leader Formation" Value="20" isTactical="true" />
    <Row AllowedMoveType="Support Formation" Value="21" isTactical="true" /> <!-- Support units not in use by an operation should try to move close to allied military -->
    <Row AllowedMoveType="Attack Civilians" Value="22" IsTactical="true" isHomeland="true" />
    <Row AllowedMoveType="Chase Target" Value="23" IsTactical="true" />
	<!-- barbarians -->
    <Row AllowedMoveType="Defend Camps" Value="24" IsTactical="true" />
    <Row AllowedMoveType="Barbarian Rampage" Value="25" isTactical="true" />
	<!-- civilians -->
    <Row AllowedMoveType="Great Person Move" Value="26" IsHomeland="true" />
    <Row AllowedMoveType="Found Park" Value="27" isHomeland="true" />
    <Row AllowedMoveType="Religious Combat" Value="28" isHomeland="true" />
    <Row AllowedMoveType="Missionary Move" Value="29" isHomeland="true" />
    <Row AllowedMoveType="Builder Outside Ring" Value="30" isHomeland="true" />
	<!-- free time -->
    <Row AllowedMoveType="Wander" Value="31" IsTactical="true" />
    <Row AllowedMoveType="Wander Near Camp" Value="32" IsTactical="true" />
    <Row AllowedMoveType="Wander Near City" Value="33" IsTactical="true" />
	<!-- end -->
    <Row AllowedMoveType="End Turn" Value="34" IsHomeland="true" />
  </AllowedMoves>
  
  <!-- 2019-04-04 Apparently order here is important! -->
  <AiFavoredItems>
	<Delete ListType="Default Tactical"/>
	<Row ListType="Default Tactical" Item="Leader Formation"/>
	<Row ListType="Default Tactical" Item="Support Formation"/>
	<Row ListType="Default Tactical" Item="Move to Safety"/>
	<Row ListType="Default Tactical" Item="Promotion"/>
	<Row ListType="Default Tactical" Item="Gather Goody Hut"/>
	<Row ListType="Default Tactical" Item="Air Assault"/>
	<Row ListType="Default Tactical" Item="Attack High Priority"/>
	<Row ListType="Default Tactical" Item="Attack Medium Priority"/>
	<Row ListType="Default Tactical" Item="Air Deploy"/>
	<Row ListType="Default Tactical" Item="Coastal Raid"/>
	<Row ListType="Default Tactical" Item="Make Military Formation"/>
	<Row ListType="Default Tactical" Item="Pillage District"/>
	<Row ListType="Default Tactical" Item="Pillage Improvement"/>
	<Row ListType="Default Tactical" Item="Plunder Trader"/>
	<Row ListType="Default Tactical" Item="Heal"/>
	<Row ListType="Default Tactical" Item="Air Rebase"/>
	<Row ListType="Default Tactical" Item="Attack Camps"/>
	<Row ListType="Default Tactical" Item="Attack Low Priority"/>
	<Row ListType="Default Tactical" Item="Attack District"/>
	<Row ListType="Default Tactical" Item="Attack Civilians"/>
	<Row ListType="Default Tactical" Item="Chase Target"/>
	<Row ListType="Default Tactical" Item="Wander Near City"/>
	<Row ListType="Default Tactical" Item="Wander"/>
  </AiFavoredItems>
  
</GameInfo>
