﻿<!--
-- ===========================================================================
-- Real Strategy
-- 2019-01-12: Added. This file is from Delnar's AI Cleanup mod. Testing it.
-- 2019-01-21: Fixes to make it work.
-- ===========================================================================
-->

<?xml version="1.0" encoding="utf-8"?>
<GameInfo>
	<!-- New data for Operations.xml, basically just creates the operation's framework -->
	
	<AiTeams>
		<Row TeamName="Cavalry Harass" />
	</AiTeams>
	<AiOperationTeams>
		<!-- Operation will launch regardless of strength because its goal is to pillage, not to attack -->
		<Row TeamName="Cavalry Harass" OperationName="Fast District Pillage" InitialStrengthAdvantage="-1" OngoingStrengthAdvantage="-1" />
	</AiOperationTeams>
	<OpTeamRequirements>
		<!-- Only need a few, fast-moving units, any more hinders the operation -->
		<Row TeamName="Cavalry Harass" AiType="UNITTYPE_CAVALRY" MinNumber="2" MaxNumber="3" />
	</OpTeamRequirements>
	<AiOperationDefs>
		<!-- Operation targets non-encampment districts (passive districts) and doesn't target past 16 tiles because that might make the AI travel way too much just to pillage a district -->
		<Row OperationName="Fast District Pillage" TargetType="TARGET_ENEMY_PASSIVE_DISTRICT" EnemyType="WAR" OperationType="OP_PILLAGE" BehaviorTree="District Pillage Harassment" Priority="3" SelfStart="true" MaxTargetDistInRegion="12" MaxTargetDistInArea="12" MaxTargetDistInWorld="12" MinOddsOfSuccess="0.3" MustHaveUnits="2" />
	</AiOperationDefs>
	<AllowedOperations>
		<Row ListType="Default_List" OperationDef="Fast District Pillage" />
	</AllowedOperations>
	
	<!-- Behavior tree powering new operation, powers how unis in the operation _should_ target districts, move to them, and pillage -->
	<!-- Delnar: Holy balls was this a pain in the backside to edit without the tool that Firaxis obviously uses, and I don't even know if it works properly.
		 This is why I'm going to wait for the SDK before making major edits to behavior trees and their nodes.

		 Also, disclaimer, some of my explanations may not be correct, especially the odd list + decorator combo and the way concurrent nodes trigger.
		 This stuff will hopefully get cleared up once we have proper documentation and/or when we get our hands on the DLL source code...
		 ... or just after months' worth of trial and error. -->
	
<!-- Behavior tree's definition -->
<BehaviorTrees>
	<Row TreeName="District Pillage Harassment" />
</BehaviorTrees>
	
<!-- New behavior tree's nodes, cross-reference with NodeDefinitions and TreeData to make sure the right thing is being done -->
<BehaviorTreeNodes>
		<!-- List proceeds as followed (each row corresponds to one node), list is modelled after Simple Operation Attack
		
		Tree runs until encounters FAILURE or RUNNING (standard for all trees)
		Pillage districts (improvements ignored, restriction in TreeData)
		Recruitment and retargeting sequence, basically lets the AI cycle through backups (child nodes) until it starts running one, then pick up where it left off when this is run again
		  Create a new value list  (check TreeData)
		  Label 1: Do the following until failure, then jump to Label 2
		    Decorate newly created value list as a list for unit recruitment values, name list "Recruitment Contracts"
				- Delnar: I don't know why this ^ here is under Label 1, it makes more sense to occur before the label, but Simple Operation Attack had it like this, so huh
		    Select eligible units (from the formation) using "Recruitment Contracts" as storage to carry out the next nodes' orders
		    Attack units that are along the way to target district, but only if at favorable odds (see TreeData)
		    Move towards target district
		  Label 2: Do the following until failure, then jump to Label 3
		    Change target to a new district
		    Select eligible units (from the formation) using "Recruitment Contracts" as storage to carry out the next nodes' orders
		    Attack units that are along the way to target district, but only if at favorable odds (see TreeData)
		    Move towards target district
		  Label 3: Do the following until failure, then end
		    Select eligible units (from the formation) using "Recruitment Contracts" as storage to carry out the next nodes' orders
		    Pillage anything nearby (restrictions lifted in TreeData)
		-->
		
<!--<Row NodeType="Concurrent" NodeId="0" TreeName="District Pillage Harassment" JumpTo="17" />--> <!-- Infixo: deleted -->
	<!--<Row NodeType="Operation Pillage" NodeId="1" TreeName="District Pillage Harassment" />--> <!-- Infixo:deleted -->
	<Row NodeType="Sequence" NodeId="1" TreeName="District Pillage Harassment" JumpTo="19" />
		<Row NodeType="Decode Trigger" NodeId="2" TreeName="District Pillage Harassment" />
		<Row NodeType="Concurrent" NodeId="3" TreeName="District Pillage Harassment" JumpTo="9" />
			<Row NodeType="Operation Defend Units" NodeId="4" TreeName="District Pillage Harassment" /> <!-- Infixo -->
			<Row NodeType="Contract Manager Decorator" NodeId="5" TreeName="District Pillage Harassment" JumpTo="7" />
				<Row NodeType="Recruit Units" NodeId="6" TreeName="District Pillage Harassment" />
			<Row NodeType="Operation Attack Units" NodeId="7" TreeName="District Pillage Harassment" />
			<Row NodeType="Operation Move" NodeId="8" TreeName="District Pillage Harassment" />
		<Row NodeType="Concurrent" NodeId="9" TreeName="District Pillage Harassment" JumpTo="15" />
			<Row NodeType="Operation Defend Units" NodeId="10" TreeName="District Pillage Harassment" /> <!-- Infixo -->
			<Row NodeType="Operation Change Target" NodeId="11" TreeName="District Pillage Harassment" />
			<Row NodeType="Recruit Units" NodeId="12" TreeName="District Pillage Harassment" />
			<Row NodeType="Operation Attack Units" NodeId="13" TreeName="District Pillage Harassment" />
			<Row NodeType="Operation Move" NodeId="14" TreeName="District Pillage Harassment" />
		<Row NodeType="Concurrent" NodeId="15" TreeName="District Pillage Harassment" JumpTo="19" />
			<Row NodeType="Operation Defend Units" NodeId="16" TreeName="District Pillage Harassment" /> <!-- Infixo -->
			<Row NodeType="Recruit Units" NodeId="17" TreeName="District Pillage Harassment" />
			<Row NodeType="Operation Pillage" NodeId="18" TreeName="District Pillage Harassment" />

</BehaviorTreeNodes>


	<!-- "Operation Defend Units" -->
    <Row DefnId="0" NodeId="3" TreeName="Naval Superiority Tree" DefaultData="40" />


<!-- This is where the arguments and data fields for each node are. DefnID = argument ID, NodeId = node ID
     Cross-reference with BehaviorTreeNodes and NodeDataDefinitions to make sure you're editing the right nodes and fields. -->
<TreeData>

	<!--<Row DefnId="0" NodeId="2" TreeName="District Pillage Harassment" DefaultData="true" />--> <!-- Infixo: deleted looping -->
	<!--<Row DefnId="1" NodeId="2" TreeName="District Pillage Harassment" DefaultData="false" />--> <!-- Infixo: deleted -->
	<!-- "Decode Trigger" -->
	<Row DefnId="0" NodeId="2" TreeName="District Pillage Harassment" Tag="Unused" />
	<Row DefnId="1" NodeId="2" TreeName="District Pillage Harassment" />
	<Row DefnId="2" NodeId="2" TreeName="District Pillage Harassment" />
	<Row DefnId="3" NodeId="2" TreeName="District Pillage Harassment" />
	<Row DefnId="4" NodeId="2" TreeName="District Pillage Harassment" />
	<Row DefnId="5" NodeId="2" TreeName="District Pillage Harassment" />
	<Row DefnId="6" NodeId="2" TreeName="District Pillage Harassment" />
	<Row DefnId="7" NodeId="2" TreeName="District Pillage Harassment" />
	<Row DefnId="8" NodeId="2" TreeName="District Pillage Harassment" Tag="Present Value" />
	<!-- "Operation Defend Units" -->
	<Row DefnId="0" NodeId="4" TreeName="District Pillage Harassment" DefaultData="40" />
	<!-- "Contract Manager Decorator" -->
	<Row DefnId="0" NodeId="5" TreeName="District Pillage Harassment" Tag="Recruitment Contract" />
	<Row DefnId="1" NodeId="5" TreeName="District Pillage Harassment" />
	<Row DefnId="2" NodeId="5" TreeName="District Pillage Harassment" DefaultData="5" />
	<Row DefnId="3" NodeId="5" TreeName="District Pillage Harassment" DefaultData="false" />
	<!-- "Recruit Units" -->
	<Row DefnId="0" NodeId="6" TreeName="District Pillage Harassment" DefaultData="false" />
	<Row DefnId="1" NodeId="6" TreeName="District Pillage Harassment" Tag="Recruitment Contract" />
	<Row DefnId="4" NodeId="6" TreeName="District Pillage Harassment" Tag="Present Value" />
	<!-- "Operation Attack Units" -->
	<Row DefnId="0" NodeId="7" TreeName="District Pillage Harassment" DefaultData="false" />
	<Row DefnId="1" NodeId="7" TreeName="District Pillage Harassment" DefaultData="true" />
	<Row DefnId="2" NodeId="7" TreeName="District Pillage Harassment" DefaultData="false" />
	<!-- "Operation Move" -->
	<Row DefnId="0" NodeId="8" TreeName="District Pillage Harassment" DefaultData="1" />
	<Row DefnId="1" NodeId="8" TreeName="District Pillage Harassment" DefaultData="2" />
	<Row DefnId="2" NodeId="8" TreeName="District Pillage Harassment" DefaultData="true" />
	<Row DefnId="3" NodeId="8" TreeName="District Pillage Harassment" DefaultData="2" />
	<!-- "Operation Defend Units" -->
	<Row DefnId="0" NodeId="10" TreeName="District Pillage Harassment" DefaultData="40" />
	<!-- "Operation Change Target" -->
	<Row DefnId="0" NodeId="11" TreeName="District Pillage Harassment" DefaultData="0" />
	<Row DefnId="1" NodeId="11" TreeName="District Pillage Harassment" DefaultData="-2" />
	<!-- "Recruit Units" -->
	<Row DefnId="0" NodeId="12" TreeName="District Pillage Harassment" DefaultData="true" />
	<Row DefnId="4" NodeId="12" TreeName="District Pillage Harassment" Tag="Present Value" />
	<!-- "Operation Attack Units" -->
	<Row DefnId="0" NodeId="13" TreeName="District Pillage Harassment" DefaultData="false" />
	<Row DefnId="1" NodeId="13" TreeName="District Pillage Harassment" DefaultData="true" />
	<Row DefnId="2" NodeId="13" TreeName="District Pillage Harassment" DefaultData="false" />
	<!-- "Operation Move" -->
	<Row DefnId="0" NodeId="14" TreeName="District Pillage Harassment" DefaultData="1" />
	<Row DefnId="1" NodeId="14" TreeName="District Pillage Harassment" DefaultData="2" />
	<Row DefnId="2" NodeId="14" TreeName="District Pillage Harassment" DefaultData="true" />
	<Row DefnId="3" NodeId="14" TreeName="District Pillage Harassment" DefaultData="2" />
	<!-- "Operation Defend Units" -->
	<Row DefnId="0" NodeId="16" TreeName="District Pillage Harassment" DefaultData="40" />
	<!-- "Recruit Units" -->
	<Row DefnId="0" NodeId="17" TreeName="District Pillage Harassment" DefaultData="true" />
	<Row DefnId="2" NodeId="17" TreeName="District Pillage Harassment" DefaultData="4" />
	<Row DefnId="4" NodeId="17" TreeName="District Pillage Harassment" Tag="Present Value" />
	<!-- "Operation Pillage" -->
	<Row DefnId="0" NodeId="18" TreeName="District Pillage Harassment" DefaultData="true" />
	<Row DefnId="1" NodeId="18" TreeName="District Pillage Harassment" DefaultData="true" />

</TreeData>

</GameInfo>
