﻿<?xml version="1.0" encoding="utf-8"?>
<Context xmlns:xsi="http://www.w3.org/2001/XMLSchema-instance" xsi:noNamespaceSchemaLocation="..\..\..\..\..\CivTech\Libs\ForgeUI\ForgeUI_Assets\Controls.xsd">

    <!-- CUI -->
    <Container ID="Vignette" Style="FullScreenVignetteConsumer" />

    <!-- CUI >> -->
    <Container ID="PopupContainer" Anchor="C,C" Size="1276,760">
		<!-- Little trick: these backgrounds have a bottom border, so we overlap them in this order to make the border vanish. -->
        <Image ID="ModalBG2" Size="parent,parent-750" Texture="GreatWorks_Background" StretchMode="TileX" Offset="0,750" FlipY="1" ConsumeMouseButton="1" ConsumeMouseWheel="1"/>
        <Image ID="ModalBG" Size="parent,760" Texture="GreatWorks_Background" StretchMode="TileX" ConsumeMouseButton="1" ConsumeMouseWheel="1"/>

        <Image Size="parent,40" Texture="Controls_SubHeader2" />
        <Grid Offset="-5,-5" Size="parent+10,parent+10" Style="WindowFrameAlpha"/>
        <Label ID="ModalScreenTitle" Anchor="C,T" Offset="0,8" Style="FontFlair24" FontStyle="glow" ColorSet="ShellHeader" SmallCaps="28" SmallCapsLeading="0" SmallCapsType="EveryWord"/>
        <Button ID="ModalScreenClose" Anchor="R,T" Style="CloseButtonLarge" Offset="-8,-5" />

        <GridButton ID="ViewGallery" Offset="20,51" Size="250,26" Style="ButtonControlTan" String="LOC_GREAT_WORKS_VIEW_GALLERY"/>
        <GridButton ID="SortGreatWork" Offset="280,51" Size="250,26" Style="ButtonControlTan" String="Sort by City"/>
        <GridButton ID="ThemeHelper" Offset="540,51" Size="250,26" Style="ButtonControlTan" String="LOC_CUI_GW_THEMING_HELPER"/>

        <Label ID="ProvidingLabel" Anchor="R,T" Offset="30,57" Style="GreatWorksSubHeader" String="LOC_GREAT_WORKS_PROVIDING"/>
        <Stack ID="TotalResources" Anchor="R,T" Offset="30,57" Padding="10" StackGrowth="right"/>
        <!-- << CUI -->

        <!-- CUI -->
        <Grid Offset="7,80" Size="parent-16,54" Texture="GreatWorks_Header" SliceCorner="18,18" SliceSize="18,18" SliceTextureSize="60,54">
            <!-- CUI -->
            <Label ID="PlacingTitle" Offset="27,18" Style="GreatWorksHeader" String="LOC_GREAT_WORKS_ORGANIZE_GREAT_WORKS"/>

            <Container ID="PlacingContainer" Size="parent,parent">
                <!-- CUI >> -->
                <Image ID="PlacingIcon" Offset="330,-6" Texture="GreatWorks64" Size="64,64"/>
                <Label ID="PlacingName" Offset="400,20" Style="GreatWorksSubHeader"/>
                <GridButton ID="ViewGreatWork" Anchor="R,T" Offset="15,8" Texture="Controls_ButtonControl_Tan" SliceCorner="7,7" SliceSize="9,9" SliceTextureSize="24,24" StateOffsetIncrement="0,24" String="LOC_GREAT_WORKS_VIEW_GREAT_WORK"/>
                <!-- << CUI -->
            </Container>
            <Container ID="HeaderStatsContainer">
                <!-- CUI >> -->
                <Label ID="LabelDisplayTitle" Offset="-1202,10" Align="right" Anchor="R,T" Style="GreatWorksSubHeader" String="LOC_GREAT_WORKS_SCREEN_TITLE"/>
                <Label ID="LabelDisplaySpaces" Offset="-1202,30" Align="right" Anchor="R,T" Style="GreatWorksSubHeader" String="LOC_GREAT_WORKS_DISPLAY_SPACES"/>
                <Label ID="NumGreatWorks" Offset="1212,7" Align="left" Anchor="L,T" Style="GreatWorksSubHeader" String="999"/>
                <Label ID="NumDisplaySpaces" Offset="1212,30" Align="left" Anchor="L,T" Style="GreatWorksSubHeader" String="999"/>
                <!-- << CUI -->
            </Container>
        </Grid>
        <!-- CUI -->
        <ScrollPanel ID="GreatWorksScrollPanel" Size="parent-20,parent-150" Offset="7,140" Vertical="false" AutoScrollBar="1">
            <Stack ID="GreatWorksStack" Padding="5" StackGrowth="down" WrapWidth="620" WrapGrowth="right"/>
            <ScrollBar ID="GreatWorksScrollbar" Offset="0,-2" Anchor="C,B" Style="ScrollHorizontalBar"/>
        </ScrollPanel>
        <!-- CUI >> -->
        <Container ID="MovingOverlay" Hidden="1">
            <Image ID="MovingIcon" Texture="GreatWorks64" Size="64,64"/>
        </Container>
        <!-- << CUI -->
    </Container>

    <!-- ==================================================================	-->
    <!--	Instances																													-->
    <!-- ==================================================================	-->
    <Instance Name="GreatWorkSlot">
        <Container ID="TopControl" Size="248,150">
            <Button ID="DefaultBG" Texture="GreatWorks_MuseumSlot" Size="248,150" NoStateChange="true"/>
            <Button ID="HighlightedBG" Offset="2,2" Texture="GreatWorks_MuseumHighlight" Size="244,146" NoStateChange="true" Hidden="1"/>
            <Label ID="BuildingName" Offset="0,10" Anchor="C,T" Align="center" Style="GreatWorksBuildingName"/>
            <Label ID="CityName" Offset="0,27" Anchor="C,T" Align="center" Style="GreatWorksCityName"/>
            <Stack ID="GreatWorks" Size="248,150" Offset="0,2" Anchor="C,C" Padding="2" StackGrowth="right"/>
            <Label ID="ThemingLabel" Offset="0,111" Anchor="C,T" Align="center" Style="GreatWorksBuildingTheme"/>
            <Stack ID="ThemeBonuses" Offset="0,131" Anchor="C,T" Padding="5" StackGrowth="right"/>
            <Image ID="DisabledBG" Offset="-5,-5" Texture="GreatWorks_MuseumLowLight" Size="258,160" Hidden="1"/>
        </Container>
    </Instance>

    <Instance Name="GreatWork">
        <Container ID="TopControl" Size="38,64">
            <Button ID="EmptySlot" Offset="0,2" Texture="GreatWorks_EmptySlot" Size="38,60" NoStateChange="true"/>
            <Button ID="EmptySlotHighlight" Offset="-2,0" Texture="GreatWorks_EmptySlotHighlight" Size="42,64" NoStateChange="true" Hidden="1"/>
            <Image ID="SlotTypeIcon" Anchor="C,C" Texture="GreatWorksSlotTypes40" Size="40,40"/>

            <Drag ID="GreatWorkDraggable" Size="parent,parent" Buttons="L" SnapBackSpeed="0" DragThreshold="8">
                <Image ID="GreatWorkIcon" Offset="-13,-2" Texture="GreatWorks64" Size="64,64"/>
            </Drag>
            <!-- CUI >> -->
            <Grid ID="LockMask" Anchor="C,C" Hidden="1">
                <Grid ID="LockColor" Anchor="C,C" Size="38,60" Color="Clear" Alpha="0.7" Texture="Controls_SubContainerFill" SliceCorner="10,10" SliceTextureSize="18,18" SliceStart="2,2"/>
                <Label ID="LockText" Anchor="C,C" Offset="2,14" Size="38,14" Style="FontFlair12" Color="White" String="10[ICON_TURN]"/>
            </Grid>
            <Grid ID="ThemeMask" Anchor="C,C" Hidden="1">
                <Grid ID="ThemeColor" Anchor="C,C" Size="38,60" Color="Clear" Alpha="0.7" Texture="Controls_SubContainerFill" SliceCorner="10,10" SliceTextureSize="18,18" SliceStart="2,2"/>
                <Grid ID="ThemeBacking" Anchor="C,C" Offset="0,14" Size="30,16" Texture="Controls_ItemContainer" SliceCorner="8,8" SliceTextureSize="16,16">
                    <Label ID="ThemeText" Anchor="C,C" Offset="0,0" Size="38,18" Style="FontFlair12" Color="White" String="10"/>
                </Grid>
            </Grid>
            <Image ID="LockIcon" Anchor="C,C" Hidden="1" Offset="0,-10" Size="32,32" Alpha="1" Texture="Padlock"/>
            <!-- << CUI -->
        </Container>
    </Instance>


    <Instance Name="Resource">
        <Label ID="Resource" Anchor="C,C" Style="GreatWorksBuildingTheme"/>
    </Instance>

    <Instance Name="AgregateResource">
        <Label ID="Resource" Anchor="C,C" Style="GreatWorksAggregateResources"/>
    </Instance>

</Context>
