<?xml version="1.0" encoding="utf-8"?>
<!--
--------------------------------------------------------------
-- Better Civilopedia
-- Author: Infixo
-- 2018-03-23: Created, Tables of Units
-- 2018-03-25: Added Random Agendas
-- 2018-03-30: Added Unit Abilities
-- 2023-04-03: Added District Adjacencies
-- 2023-04-05: Added Time Strategies
-- 2023-04-06: Added Strategies
--------------------------------------------------------------
-->
<GameInfo>
	<!-- Random Agendas will be addedd as another PageGroup in CIVILIZATIONS section, Unit Abilities into UNITPROMOTIONS -->
	<CivilopediaPageGroups>
		<Row SectionID="CIVILIZATIONS"  PageGroupId="RANDAGENDAS"    Name="LOC_DIPLOMACY_INTEL_RANDOM_AGENDA"                      Tooltip="" VisibleIfEmpty="false" SortIndex="30"/>
		<Row SectionID="CIVILIZATIONS"  PageGroupId="STRATEGIES"     Name="LOC_BCP_AI_STRATEGIES"                                  Tooltip="" VisibleIfEmpty="false" SortIndex="35"/>
		<Row SectionID="CIVILIZATIONS"  PageGroupId="TIMESTRATEGIES" Name="LOC_BCP_AI_TIME_STRATS"                                 Tooltip="" VisibleIfEmpty="false" SortIndex="40"/>
		<Row SectionID="UNITPROMOTIONS" PageGroupId="UNITABILITIES"  Name="LOC_PEDIA_UNITPROMOTIONS_PAGEGROUP_UNIT_ABILITIES_NAME" Tooltip="" VisibleIfEmpty="false" SortIndex="100"/>
	</CivilopediaPageGroups>
	<!-- Queries to select pages into a PageGroup -->
	<CivilopediaPageQueries>
		<Row SectionId="CIVILIZATIONS" PageGroupIdColumn="PageGroupId" TooltipColumn="Tooltip" SortIndex="10">
			<SQL>SELECT AgendaType as PageId, "RANDAGENDAS" as PageGroupId, "RandAgenda" as PageLayoutId, Name, NULL as Tooltip FROM Agendas WHERE AgendaType IN (SELECT AgendaType FROM RandomAgendas)</SQL>
		</Row>
		<Row SectionId="CIVILIZATIONS" PageGroupIdColumn="PageGroupId" TooltipColumn="Tooltip" SortIndex="10">
			<SQL>SELECT StrategyType as PageId, "STRATEGIES" as PageGroupId, "Strategy" as PageLayoutId, StrategyType, NULL as Tooltip FROM Strategies</SQL>
		</Row>
		<Row SectionId="UNITPROMOTIONS" PageGroupIdColumn="PageGroupId" TooltipColumn="Tooltip" SortIndex="10">
			<SQL>SELECT UnitAbilityType as PageId, "UNITABILITIES" as PageGroupId, "UnitAbility" as PageLayoutId, Name, NULL as Tooltip FROM UnitAbilities</SQL>
		</Row>
	</CivilopediaPageQueries>
	<!-- Each page will be added separately as there's no simple query to select the groups from DB -->
	<CivilopediaPages>
		<Row SectionID="UNITS" PageId="MELEE"   PageLayoutId="TableUnits" SortIndex="1" Name="{LOC_FORMATION_CLASS_LAND_COMBAT_NAME}: {LOC_PROMOTION_CLASS_MELEE_NAME}"/>
		<Row SectionID="UNITS" PageId="RANGED"  PageLayoutId="TableUnits" SortIndex="2" Name="{LOC_FORMATION_CLASS_LAND_COMBAT_NAME}: {LOC_PROMOTION_CLASS_RANGED_NAME}"/>
		<Row SectionID="UNITS" PageId="CAVALRY" PageLayoutId="TableUnits" SortIndex="3" Name="{LOC_FORMATION_CLASS_LAND_COMBAT_NAME}: {LOC_UNIT_CAVALRY_NAME}"/>
		<Row SectionID="UNITS" PageId="NAVAL"   PageLayoutId="TableUnits" SortIndex="4" Name="LOC_FORMATION_CLASS_NAVAL_NAME"/>
		<Row SectionID="UNITS" PageId="AIR"     PageLayoutId="TableUnits" SortIndex="5" Name="LOC_FORMATION_CLASS_AIR_NAME"/>
		<Row SectionID="UNITS" PageId="SUPPORT" PageLayoutId="TableUnits" SortIndex="6" Name="LOC_FORMATION_CLASS_SUPPORT_NAME"/>
		<Row SectionID="DISTRICTS" PageId="ADJACENCIES" PageLayoutId="Adjacencies" SortIndex="1" Name="LOC_HUD_REPORTS_ADJACENCY_BONUS"/>
		<Row SectionID="CIVILIZATIONS" PageId="TIME_ANCIENT_CHANGES"      PageGroupId="TIMESTRATEGIES" PageLayoutId="TimeStrategy" SortIndex="1" Name="LOC_ERA_ANCIENT_NAME"/>
		<Row SectionID="CIVILIZATIONS" PageId="TIME_CLASSICAL_CHANGES"    PageGroupId="TIMESTRATEGIES" PageLayoutId="TimeStrategy" SortIndex="2" Name="LOC_ERA_CLASSICAL_NAME"/>
		<Row SectionID="CIVILIZATIONS" PageId="TIME_MEDIEVAL_CHANGES"     PageGroupId="TIMESTRATEGIES" PageLayoutId="TimeStrategy" SortIndex="3" Name="LOC_ERA_MEDIEVAL_NAME"/>
		<Row SectionID="CIVILIZATIONS" PageId="TIME_RENAISSANCE_CHANGES"  PageGroupId="TIMESTRATEGIES" PageLayoutId="TimeStrategy" SortIndex="4" Name="LOC_ERA_RENAISSANCE_NAME"/>
		<Row SectionID="CIVILIZATIONS" PageId="TIME_INDUSTRIAL_CHANGES"   PageGroupId="TIMESTRATEGIES" PageLayoutId="TimeStrategy" SortIndex="5" Name="LOC_ERA_INDUSTRIAL_NAME"/>
		<Row SectionID="CIVILIZATIONS" PageId="TIME_MODERN_CHANGES"       PageGroupId="TIMESTRATEGIES" PageLayoutId="TimeStrategy" SortIndex="6" Name="LOC_ERA_MODERN_NAME"/>
		<Row SectionID="CIVILIZATIONS" PageId="TIME_ATOMIC_CHANGES"       PageGroupId="TIMESTRATEGIES" PageLayoutId="TimeStrategy" SortIndex="7" Name="LOC_ERA_ATOMIC_NAME"/>
		<Row SectionID="CIVILIZATIONS" PageId="TIME_INFORMATION_CHANGES"  PageGroupId="TIMESTRATEGIES" PageLayoutId="TimeStrategy" SortIndex="8" Name="LOC_ERA_INFORMATION_NAME"/>
		<Row SectionID="CIVILIZATIONS" PageId="TIME_FUTURE_CHANGES"       PageGroupId="TIMESTRATEGIES" PageLayoutId="TimeStrategy" SortIndex="9" Name="LOC_ERA_FUTURE_NAME"/>
	</CivilopediaPages>
	<!-- new layout -->
	<CivilopediaPageLayouts>
		<Row PageLayoutId="TableUnits"   ScriptTemplate="TableUnits"/>
		<Row PageLayoutId="RandAgenda"   ScriptTemplate="RandAgenda"/>
		<Row PageLayoutId="UnitAbility"  ScriptTemplate="UnitAbility"/>
		<Row PageLayoutId="Adjacencies"  ScriptTemplate="Adjacencies"/>
		<Row PageLayoutId="TimeStrategy" ScriptTemplate="TimeStrategy"/>
		<Row PageLayoutId="Strategy"     ScriptTemplate="Strategy"/>
	</CivilopediaPageLayouts>
</GameInfo>
