<?xml version="1.0" encoding="utf-8"?>
<Context>

    <!-- PauseAnim - The amount of time that the list should wait before collapsing. -->
    <SlideAnim ID="PauseCollapseList" Speed="10" Begin="-10,0" End="0,0" Cycle="Once"/>
    <!-- PauseAnim - The amount of time that the window should wait before hiding. -->
    <SlideAnim ID="PauseDismissWindow" Speed="5" Begin="-10,0" End="0,0" Cycle="Once"/>

    <!-- An animated bouncing arrow to point to items in the tutorial's production panel -->
    <Instance Name="TutorialBouncingArrowH">
        <SlideAnim Start="0,0" EndOffset="20,0" Cycle="Bounce" Speed="1.2" Function="OutSine" EndPause=".4" Anchor="R,T" AnchorSide="O,I" Size="59,44">
            <Image Texture="Tutorial_ArrowH" Offset="-58, 5" Size="parent,parent"/>
        </SlideAnim>
    </Instance>

    <AlphaAnim ID="AlphaIn" Anchor="R,T" Size="350,parent" AlphaBegin="0" AlphaEnd="1" Function="OutSine" Speed="3.4" Cycle="Once">
        <SlideAnim ID="SlideIn" Size="350,parent" Begin="330,0" End="0,0" Function="OutSine" Speed="3.4" Cycle="Once">
            <!--<Grid ID="DropShadow" Anchor="R,T" Offset="-50,140" Size="450,100" Style="DropShadow" />-->
            <!-- CUI -->
            <Grid ID="Window" Anchor="R,T" Offset="0,26" Size="350,parent-30" Style="WindowFillHUD">
                <Image Texture="Controls_GradientSmall" Size="22,parent" AnchorSide="O,I" Anchor="L,T" Color="0,0,0,190" Rotate="90" Offset="-1,0"/>

                <!-- Deco Stripes on the sides of the window -->
                <Box Color="12,24,38,200" Size="2,parent" Offset="4,0"/>
                <Box Color="12,24,38,200" Size="2,parent" Anchor="R,T" Offset="4,0"/>

                <Container ID="ProductionPanel" Size="parent,parent" ConsumeMouse="1">

                    <!-- All Window Content -->
                    <Container ID="WindowContent" Offset="0,100" Size="parent,parent">
                        <Container ID="ChooseProductionMenu" Size="parent,parent">
                            <!-- Currently Producing Area -->
                            <!-- Before a city has produced anything, this panel will be hidden and the scrollpanel will extend to the top -->
                            <Grid ID="TopStackContainer" Size="350,auto" AutoSizePadding="0,3" Texture="Controls_SubHeader2" SliceCorner="20,1" SliceTextureSize="40,40" Hidden="0" Color="255,255,255,150">
                                <!-- CUI -->
                                <Stack ID="TopStack" StackGrowth="Down" StackPadding="0">
                                    <!-- CUI -->
                                    <Container ID="CurrentProductionContainer" Size="parent,64" Offset="0,0">
                                        <!-- CUI -->
                                        <GridButton ID="CurrentProductionButton" Anchor="C,C" Size="342,56" Texture="QueueSlot_Button" SliceCorner="20,23" SliceSize="2,2" SliceTextureSize="42,48" StateOffsetIncrement="0,48">
                                            <!-- Progress-->
                                            <Image Texture="CityPanel_MeterSmallBacking" Size="71,21" Anchor="R,T" Offset="5,5">
                                                <TextureBar ID="CurrentProductionProgress" Texture="CityPanel_ProductionMeterSmall" Size="67,17" Anchor="C,C" Speed="1" Direction="Right" ShadowColor="255,255,255,200"/>
                                                <Label ID="CurrentProductionCost" String="XX [ICON_Turn]" Style="WhiteSemiBold14" Anchor="C,C"/>
                                            </Image>

                                            <!-- Completed Area-->
                                            <Image ID="CompletedArea" Texture="ProductionPanel_QueueButtonTile" StretchMode="Tile" Size="parent-6,56" Anchor="C,B" Offset="0,1" ConsumeMouse="1">
                                                <Grid Texture="ProductionPanel_QueueButton" Size="parent+6,60" SliceStart="0,300" SliceCorner="51,30" SliceTextureSize="102,60" Anchor="C,T" Offset="0,-2"/>
                                            </Image>

                                            <Stack Anchor="L,C" Offset="70,0" StackPadding="">
                                                <Label ID="CurrentProductionStatus" Style="HeaderSmallCaps" WrapWidth="190"/>
                                                <Label ID="CurrentProductionName" Style="WhiteSemiBold14" WrapWidth="190"/>
                                            </Stack>

                                            <Label ID="CurrentProductionProgressString" Style="WhiteSemiBold14" Color0="172,173,168" Anchor="R,B" Offset="6,6"/>

                                            <!--Icon and Gear-->
                                            <Container Size="72,72" Anchor="L,C" Offset="0,0">
                                                <FlipAnim ID="GearAnim" Texture="CivicPanel_MeterFrameAnim" FrameCount="3" Columns="3" Anchor="L,T" Speed="10" Size="40,40" Stopped="1"/>
                                                <Image Texture="ProductionPanel_MeterFrame" Size="72,72">
                                                    <Image ID="ProductionIcon" Size="50,50" Texture="Buildings50" Anchor="C,C"/>
                                                </Image>
                                            </Container>
                                        </GridButton>

                                        <!-- CUI -->
                                        <GridButton ID="NoProductionContainer" Anchor="C,C" Size="342,56" Texture="QueueSlot_Button" SliceCorner="20,23" SliceSize="2,2" SliceTextureSize="42,48" StateOffsetIncrement="0,48" Disabled="1">
                                            <Label Anchor="C,C" Align="Center" Style="FontNormal16" Color="255,255,255,75" String="1"/>
                                        </GridButton>
                                    </Container>

                                    <!--Production Queue-->
                                    <!-- CUI -->
                                    <Container ID="QueueContainer" Anchor="C,T" Offset="0,4" Size="parent,48" Hidden="1">
                                        <Stack Anchor="C,C" StackGrowth="Right" StackPadding="1">
                                            <Stack ID="QueueStack" StackGrowth="Right" StackPadding="1"/>
                                            <GridButton ID="TrashButton" Size="42,48" Texture="QueueSlot_Button" SliceCorner="20,23" SliceSize="2,2" SliceTextureSize="42,48" StateOffsetIncrement="0,48">
                                                <Image Anchor="C,C" Size="32,32" Texture="QueueTrash"/>
                                            </GridButton>
                                        </Stack>
                                    </Container>

                                    <!-- Scroll To Buttons -->
                                    <Container ID="ScrollToButtonContainer" Anchor="C,T" Size="parent,36">
                                        <!-- CUI >> -->
                                        <Stack Anchor="C,C" StackGrowth="Right" StackPadding="12">
                                            <GridButton ID="BuildingsButton" Size="64,30" Style="ButtonControl" ToolTip="LOC_PRODUCTION_PANEL_SCROLL_TO_BUILDINGS">
                                                <Image Anchor="C,C" Size="22,22" IconSize="22" Icon="ICON_STAT_DISTRICTS"/>
                                            </GridButton>
                                            <GridButton ID="WondersButton" Size="64,30" Style="ButtonControl" ToolTip="LOC_PRODUCTION_PANEL_SCROLL_TO_WONDERS">
                                                <Image Anchor="C,C" Size="22,22" IconSize="22" Icon="ICON_STAT_WONDERS"/>
                                            </GridButton>
                                            <GridButton ID="UnitsButton" Size="64,30" Style="ButtonControl" ToolTip="LOC_PRODUCTION_PANEL_SCROLL_TO_UNITS">
                                                <Image Anchor="C,C" Size="22,22" IconSize="22" Icon="ICON_STAT_UNITS"/>
                                            </GridButton>
                                            <GridButton ID="ProjectsButton" Size="64,30" Style="ButtonControl" ToolTip="LOC_PRODUCTION_PANEL_SCROLL_TO_PROJECTS">
                                                <Image Anchor="C,C" Size="22,22" IconSize="22" Icon="ICON_STAT_PROJECTS"/>
                                            </GridButton>
                                        </Stack>
                                        <!-- << CUI -->
                                    </Container>
                                </Stack>
                            </Grid>

                            <ScrollPanel ID="ProductionListScroll" Anchor="L,B" Offset="0,0" Vertical="1" Size="parent-16,parent" AutoScrollBar="1">
                                <Stack ID="ProductionList" StackGrowth="Down" Offset="5,0"/>
                                <ScrollBar Anchor="R,T" AnchorSide="O,I" Offset="1,0" Style="ScrollVerticalBar" />
                            </ScrollPanel>

                            <Tutorial ID="TutTrainBuilders" Style="TutorialContainer" Anchor="L,T" AnchorSide="O,I" Offset="10,315" TriggerBy="TutorialTrainBuilders">
                                <Grid Style="TutorialCalloutGrid">
                                    <Label Style="TutorialHeaderText" String="LOC_META_102_HEAD"/>
                                    <Label Style="TutorialBodyText" String="LOC_META_102_BODY" />
                                </Grid>
                                <MakeInstance Name="TutorialBouncingArrowH"/>
                            </Tutorial>

                            <Tutorial ID="TutTrainSettlers" Style="TutorialContainer" Anchor="L,T" AnchorSide="O,I" Offset="10,256" TriggerBy="TutorialTrainSettlers">
                                <Grid Style="TutorialCalloutGrid">
                                    <Label Style="TutorialHeaderText" String="LOC_META_41_HEAD"/>
                                    <Label Style="TutorialBodyText" String="LOC_META_41_BODY" />
                                </Grid>
                                <MakeInstance Name="TutorialBouncingArrowH"/>
                            </Tutorial>

                            <Tutorial ID="TutTrainSlinger" Style="TutorialContainer" Anchor="L,T" AnchorSide="O,I" Offset=" 10,492" TriggerBy="TutorialTrainSlinger">
                                <Grid Style="TutorialCalloutGrid">
                                    <Label Style="TutorialHeaderText" String="LOC_META_45_HEAD"/>
                                    <Label Style="TutorialBodyText" String="LOC_META_45_BODY" />
                                </Grid>
                                <MakeInstance Name="TutorialBouncingArrowH"/>
                            </Tutorial>

                            <!-- CUI -->
                            <Tutorial ID="TutBuildMonument" Style="TutorialContainer" Anchor="L,T" AnchorSide="O,I" Offset=" 10,151" TriggerBy="TutorialBuildMonument">
                                <Grid Style="TutorialCalloutGrid">
                                    <Label Style="TutorialHeaderText" String="LOC_META_27_HEAD" />
                                    <Label Style="TutorialBodyText" String="LOC_META_27_BODY" />
                                </Grid>
                                <MakeInstance Name="TutorialBouncingArrowH"/>
                            </Tutorial>

                            <!-- CUI -->
                            <Tutorial ID="TutBuildCampus" Style="TutorialContainer" Anchor="L,T" AnchorSide="O,I" Offset=" 10,212" TriggerBy="TutorialBuildCampus">
                                <Grid Style="TutorialCalloutGrid">
                                    <Label Style="TutorialHeaderText" String="LOC_META_80_HEAD"/>
                                    <Label Style="TutorialBodyText" String="LOC_META_80_BODY" />
                                </Grid>
                                <MakeInstance Name="TutorialBouncingArrowH"/>
                            </Tutorial>

                            <!-- CUI -->
                            <Tutorial ID="TutBuildLibrary" Style="TutorialContainer" Anchor="L,T" AnchorSide="O,I" Offset=" 10,256" TriggerBy="TutorialBuildLibrary">
                                <Grid Style="TutorialCalloutGrid">
                                    <Label Style="TutorialHeaderText" String="LOC_META_87_HEAD"/>
                                </Grid>
                                <MakeInstance Name="TutorialBouncingArrowH"/>
                            </Tutorial>

                            <!-- CUI -->
                            <Tutorial ID="TutTrainWarriors" Style="TutorialContainer" Anchor="L,T" AnchorSide="O,I" Offset="10,377" TriggerBy="TutorialTrainWarriors">
                                <Grid Style="TutorialCalloutGrid">
                                    <Label Style="TutorialHeaderText" String="LOC_META_4a_HEAD" />
                                    <Label Style="TutorialBodyText" String="LOC_META_4a_BODY" />
                                </Grid>
                                <MakeInstance Name="TutorialBouncingArrowH"/>
                            </Tutorial>
                        </Container>

                        <Container ID="QueueListContainer" Size="parent,parent" StretchMode="Fill" Hidden="1">
                            <ScrollPanel ID="QueueListScroll" Anchor="L,B" Offset="0,0" Vertical="1" Size="parent-16,parent" AutoScrollBar="1">
                                <Stack ID="QueueList" StackGrowth="Down" Offset="5,0"/>
                                <ScrollBar Anchor="R,T" AnchorSide="O,I" Offset="1,0" Style="ScrollVerticalBar" />
                            </ScrollPanel>
                        </Container>

                        <Container ID="PurchaseMenu" Size="parent,parent" StretchMode="Fill" Hidden="1">
                            <Grid ID="NoGoldContent" Anchor="C,T" Offset="0,50" Size="300,auto" Style="DecoFrame" Hidden="1" AutoSizePadding="0,20">
                                <Label Anchor="C,C" WrapWidth="250" Style="FontNormal14" Color="102,122,145" Align="Center" String="LOC_PRODPANEL_PURCHASE_GOLD_NO_CONTENT" />
                            </Grid>
                            <ScrollPanel ID="PurchaseListScroll" Anchor="L,B" Offset="0,0" Vertical="1" Size="parent-16,parent" AutoScrollBar="1">
                                <Stack ID="PurchaseList" StackGrowth="Down" Offset="5,0"/>
                                <ScrollBar Anchor="R,T" AnchorSide="O,I" Offset="1,0" Style="ScrollVerticalBar" />
                            </ScrollPanel>
                        </Container>

                        <Container ID="PurchaseFaithMenu" Size="parent,parent" StretchMode="Fill" Hidden="1">
                            <Grid ID="NoFaithContent" Anchor="C,T" Offset="0,50" Size="300,auto" Style="DecoFrame" Hidden="1" AutoSizePadding="0,20">
                                <Label Anchor="C,C" WrapWidth="250" Style="FontNormal14" Color="102,122,145" Align="Center" String="LOC_PRODPANEL_PURCHASE_FAITH_NO_CONTENT" />
                            </Grid>
                            <ScrollPanel ID="PurchaseFaithListScroll" Anchor="L,B" Offset="0,0" Vertical="1" Size="parent-16,parent" AutoScrollBar="1">
                                <Stack ID="PurchaseFaithList" StackGrowth="Down" Offset="5,0"/>
                                <ScrollBar Anchor="R,T" AnchorSide="O,I" Offset="1,0" Style="ScrollVerticalBar" />
                            </ScrollPanel>
                        </Container>

                    </Container>

                    <!-- Tab Subheader-->

                    <!-- CUI >> -->
                    <Container ID="TabContainer" Anchor="C,T" Size="parent,auto" Offset="0,27">
                        <Image Texture="Controls_TabLedgeFill.dds" Size="parent-26,23" Offset="13,4" StretchMode="Tile"/>
                        <Grid ID="WoodenTabBacking" Style="WoodenTabBacking" Size="parent,31"/>
                        <Container ID="TabRow" Size="parent,auto" Anchor="C,T" Offset="0,6">

                            <Button ID="ProductionTab" Offset="0,0" Anchor="L,T" String="[ICON_ProductionLarge]" UseSelectedTextures="1" Size="44,44" Texture="LaunchBar_Hook_ButtonMedium" Style="ButtonNormalText"/>
                            <Button ID="PurchaseTab" Offset="50,0" Anchor="L,T" String="[ICON_GoldLarge]" UseSelectedTextures="1" Size="44,44" Texture="LaunchBar_Hook_ButtonMedium" Style="ButtonNormalText"/>
                            <Button ID="PurchaseFaithTab" Offset="100,0" Anchor="L,T" String="[ICON_FaithLarge]" UseSelectedTextures="1" Size="44,44" Texture="LaunchBar_Hook_ButtonMedium" Style="ButtonNormalText"/>
                            <Button ID="QueueTab" Offset="150,0" Anchor="L,T" String="[ICON_ProductionQueue]" UseSelectedTextures="1" Size="44,44" Texture="LaunchBar_Hook_ButtonMedium" Style="ButtonNormalText"/>
                            <Button ID="ManagerTab" Offset="200,0" Anchor="L,T" String="[ICON_ProductionQueue]" UseSelectedTextures="1" Size="44,44" Texture="LaunchBar_Hook_ButtonMedium" Style="ButtonNormalText"/>

                            <SlideAnim ID="TabAnim" Begin="0,0" End="0,0" Cycle="Once" Speed="3.5" Function="OutQuint" Size="67,28">
                                <Image ID="TabArrow" Texture="LaunchBar_HookSelectArrow_Medium2" Size="67,68" Offset="0,-17" />
                            </SlideAnim>

                            <!-- CUI: switch version -->
                            <GridButton ID="SwitchVersionButton" Anchor="L,C" Size="26,26" Offset="10,-2" Style="ButtonControlTan">
                                <Label ID="PanelVersion" String="v" Anchor="C,C" Offset="0,1" Style="WhiteSemiBold14"/>
                            </GridButton>

                            <!-- CUI: queue on default -->
                            <CheckBox ID="QueueOnDetault" Anchor="R,C" Offset="10,-4" ToolTip="LOC_CUI_PP_QUEUE_DEFAULT" ButtonSize="30,30" ButtonTexture="Controls_CheckboxCircle" CheckTexture="Controls_CheckboxCircle" CheckSize="35,35" CheckTextureOffset="0,35" Style="FontNormal16" NoStateChange="1"/>

                            <Button Hidden="1" ID="MiniProductionTab" Offset="0,8" Anchor="L,T" String="[ICON_ProductionLarge]" UseSelectedTextures="1" Size="44,44" Texture="LaunchBar_Hook_ButtonMedium" Style="ButtonNormalText"/>
                            <Button Hidden="1" ID="MiniPurchaseTab" Offset="0,8" Anchor="L,T" String="[ICON_GoldLarge]" UseSelectedTextures="1" Size="44,44" Texture="LaunchBar_Hook_ButtonMedium" Style="ButtonNormalText"/>
                            <Button Hidden="1" ID="MiniPurchaseFaithTab" Offset="0,8" Anchor="L,T" String="[ICON_FaithLarge]" UseSelectedTextures="1" Size="44,44" Texture="LaunchBar_Hook_ButtonMedium" Style="ButtonNormalText"/>

                            <SlideAnim Hidden="1" ID="MiniTabAnim" Begin="0,0" End="0,0" Cycle="Once" Speed="3.5" Function="OutQuint" Size="67,68">
                                <Image Hidden="1" ID="MiniTabArrow" Texture="LaunchBar_HookSelectArrow_Medium2" Size="67,68"/>
                            </SlideAnim>
                        </Container>

                    </Container>
                </Container>
                <!-- << CUI -->

                <!-- Blue Window Header -->
                <Grid Anchor="R,T" Size="parent+16,59" Style="HeaderBannerRight">
                    <Container Anchor="L,T" Size="parent-20,parent-27">
                        <Label ID="HeaderLabel" Anchor="C,T" Offset="10,10" Style="BannerHeaderText" String="LOC_HUD_CHOOSE_PRODUCTION" />
                    </Container>
                    <Image Anchor="R,T" Size="38,30" Texture="Controls_CornerDetail.dds" />
                    <Button ID="CloseButton" Anchor="R,T" Offset="-2,-3" Style="CloseButtonSmall" />
                </Grid>

                <Image Anchor="L,B" Size="parent,30" StretchMode="Fill" Color="255,255,255,100" Texture="Controls_ScrollMaskLower.dds" />
                <Image Anchor="L,B" Size="parent,11" StretchMode="Fill" AnchorSide="I,O" Texture="Controls_WoodenRim.dds" />


            </Grid>
        </SlideAnim>
    </AlphaAnim>

    <Container Anchor="C,C" Size="1024,768">
        <Image ID="MovingIcon" Icon="ICON_BUILDING_BARRACKS" IconSize="38" Size="38,38" Hidden="1"/>
    </Container>

    <!-- =========================== Instances ========================== -->
    <Instance Name="NestedList">
        <Stack ID="Top" StackGrowth="Down">
            <!-- CUI -->
            <GridButton ID="Header" Style="ButtonExpand" String="Districts" Size="330,33"/>
            <!-- CUI -->
            <GridButton ID="HeaderOn" Style="ButtonExpandSelected" String="Districts" Size="330,33" Hidden="1"/>
            <SlideAnim ID="ListSlide" Speed="3.5" Begin="0,-10" End="0,0" Cycle="Once" Size="400,auto">
                <AlphaAnim ID="ListAlpha" Speed="4" AlphaBegin="0" AlphaEnd="1" Cycle="Once" Size="default,auto">
                    <Stack ID="List" StackGrowth="Down" Offset="5,0" Padding="2"/>
                </AlphaAnim>
            </SlideAnim>
            <Grid Style="Drawer" Size="325,6" Offset="4,-1" />
        </Stack>
    </Instance>

    <Instance Name="BuildingListInstance">
        <Container ID="Root" Size="320,auto">
            <!-- CUI -->
            <Container ID="ButtonContainer" Size="parent,32" Anchor="R,B">
                <!-- CUI -->
                <GridButton ID="Button" Size="parent,32" Style="ProductionButton" Anchor="R,B">
                    <!-- CUI -->
                    <Container Size="32,32">
                        <!-- CUI -->
                        <Image ID="Icon" Size="32,32" Texture="Wonders38" Anchor="C,C" Offset="6,0"/>
                    </Container>
                    <Container Size="parent-65,parent-15" Anchor="R,C" Offset="10,0">
                        <!-- CUI -->
                        <Label ID="LabelText" WrapWidth="135" String="?Industrial Zone" Style="WhiteSemiBold14" Anchor="L,C"/>
                    </Container>
                    <!-- CUI -->
                    <Stack Anchor="R,C" StackGrowth="Left" Padding="0">
                        <!-- CUI -->
                        <Grid ID="RecommendedIcon" SliceTextureSize="40,34" SliceCorner="22,15" Size="0,0" Hidden="1" Texture="Controls_AdvisorRecBacking" ToolTip="LOC_HUD_UNIT_PANEL_RECOMMENDED" Anchor="R,T">
                            <Image Texture="AdvisorRec22" Size="22,22" Anchor="R,T" Offset="6,4">
                                <FlipAnim Texture="AdvisorRecAnim22" Size="26,26" Anchor="C,C" FrameCount="12" Columns="4" Speed="14" EndPause="3" Color="255,255,255,200"/>
                            </Image>
                        </Grid>
                        <Container Size="71,21" Anchor="R,C" Offset="3,0">
                            <!-- CUI -->
                            <Image ID="ProductionProgressArea" Texture="CityPanel_MeterSmallBacking" Size="71,21" Anchor="R,C" Offset="5,0">
                                <TextureBar ID="ProductionProgress" Texture="CityPanel_ProductionMeterSmall" Size="67,17" Anchor="C,C" Speed="1" Direction="Right"/>
                            </Image>
                            <Label ID="CostText" String="? Turns" Style="WhiteSemiBold14" Anchor="R,C" Offset="5,0"/>
                        </Container>
                    </Stack>
                    <Container ID="Disabled" Size="parent,parent" Hidden="1" ConsumeMouseButton="1">
                        <!-- CUI -->
                        <GridButton Size="parent,parent" Style="ProductionButton" Color="200,200,200,10" Disabled="1"/>
                    </Container>
                </GridButton>
            </Container>
        </Container>
    </Instance>

    <Instance Name="DistrictListInstance">
        <Container ID="Root" Size="320,auto">
            <!-- CUI -->
            <Grid ID="BuildingDrawer" Offset="0,32" Size="parent,auto" Texture="ProductionPanel_ExtendSlot" SliceCorner="14,6" SliceTextureSize="28,16" AutoSizePadding="0,3" Hidden="1">
                <!-- CUI -->
                <Stack ID="BuildingStack" Anchor="C,T" Offset="-1,3"/>
            </Grid>
            <!-- CUI -->
            <Container ID="ButtonContainer" Size="parent,32">
                <!-- CUI -->
                <GridButton ID="Button" Size="parent,32" Style="ProductionButton" Anchor="R,B">
                    <!-- CUI -->
                    <Container ID="CompletedArea" Size="320,parent" Hidden="1" Offset="0,-1">
                        <!-- CUI -->
                        <Grid Size="parent,parent+2" Texture="ProductionPanel_ChooserButton" SliceStart="0,192" SliceTextureSize="102,parent+6" SliceCorner="51,25"/>
                        <!-- CUI -->
                        <Image Size="parent-18,32" Texture="ProductionPanel_ChooserButtonTile" StretchMode="Fill" Anchor="C,T" Offset="0,1"/>
                    </Container>
                    <!-- CUI -->
                    <Container Size="32,32">
                        <!-- CUI -->
                        <Image ID="Icon" Anchor="C,C" Size="28,28" Texture="Districts32" Offset="6,0"/>
                    </Container>
                    <Container Anchor="R,C" Offset="10,0" Size="255,33">
                        <!-- CUI -->
                        <Label ID="LabelText" Anchor="L,C" Style="WhiteSemiBold14" String="Industrial Zone" WrapWidth="260"/>
                    </Container>
                    <!-- CUI -->
                    <Stack Anchor="R,C" StackGrowth="Left" Padding="0">
                        <!-- CUI -->
                        <Grid ID="RecommendedIcon" SliceTextureSize="40,34" SliceCorner="22,15" Size="0,0" Hidden="1" Texture="Controls_AdvisorRecBacking" ToolTip="LOC_HUD_UNIT_PANEL_RECOMMENDED" Anchor="R,T">
                            <Image Texture="AdvisorRec22" Size="22,22" Anchor="R,T" Offset="6,4">
                                <FlipAnim Texture="AdvisorRecAnim22" Size="26,26" Anchor="C,C" FrameCount="12" Columns="4" Speed="14" EndPause="3" Color="255,255,255,200"/>
                            </Image>
                        </Grid>
                        <Container Size="71,21" Anchor="R,C" Offset="3,0">
                            <!-- CUI -->
                            <Image ID="ProductionProgressArea" Texture="CityPanel_MeterSmallBacking" Size="71,21" Anchor="R,C" Offset="5,0">
                                <TextureBar ID="ProductionProgress" Texture="CityPanel_ProductionMeterSmall" Size="67,17" Anchor="C,C" Speed="1" Direction="Right"/>
                            </Image>
                            <Label ID="CostText" String="? Turns" Style="WhiteSemiBold14" Anchor="R,C" Offset="5,0"/>
                        </Container>
                    </Stack>
                    <!-- CUI -->
                    <Container ID="Disabled" Size="parent,32" Hidden="1" ConsumeMouseButton="1">
                        <!-- CUI -->
                        <GridButton Size="parent,32" Style="ProductionButton" Color="200,200,200,10" Disabled="1"/>
                    </Container>
                </GridButton>
            </Container>
        </Container>
    </Instance>

    <Instance Name="CivilianListInstance">
        <Container ID="Root" Size="320,auto">
            <!-- CUI >> -->
            <Container ID="ButtonContainer" Size="320,32">
                <GridButton ID="Button" Size="320,32" Style="ProductionButton" Anchor="R,B">
                    <Container Size="32,32" Anchor="L,C">
                        <Image ID="FlagBaseOutline" Size="0,0" TextureOffset="0,0" Texture=""/>
                        <Image ID="FlagBase" Size="0,0" TextureOffset="0,0" Texture=""/>
                        <Image ID="FlagBaseLighten" Size="0,0" TextureOffset="0,0" Texture=""/>
                        <Image ID="FlagBaseDarken" Size="0,0" TextureOffset="0,0" Texture=""/>
                        <Image ID="Icon" Size="32,32" Texture="Units32" Anchor="C,C" Offset="6,0"/>
                        <!-- << CUI -->
                    </Container>
                    <!-- CUI -->
                    <Stack Anchor="L,C" Offset="55,0" StackGrowth="Left" StackPadding="5">
                        <!-- CUI -->
                        <Label ID="LabelText" WrapWidth="135" String="Industrial Zone" Style="WhiteSemiBold14" Anchor="L,C"/>
                        <Image ID="ReligionIcon" Size="22,22" IconSize="22" Icon="ICON_RELIGION_ISLAM"/>
                    </Stack>
                    <!-- CUI -->
                    <Stack Anchor="R,C" StackGrowth="Left" Padding="0">
                        <!-- CUI -->
                        <Grid ID="RecommendedIcon" SliceTextureSize="40,34" SliceCorner="22,15" Size="0,0" Hidden="1" Texture="Controls_AdvisorRecBacking" ToolTip="LOC_HUD_UNIT_PANEL_RECOMMENDED" Anchor="R,T">
                            <Image Texture="AdvisorRec22" Size="22,22" Anchor="R,T" Offset="6,4">
                                <FlipAnim Texture="AdvisorRecAnim22" Size="26,26" Anchor="C,C" FrameCount="12" Columns="4" Speed="14" EndPause="3" Color="255,255,255,200"/>
                            </Image>
                        </Grid>
                        <Container Size="71,21" Anchor="R,C" Offset="3,0">
                            <!-- CUI -->
                            <Image ID="ProductionProgressArea" Texture="CityPanel_MeterSmallBacking" Size="71,21" Anchor="R,C" Offset="5,0">
                                <TextureBar ID="ProductionProgress" Texture="CityPanel_ProductionMeterSmall" Size="67,17" Anchor="C,C" Speed="1" Direction="Right"/>
                            </Image>
                            <Label ID="CostText" String="? Turns" Style="WhiteSemiBold14" Anchor="R,C" Offset="5,0"/>
                        </Container>
                    </Stack>
                    <Container ID="Disabled" Size="parent,parent" Hidden="1" ConsumeMouseButton="1">
                        <!-- CUI -->
                        <GridButton Size="parent,parent" Style="ProductionButton" Color="200,200,200,10" Disabled="1"/>
                    </Container>
                </GridButton>
            </Container>
        </Container>
    </Instance>


    <Instance Name="UnitListInstance">
        <Container ID="Root" Size="320,auto">
            <!--Corps and Army Buttons-->
            <!-- CUI -->
            <Grid ID="ArmyCorpsDrawer" Offset="0,30" Size="parent,auto" Texture="ProductionPanel_ExtendSlot" SliceCorner="14,6" SliceTextureSize="28,16" AutoSizePadding="0,3" Hidden="1">
                <Stack ID="ArmyCorpsStack" Anchor="C,T" Offset="0,3">
                    <!-- Corps Button-->
                    <!-- CUI >> -->
                    <Container ID="CorpsButtonContainer" Size="305,32" Hidden="1">
                        <GridButton ID="TrainCorpsButton" Size="305,32" Style="ProductionButton" Anchor="C,B" Offset="-1,1">
                            <Container Size="32,32" Anchor="L,C" Offset="6,0">
                                <Image ID="CorpsFlagBaseOutline" Size="0,0" TextureOffset="0,0" Texture=""/>
                                <Image ID="CorpsFlagBase" Size="0,0" TextureOffset="0,0" Texture=""/>
                                <Image ID="CorpsFlagBaseLighten" Size="0,0" TextureOffset="0,0" Texture=""/>
                                <Image ID="CorpsFlagBaseDarken" Size="0,0" TextureOffset="0,0" Texture=""/>
                                <Image ID="CorpsIcon" Size="30,30" Texture="Units32" Anchor="C,C" Offset="1,0"/>
                                <!-- << CUI -->
                            </Container>
                            <!-- CUI -->
                            <Stack Anchor="L,C" Offset="55,0" StackGrowth="Right" StackPadding="6">
                                <!-- CUI -->
                                <Label ID="CorpsLabelText" String="?Industrial Zone" Style="WhiteSemiBold14" Anchor="L,C" WrapWidth="135"/>
                                <Label ID="CorpsLabelIcon" String="([ICON_Corps]Corps)" Style="WhiteSemiBold14" Anchor="L,C" Color0="217,180,119"/>
                            </Stack>
                            <!-- CUI -->
                            <Stack Anchor="R,C" StackGrowth="Left" Padding="0">
                                <!-- CUI -->
                                <Grid ID="CorpsRecommendedIcon" SliceTextureSize="40,34" SliceCorner="22,15" Size="0,0" Hidden="1" Texture="Controls_AdvisorRecBacking" ToolTip="LOC_HUD_UNIT_PANEL_RECOMMENDED" Anchor="R,T">
                                    <Image Texture="AdvisorRec22" Size="22,22" Anchor="R,T" Offset="6,4">
                                        <FlipAnim Texture="AdvisorRecAnim22" Size="26,26" Anchor="C,C" FrameCount="12" Columns="4" Speed="14" EndPause="3" Color="255,255,255,200"/>
                                    </Image>
                                </Grid>
                                <Container Size="71,21" Anchor="R,C" Offset="3,0">
                                    <!-- CUI -->
                                    <Image ID="ProductionCorpsProgressArea" Texture="CityPanel_MeterSmallBacking" Size="71,21" Anchor="R,C" Offset="5,0">
                                        <TextureBar ID="ProductionCorpsProgress" Texture="CityPanel_ProductionMeterSmall" Size="67,17" Anchor="C,C" Speed="1" Direction="Right"/>
                                    </Image>
                                    <Label ID="CorpsCostText" String="? Turns" Style="WhiteSemiBold14" Anchor="R,C" Offset="5,0"/>
                                </Container>
                            </Stack>
                            <Container ID="CorpsDisabled" Size="parent,parent" Hidden="1" ConsumeMouseButton="1">
                                <!-- CUI -->
                                <GridButton Size="parent,parent" Style="ProductionButton" Color="200,200,200,10" Disabled="1"/>
                            </Container>
                        </GridButton>
                    </Container>
                    <!-- Army Button -->
                    <!-- CUI >> -->
                    <Container ID="ArmyButtonContainer" Size="305,32" Hidden="1">
                        <GridButton ID="TrainArmyButton" Size="305,32" Style="ProductionButton" Anchor="C,B" Offset="-1,1">
                            <Container Size="32,32" Anchor="L,C" Offset="6,0">
                                <Image ID="ArmyFlagBaseOutline" Size="0,0" TextureOffset="0,0" Texture=""/>
                                <Image ID="ArmyFlagBase" Size="0,0" TextureOffset="0,0" Texture=""/>
                                <Image ID="ArmyFlagBaseLighten" Size="0,0" TextureOffset="0,0" Texture=""/>
                                <Image ID="ArmyFlagBaseDarken" Size="0,0" TextureOffset="0,0" Texture=""/>
                                <Image ID="ArmyIcon" Size="32,32" Texture="Units32" Anchor="C,C" ConsumeMouse="0" Offset="1,0"/>
                                <!-- << CUI -->
                                <!--<Label String="[ICON_Army]" Anchor="C,T" Offset="0,8"/>-->
                            </Container>
                            <!-- CUI -->
                            <Stack Anchor="L,C" Offset="55,0" StackGrowth="Right" StackPadding="6">
                                <!-- CUI -->
                                <Label ID="ArmyLabelText" String="?Industrial Zone" Style="WhiteSemiBold14" Anchor="L,C" WrapWidth="135"/>
                                <Label ID="ArmyLabelIcon" String="([ICON_Army]Army)" Style="WhiteSemiBold14" Anchor="L,C" Color0="217,180,119"/>
                            </Stack>
                            <!-- CUI -->
                            <Stack Anchor="R,C" StackGrowth="Left" Padding="0">
                                <!-- CUI -->
                                <Grid ID="ArmyRecommendedIcon" SliceTextureSize="40,34" SliceCorner="22,15" Size="0,0" Hidden="1" Texture="Controls_AdvisorRecBacking" ToolTip="LOC_HUD_UNIT_PANEL_RECOMMENDED" Anchor="R,T">
                                    <Image Texture="AdvisorRec22" Size="22,22" Anchor="R,T" Offset="6,4">
                                        <FlipAnim Texture="AdvisorRecAnim22" Size="26,26" Anchor="C,C" FrameCount="12" Columns="4" Speed="14" EndPause="3" Color="255,255,255,200"/>
                                    </Image>
                                </Grid>
                                <Container Size="71,21" Anchor="R,C" Offset="3,0">
                                    <!-- CUI -->
                                    <Image ID="ProductionArmyProgressArea" Texture="CityPanel_MeterSmallBacking" Size="71,21" Anchor="R,C" Offset="5,0">
                                        <TextureBar ID="ProductionArmyProgress" Texture="CityPanel_ProductionMeterSmall" Size="67,17" Anchor="C,C" Speed="1" Direction="Right"/>
                                    </Image>
                                    <Label ID="ArmyCostText" String="? Turns" Style="WhiteSemiBold14" Anchor="R,C" Offset="5,0"/>
                                </Container>
                            </Stack>
                            <Container ID="ArmyDisabled" Size="parent,parent" Hidden="1" ConsumeMouseButton="1">
                                <!-- CUI -->
                                <GridButton Size="parent,parent" Style="ProductionButton" Color="200,200,200,10" Disabled="1"/>
                            </Container>
                        </GridButton>
                    </Container>
                </Stack>
            </Grid>

            <!-- CUI >> -->
            <Container ID="ButtonContainer" Size="parent,32">
                <GridButton ID="Button" Size="320,32" Style="ProductionButton" Anchor="R,B">
                    <Container Size="32,32" Anchor="L,C">
                        <Image ID="FlagBaseOutline" Size="0,0" TextureOffset="0,0" Texture=""/>
                        <Image ID="FlagBase" Size="0,0" TextureOffset="0,0" Texture=""/>
                        <Image ID="FlagBaseLighten" Size="0,0" TextureOffset="0,0" Texture=""/>
                        <Image ID="FlagBaseDarken" Size="0,0" TextureOffset="0,0" Texture=""/>
                        <Image ID="Icon" Size="32,32" Texture="Units32" Anchor="C,C" Offset="6,0"/>
                        <!-- << CUI -->
                    </Container>
                    <Stack StackGrowth="Left" Anchor="R,C" Offset="0,0">
                        <!-- CUI -->
                        <Container ID="CorpsArmyDropdownArea" Size="30,32" Hidden="1">
                            <!-- CUI -->
                            <BoxButton ID="CorpsArmyDropdownButton" Size="parent,32" Color="0,0,0,0">
                                <!-- CUI -->
                                <Button ID="CorpsArmyArrow" Texture="Controls_ButtonExtendSmall" Size="20,16" StateOffsetIncrement="0,16" Anchor="C,C" ConsumeMouse="0"/>
                            </BoxButton>
                            <Box Color="22,27,29,200" Size="1,parent" Anchor="L,C"/>
                        </Container>
                        <!-- CUI -->
                        <Stack Anchor="R,C" StackGrowth="Left" Padding="0">
                            <!-- CUI -->
                            <Grid ID="RecommendedIcon" SliceTextureSize="40,34" SliceCorner="22,15" Size="0,0" Hidden="1" Texture="Controls_AdvisorRecBacking" ToolTip="LOC_HUD_UNIT_PANEL_RECOMMENDED" Anchor="R,T">
                                <Image Texture="AdvisorRec22" Size="22,22" Anchor="R,T" Offset="6,4">
                                    <FlipAnim Texture="AdvisorRecAnim22" Size="26,26" Anchor="C,C" FrameCount="12" Columns="4" Speed="14" EndPause="3" Color="255,255,255,200"/>
                                </Image>
                            </Grid>
                            <Container Size="71,21" Anchor="R,C" Offset="3,0">
                                <!-- CUI -->
                                <Image ID="ProductionProgressArea" Texture="CityPanel_MeterSmallBacking" Size="71,21" Anchor="R,C" Offset="5,0">
                                    <TextureBar ID="ProductionProgress" Texture="CityPanel_ProductionMeterSmall" Size="67,17" Anchor="C,C" Speed="1" Direction="Right"/>
                                </Image>
                                <Label ID="CostText" String="? Turns" Style="WhiteSemiBold14" Anchor="R,C" Offset="5,0"/>
                            </Container>
                        </Stack>
                    </Stack>
                    <!-- CUI -->
                    <Stack Anchor="L,C" Offset="55,0" StackGrowth="Left" StackPadding="5">
                        <!-- CUI -->
                        <Label ID="LabelText" WrapWidth="135" String="Industrial Zone" Style="WhiteSemiBold14" Anchor="L,C"/>
                        <Image ID="ReligionIcon" Size="22,22" IconSize="22" Icon="ICON_RELIGION_ISLAM"/>
                    </Stack>
                    <Container ID="Disabled" Size="parent,parent" Hidden="1" ConsumeMouseButton="1">
                        <!-- CUI -->
                        <GridButton Size="parent,parent" Style="ProductionButton" Color="200,200,200,10" Disabled="1"/>
                    </Container>

                </GridButton>
            </Container>
        </Container>
    </Instance>

    <Instance Name="ProjectListInstance">
        <Container ID="Root" Size="auto,auto">
            <!-- CUI -->
            <Container ID="ButtonContainer" Size="auto,32">
                <!-- CUI -->
                <GridButton ID="Button" Size="320,32" Style="ProductionButton">
                    <!-- CUI -->
                    <Container Size="40,32">
                        <!-- CUI -->
                        <Image ID="Icon" Size="30,30" Texture="Projects32" Anchor="C,C" Offset="2,0"/>
                    </Container>
                    <Container Size="parent-65,parent-15" Anchor="R,C" Offset="10,0">
                        <!-- CUI -->
                        <Label String="Industrial Zone" Style="WhiteSemiBold14" ID="LabelText" Anchor="L,C" WrapWidth="180"/>
                    </Container>
                    <!-- CUI -->
                    <Stack Anchor="R,C" StackGrowth="Left" Padding="0">
                        <!-- CUI -->
                        <Grid ID="RecommendedIcon" SliceTextureSize="40,34" SliceCorner="22,15" Size="0,0" Hidden="1" Texture="Controls_AdvisorRecBacking" ToolTip="LOC_HUD_UNIT_PANEL_RECOMMENDED" Anchor="R,T">
                            <Image Texture="AdvisorRec22" Size="22,22" Anchor="R,T" Offset="6,4">
                                <FlipAnim Texture="AdvisorRecAnim22" Size="26,26" Anchor="C,C" FrameCount="12" Columns="4" Speed="14" EndPause="3" Color="255,255,255,200"/>
                            </Image>
                        </Grid>
                        <Container Size="71,21" Anchor="R,C" Offset="3,0">
                            <!-- CUI -->
                            <Image ID="ProductionProgressArea" Texture="CityPanel_MeterSmallBacking" Size="71,21" Anchor="R,C" Offset="5,0">
                                <TextureBar ID="ProductionProgress" Texture="CityPanel_ProductionMeterSmall" Size="67,17" Anchor="C,C" Speed="1" Direction="Right"/>
                            </Image>
                            <Label ID="CostText" String="? Turns" Style="WhiteSemiBold14" Anchor="R,C" Offset="5,0"/>
                        </Container>
                    </Stack>
                    <Container Size="parent,parent" Hidden="1" ID="Disabled" ConsumeMouseButton="1">
                        <!-- CUI -->
                        <GridButton Size="parent,parent" Style="ProductionButton" Color="200,200,200,10" Disabled="1"/>
                    </Container>
                </GridButton>
            </Container>
        </Container>
    </Instance>

    <Instance Name="ProductionQueueItem">
        <GridButton ID="Top" Size="42,48" Texture="QueueSlot_Button" SliceCorner="20,23" SliceSize="2,2" SliceTextureSize="42,48" StateOffsetIncrement="0,48">
            <Image ID="ProductionIcon" Anchor="C,C" Size="38,38" IconSize="38" Icon="ICON_UNIT_BUILDER_PORTRAIT" Hidden="1"/>
            <Label ID="CorpsMarker" Anchor="L,B" String="[ICON_Corps]"/>
            <Label ID="ArmyMarker" Anchor="L,B" String="[ICON_Army]"/>
            <Label ID="Num" Anchor="C,C" Style="FontNormal16" String="#" Color="255,255,255,75" />
        </GridButton>
    </Instance>

    <!-- CUI >> -->
    <Instance Name="CuiGroupInstance">
        <Stack ID="Top" StackGrowth="Down">
            <GridButton ID="Header" Style="ButtonExpand" String="Districts" Size="330,33"/>
            <GridButton ID="HeaderOn" Style="ButtonExpandSelected" String="Districts" Size="330,33" Hidden="1"/>
            <SlideAnim ID="ListSlide" Speed="3.5" Begin="0,-10" End="0,0" Cycle="Once" Size="400,auto">
                <AlphaAnim ID="ListAlpha" Speed="4" AlphaBegin="0" AlphaEnd="1" Cycle="Once" Size="default,auto">
                    <Stack ID="List" StackGrowth="Down" Offset="5,0" Padding="2"/>
                </AlphaAnim>
            </SlideAnim>
            <Grid Style="Drawer" Size="325,6" Offset="4,-1"/>
        </Stack>
    </Instance>
    <!-- << CUI -->

    <!-- CUI >> -->
    <Container ID="CuiItemContainer" Hidden="1"/>
    <Instance Name="CuiItemInstance">
        <Container ID="Top" Size="320,32">
            <Image ID="Branch" Size="6,35" Texture="production_branch.dds" Offset="-3,-17" Hidden="1"/>
            <Stack StackGrowth="Left" StackPadding="0" Anchor="R,T">
                <GridButton ID="GoldButton" Size="32,32" Style="ButtonControl" Anchor="R,T">
                    <Label ID="GoldCost" Size="68,32" String="[ICON_GOLD]" Anchor="R,C" Offset="5,1" Hidden="1" Style="WhiteSemiBold14"/>
                    <Label ID="GoldIconOnly" Size="32,32" String="[ICON_GOLD]" Anchor="R,C" Offset="5,1" Style="WhiteSemiBold14"/>
                </GridButton>
                <GridButton ID="FaithButton" Size="32,32" Style="ButtonControl" Anchor="R,T">
                    <Label ID="FaithCost" Size="68,32" String="[ICON_Faith]" Anchor="R,C" Offset="5,1" Hidden="1" Style="WhiteSemiBold14"/>
                    <Label ID="FaithIconOnly" Size="32,32" String="[ICON_Faith]" Anchor="R,C" Offset="5,1" Style="WhiteSemiBold14"/>
                </GridButton>
                <GridButton ID="RepeatButton" Size="32,32" Style="ButtonControl" Anchor="R,T">
                    <Label ID="RepeateIcon" Size="32,32" String="[ICON_TradeRouteLarge]" Anchor="R,C" Offset="5,3" Style="WhiteSemiBold14"/>
                </GridButton>
                <GridButton ID="Button" Size="256,32" Style="ButtonControl" Anchor="R,T">
                    <Container ID="CompletedArea" Size="parent,parent" Hidden="1" Offset="0,-1">
                        <Grid Size="parent,parent+2" Texture="ProductionPanel_ChooserButton" SliceStart="0,192" SliceTextureSize="102,parent+6" SliceCorner="51,25"/>
                        <Image Size="parent-18,parent" Texture="ProductionPanel_ChooserButtonTile" StretchMode="Fill" Anchor="C,T" Offset="0,1"/>
                    </Container>
                    <Container Size="32,32" Anchor="L,C" Offset="2,0">
                        <Image ID="Icon" Size="28,28" Anchor="C,C" Offset="2,0" Texture="Projects32"/>
                        <Image ID="Wrench" Size="20,20" Anchor="C,C" Offset="2,0" Texture="production_wrench.dds" StretchMode="Fill" Hidden="1"/>
                    </Container>
                    <Container Size="200,32" Anchor="L,C" Offset="44,0">
                        <Label ID="Name" String="Dummy Item" Style="WhiteSemiBold14" Anchor="L,C" WrapWidth="150" Offset="0,1"/>
                    </Container>
                    <Stack Anchor="R,C" StackGrowth="Left" Padding="0">
                        <Container Size="71,32" Anchor="R,C" Offset="3,0">
                            <Image ID="ProductionProgressArea" Texture="CityPanel_MeterSmallBacking" Size="71,21" Anchor="R,C" Offset="5,0">
                                <TextureBar ID="ProductionProgress" Texture="CityPanel_ProductionMeterSmall" Size="67,17" Anchor="C,C" Speed="1" Direction="Right"/>
                            </Image>
                            <Label ID="CostText" Style="WhiteSemiBold14" Anchor="R,C" Offset="5,1"/>
                        </Container>
                    </Stack>
                    <Container Size="parent,parent" Hidden="1" ID="Disabled" ConsumeMouseButton="1">
                        <GridButton Size="parent,parent" Style="ProductionButton" Color="200,200,200,10" Disabled="1"/>
                    </Container>
                </GridButton>
            </Stack>
        </Container>
    </Instance>
    <!-- << CUI -->

</Context>
