<?xml version="1.0" encoding="utf-8"?>
<!-- RmtColors -->
<!-- Author: Zur13 -->
<!-- DateCreated: 2/17/2019 12:47:42 PM -->
<GameInfo>
	<Colors>
		<Row>
			<Type>COLOR_RMT_NOTHING</Type>
			<Color>210,210,210,255</Color>
		</Row>
		<Row>
			<Type>COLOR_RMT_RES</Type>
			<Color>20,250,60,255</Color>
		</Row>
		<Row>
			<Type>COLOR_RMT_NOT_PASS</Type>
			<Color>250,30,30,255</Color>
		</Row>
		<Row>
			<Type>COLOR_RMT_CITY_OWND</Type>
			<Color>255,30,30,255</Color>
		</Row>
		<Row>
			<Type>COLOR_RMT_IN_CITY_RNG</Type>
			<Color>255,170,0,255</Color>
		</Row>
		<Row>
			<Type>COLOR_RMT_RES_IN_RNG</Type>
			<Color>250,220,0,255</Color>
		</Row>
		<Row>
			<Type>COLOR_RMT_RES_OWND</Type>
			<Color>220,0,0,255</Color>
		</Row>
		<Row>
			<Type>COLOR_RMT_RES_WATER</Type>
			<Color>0,220,140,255</Color>
		</Row>
		<Row>
			<Type>COLOR_RMT_WATER</Type>
			<Color>150,200,255,255</Color>
		</Row>
		<Row>
			<Type>COLOR_RMT_CITY_CNTR</Type>
			<Color>220,60,240,255</Color>
		</Row>
	</Colors>
</GameInfo>
