<?xml version="1.0" encoding="utf-8"?>
<!-- RMTUI -->
<!-- Author: Zur13 -->
<!-- DateCreated: 12/1/2018 1:51:46 PM -->
<!-- Copyright 2019,© Zur13, All rights reserved -->
<Context Name="RmtCtx">
	<Container ID="RmtContentContainer" Size="auto,auto" Anchor="R,T" Offset="0,0">
		<AlphaAnim ID="RmtLaunchBarBtnTimer" Begin="0" End="1" Speed="100" Cycle="Once" Stopped="1"/>
		
		<!-- Button on the top panel  -->
		<Container ID="RmtLaunchBarBtnCont" Size="48,auto" Anchor="R,T" Offset="0,0" ConsumeMouse="1">
			<Button ID="RmtLaunchBarBtn" Size="29,29" Anchor="C,C" Texture="TopBarRMTButton.dds" ToolTip="LOC_RMT_BTN_TT" ConsumeMouse="1">
				<Label Offset="3,8" Style="TopBarMeta" String="LOC_RMT_BTN" />
			</Button>
		</Container>

		<!-- Mod Window Style="CityPanelSlotGrid"  -->
		<Grid		Size="400,540" ID="RmtSpawnDlgBG"		 Anchor="R,T"	AnchorSide="I,I"	Offset="530,130"	Texture="Controls_PanelBlue" ConsumeMouse="0" Hidden="1" SliceCorner="25,28" SliceSize="33,18" SliceTextureSize="83,75" >
		</Grid>
		<Container	Size="400,540" ID="RmtSpawnDlgContainer" Anchor="R,T"	AnchorSide="I,I"	Offset="530,130" ConsumeMouse="1" Hidden="1">
			<SlideAnim	Size="parent,parent"	ID="RmtSpawnDlg_CollapseAnim"	Begin="0,0" End="120,0"  Function="OutQuint" FunctionPower="1" Speed="2" Cycle="Once" Stopped="1">
				<SlideAnim	Size="parent,parent" ID="RmtSpawnDlg_ExpandAnim"	Begin="0,0" End="-120,0" Function="OutQuint" FunctionPower="3" Speed="2" Cycle="Once" Stopped="1">
					<Grid ID="RmtSpawnDlgContext"	Anchor="R,T" Offset="0,0"	Size="parent,parent" Style="CityPanelSlotGrid" ConsumeMouse="1" Hidden="0" >
						<Stack	ID="RmtStack22" Anchor="R,T"	Size="parent,auto" StackGrowth="Bottom" Padding="3">
							<Grid Anchor="C,C" Offset="0,10"	Size="parent-40,24" Style="CityPanelSlotGrid">
								<Label ID="RmtHeaderLbl" Anchor="C,C" String="LOC_RMT_WND_TITLE" Style="DiplomacyCivHeader" FontStyle="stroke" ColorSet="BodyTextBright"/>
							</Grid>

							<Label		ID="RmtCoordLbl" Anchor="R,C" String="LOC_RMT_LBL1" Offset="20,0" WrapWidth="400" Style="FontNormal14" FontStyle="stroke" ColorSet="BodyTextBright" Align="Left"/>

							<Stack	ID="RmtStack66" Anchor="R,T" Offset="20,0" StackGrowth="Right" Padding="5" Style="CityPanelSlotGrid">
								<Label ID="RmtCntLbl"      Anchor="R,C" String="LOC_RMT_RAD_LBL" Style="FontNormal14" FontStyle="stroke" ColorSet="BodyTextBright" Align="Right"/>
								<PullDown ID="RmtCntPD"    Anchor="R,C" Style="PullDownBlue" ScrollThreshold="500" Size="285,28" Offset="0,0" SpaceForScroll="10" ToolTip="LOC_RMT_RAD_CB_TT"/>
								<CheckBox ID="RmtAltCntCB" Anchor="R,C" String="" ToolTip="LOC_RMT_ALT_RAD_CB_TT"                Offset="0,0" TextOffset="0" WrapWidth="1" Style="MainMenuCheck" ColorSet="BodyTextBright" Align="Right" Disabled="false"/>
							</Stack>

							<CheckBox	ID="RmtSuggestionsCB"			 Anchor="R,C" String="LOC_RMT_CB_SUGGESTIONS" ToolTip="LOC_RMT_CB_SUGGESTIONS_TT" Offset="20,0" TextOffset="-5" WrapWidth="320" Style="MainMenuCheck" ColorSet="BodyTextBright" Align="Right" Disabled="false"/>

							<Container	Size="parent-40,18" ID="RmtStack77" Anchor="R,C"	Offset="20,0" >
								<CheckBox	ID="RmtDoubleRadiusCB"			 Anchor="R,C" String="LOC_RMT_CB_MULTI" ToolTip="LOC_RMT_CB_MULTI_TT" Offset="200,0" TextOffset="-5" WrapWidth="320" Style="MainMenuCheck" ColorSet="BodyTextBright" Align="Right" Disabled="false"/>
								<CheckBox	ID="RmtIntersectCB"				 Anchor="R,C" String="LOC_RMT_CB_INTERSECT" ToolTip="LOC_RMT_CB_INTERSECT_TT" Offset="0,0" TextOffset="-5" WrapWidth="320" Style="MainMenuCheck" ColorSet="BodyTextBright" Align="Right" Disabled="false"/>
							</Container>

							<Container	Size="parent-40,18" ID="RmtStack88" Anchor="R,C"	Offset="20,0" >
								<CheckBox	ID="RmtDimmingCB"				 Anchor="R,C" String="LOC_RMT_CB_DIMMING" ToolTip="LOC_RMT_CB_DIMMING_TT" Offset="200,0" TextOffset="-5" WrapWidth="320" Style="MainMenuCheck" ColorSet="BodyTextBright" Align="Right" Disabled="false"/>
								<CheckBox	ID="RmtCityCentersOnlyCB"		 Anchor="R,C" String="LOC_RMT_CB_CITY_ONLY" ToolTip="LOC_RMT_CB_CITY_ONLY_TT" Offset="0,0" TextOffset="-5" WrapWidth="320" Style="MainMenuCheck" ColorSet="BodyTextBright" Align="Right" Disabled="false"/>
							</Container>

							<Container	Size="parent-40,18" ID="RmtStack99" Anchor="R,C"	Offset="20,0" >
								<CheckBox	ID="RmtVisibilityCB"			 Anchor="R,C" String="LOC_RMT_CB_IGNORE_VIS" ToolTip="LOC_RMT_CB_IGNORE_VIS_TT"		Offset="200,0" TextOffset="-5" WrapWidth="320" Style="MainMenuCheck" ColorSet="BodyTextBright" Align="Right" Disabled="true" Hidden="1"/>
								<Label		ID="RmtYieldsVisLb"				 Anchor="R,C" String="                     " ToolTip="LOC_RMT_UNLEASHED_OPTION_TT"	Offset="200,0" WrapWidth="230" Style="FontNormal14" FontStyle="stroke" ColorSet="BodyTextBright" Align="Right"/>
								<CheckBox	ID="RmtImportantResourcesOnlyCB" Anchor="R,C" String="LOC_RMT_CB_BONUS_RES"		ToolTip="LOC_RMT_CB_BONUS_RES_TT"		Offset="0,0" TextOffset="-5" WrapWidth="320" Style="MainMenuCheck" ColorSet="BodyTextBright" Align="Right" Disabled="false" IsChecked="1"/>
							</Container>

							<Grid ID="YieldPanel" Anchor="R,T" Offset="20,0" Size="parent-40,auto"	AutoSizePadding="0,0" Style="CityPanelSlotGrid"  >
								<Container	Size="380,16" ID="RmtStack33" Anchor="L,T" Offset="0,5" >
									<Label		ID="RmtYieldsLbl1" Anchor="L,C" String="LOC_RMT_LBL_TERR_YIELS_DEF" Offset="0,0" WrapWidth="130" Style="FontNormal14" FontStyle="stroke" ColorSet="BodyTextBright" Align="Left"/>
									<Label		ID="RmtYieldsLbl2" Anchor="L,C" String="LOC_RMT_LBL_TERR_YIELS_DEF" Offset="133,0" WrapWidth="120" Style="FontNormal14" FontStyle="stroke" ColorSet="BodyTextBright" Align="Left"/>
									<Label		ID="RmtYieldsLbl3" Anchor="L,C" String="LOC_RMT_LBL_TERR_YIELS_DEF" Offset="255,0" WrapWidth="120" Style="FontNormal14" FontStyle="stroke" ColorSet="BodyTextBright" Align="Left"/>
								</Container>

								<Container	Size="380,20" ID="RmtStack44" Anchor="L,T"	Offset="0,25" >
									<Label		ID="RmtYieldsLbl4" Anchor="L,C" String="LOC_RMT_LBL_TERR_YIELS_DEF" Offset="0,0" WrapWidth="130" Style="FontNormal14" FontStyle="stroke" ColorSet="BodyTextBright" Align="Left"/>
									<Label		ID="RmtYieldsLbl5" Anchor="L,C" String="LOC_RMT_LBL_TERR_YIELS_DEF" Offset="133,0" WrapWidth="120" Style="FontNormal14" FontStyle="stroke" ColorSet="BodyTextBright" Align="Left"/>
									<Label		ID="RmtYieldsLbl6" Anchor="L,C" String="LOC_RMT_LBL_TERR_YIELS_DEF" Offset="255,0" WrapWidth="120" Style="FontNormal14" FontStyle="stroke" ColorSet="BodyTextBright" Align="Left"/>
								</Container>
							</Grid>

							<Grid ID="RmtPanelResS" Anchor="R,T" Offset="20,0" Size="parent-40,23"	AutoSizePadding="0,0" Style="CityPanelSlotGrid"  >
								<Stack	ID="RmtStackResS" Anchor="L,C" Offset="3,0" StackGrowth="Right" Padding="10">

								</Stack>
							</Grid>

							<Grid ID="RmtPanelResL" Anchor="R,T" Offset="20,0" Size="parent-40,23"	AutoSizePadding="0,0" Style="CityPanelSlotGrid"  >
								<Stack	ID="RmtStackResL" Anchor="L,C" Offset="3,0" StackGrowth="Right" Padding="10">

								</Stack>
							</Grid>

							<!-- Lens Key  Texture="Controls_PanelBlue" SliceCorner="25,28" SliceSize="33,18" SliceTextureSize="83,75" -->
							<Grid ID="KeyPanel" Anchor="R,T" Offset="20,0" Size="parent-40,auto"	AutoSizePadding="0,0" Style="CityPanelSlotGrid" ToolTip="LOC_RMT_KEYS_TT"  >
								<!--<Line   Start="20,16"	End="340,16" Color="55,95,126,255" Width="2" />
								<Label	Anchor="C,T" Offset="0,20" String="LOC_TREE_KEY" Style="FontNormal14" FontStyle="stroke" ColorSet="BodyTextBright" />
								<Line	Start="20,40"   End="340,40" Color="55,95,126,255" Width="2" />-->
								<ScrollPanel ID="KeyScrollPanel" Offset="3,2" Size="parent-6,220" Style="ScrollPanelWithRightBar">
									<Stack ID="KeyStack" StackGrowth="Down" StackPadding="1"/>
								</ScrollPanel>
							</Grid>

							<CheckBox	ID="RmtBackgroundCB" Anchor="R,C" String="LOC_RMT_CB_TRANSP" Offset="20,0" TextOffset="-5" WrapWidth="320" Style="MainMenuCheck" ColorSet="BodyTextBright" Align="Right" Disabled="false" IsChecked="0" />

							<Container	Size="parent-40,18" ID="RmtStack1010" Anchor="R,T"	Offset="20,0" >
								<CheckBox	ID="RmtWndPosLeftCB"  Anchor="L,C" String="LOC_RMT_CB_WND_POS"	 Offset="5,0" TextOffset="-5" WrapWidth="120" Style="MainMenuCheck" ColorSet="BodyTextBright" Align="Right" Disabled="false" IsChecked="0" />
								<CheckBox	ID="RmtWndPosRightCB" Anchor="R,C" String=""					 Offset="0,0" TextOffset="-5" WrapWidth="120" Style="MainMenuCheck" ColorSet="BodyTextBright" Align="Right" Disabled="false" IsChecked="1" />
								<CheckBox	ID="RmtWndPosCentrCB" Anchor="R,C" String=""					 Offset="90,0" TextOffset="-5" WrapWidth="120" Style="MainMenuCheck" ColorSet="BodyTextBright" Align="Right" Disabled="false" IsChecked="0" />
							</Container>
						</Stack>
						<!--</Box>-->
					</Grid>

				</SlideAnim>
			</SlideAnim>
			<!-- Mod Window End -->
		</Container>

	</Container>

	<!-- Instances -->
	<Instance Name="KeyEntry">
		<!--<Image ID="KeyColorImage" Size="32,36" Texture="Controls_KeySwatchHex">-->
		<!--StretchMode="Auto"-->
		<Image ID="KeyColorImage" Size="24,21" StretchMode="Fill" Texture="Controls_KeySwatchHex">
			<Image ID="KeyColorImageBg" Size="24,21" StretchMode="Fill" Texture="Controls_KeySwatchHex" Offset="0,0"/>
			<Image ID="KeyColorImageTop" Size="23,19" StretchMode="Fill" Texture="Controls_KeySwatchHex" Offset="1,1"/>
			<Stack ID="KeyInfoStack" StackGrowth="Down" Anchor="L,C" Offset="22,0">
				<Label ID="KeyLabel" String="Nothing to show" Style="FontNormal14" FontStyle="stroke" ColorSet="BodyTextBright" WrapWidth="315" Offset="8,0"/>
			</Stack>
		</Image>
	</Instance>

	<Instance Name="ResEntry">
		<Stack	ID="RmtStackRes" Offset="0,0" StackGrowth="Right" Padding="0">
			<Label ID="ResLabel" String="" Style="FontNormal14" FontStyle="stroke" ColorSet="BodyTextBright" Offset="0,0"/>
			<!--<Image ID="ResColorImage" Size="22,22" StretchMode="Fill" Texture="Controls_KeySwatchHex">
			</Image>-->
		</Stack>
	</Instance>

</Context>
