<?xml version="1.0" encoding="utf-8"?>
<!-- WorldViewIconMan -->
<!-- Author: Zur13 -->
<!-- DateCreated: 1/20/2019 6:18:48 PM -->
<Context >
	<Container	ID="RmtIconContainer" />

	<Instance	Name="RmtIconSetInstance">
		<WorldAnchor	ID="RmtAnchor">
			
			<Image	ID="RmtImprovementRecommendationBackground" Anchor="C,B" Size="36,46" Offset="0,20" Texture="BuilderRecommendation"  StretchMode="Fill" Hidden="1">
				<Image	ID="RmtImprovementRecommendationIcon" Anchor="C,C" Size="38,38" Texture="UnitActions38" ConsumeMouseOver="1" />
			</Image>
			<!--<Image	ID="RmtPrevBackground" Anchor="C,B" Size="36,46" Offset="0,20" Texture="BuilderRecommendation" Hidden="1">-->
			
			<Image	ID="RmtPrevBackground" Anchor="C,B" Size="32,32" Offset="0,0" Hidden="1">
				<!--<Image	ID="RmtPrevIcon" Anchor="C,C" Size="38,38" Texture="UnitActions38" ConsumeMouseOver="1" Rotate="-90"/>-->
				<AlphaAnim AlphaStart="0.5" AlphaEnd="0.5" Cycle="Once" Pause="0" Speed="1">
					<Image ID="RmtFlagBaseOutline"  Size="64,64" Offset="-15,-70" TextureOffset="0,0"		Texture="UnitFlagBase.dds"/>
					<Image ID="RmtFlagBase"			Size="64,64" Offset="-15,-70" TextureOffset="192,0"		Texture="UnitFlagBase.dds" />
					<Image ID="RmtFlagBaseLighten"  Size="64,64" Offset="-15,-70" TextureOffset="192,64"	Texture="UnitFlagBase.dds" />
					<Image ID="RmtFlagBaseDarken"	Size="64,64" Offset="-15,-70" TextureOffset="192,128"	Texture="UnitFlagBase.dds" />
				
					<Button ID="RmtFlagBtn"	Anchor="C,T" Size="52,52" Offset="11,-70" NoDefaultSound="1">
						<!--<ScrollAnim ID="RmtFlagScrollAnim"  Size="50,50" Pause=".05" Speed="1" Texture="UnitFlagShine" MaskTexture="MapPinFlagMask" Cycle="Bounce" ShowOnMouseOver="1"/>-->
						<!--<Image ID="RmtFlagOver" Size="50,50" TextureOffset="0,50" Texture="MapPinFlag"/>-->

						<ScrollAnim ID="RmtBtnScrollAnim"  Size="64,64" Pause=".05" Speed="1" Texture="UnitFlagShine.dds" MaskTexture="UnitFlagBaseMask.dds" Cycle="Bounce" ShowOnMouseOver="1"/>
						<Image ID="RmtBtnFlagOver"		   Size="64,64" TextureOffset="0,64"  Texture="UnitFlagBase.dds"/>
						<Label ID="RmtNameLabel" Anchor="C,C" Offset="5,5" String="LOC_RMT_RAD_PIN_TXT" Style="FontNormal14" FontStyle="stroke" ColorSet="BodyTextBlue"/>
					</Button>
				</AlphaAnim>
			</Image>
		</WorldAnchor>
	</Instance>
</Context>

