<?xml version="1.0" encoding="utf-8"?>
<GameInfo>
	<IconTextureAtlases>
		<Row Name="ICON_ATLAS_REMOVABLE_PROJECTS" IconSize="30"   IconsPerRow="8" IconsPerColumn="8" Filename="RemovableDistricts30.dds"/>
		<Row Name="ICON_ATLAS_REMOVABLE_PROJECTS" IconSize="32"   IconsPerRow="8" IconsPerColumn="8" Filename="RemovableDistricts32.dds"/>
		<Row Name="ICON_ATLAS_REMOVABLE_PROJECTS" IconSize="38"   IconsPerRow="8" IconsPerColumn="8" Filename="RemovableDistricts38.dds"/>
		<Row Name="ICON_ATLAS_REMOVABLE_PROJECTS" IconSize="50"   IconsPerRow="8" IconsPerColumn="8" Filename="RemovableDistricts50.dds"/>
		<Row Name="ICON_ATLAS_REMOVABLE_PROJECTS" IconSize="70"   IconsPerRow="8" IconsPerColumn="8" Filename="RemovableDistricts70.dds"/>
		<Row Name="ICON_ATLAS_REMOVABLE_PROJECTS" IconSize="80"   IconsPerRow="8" IconsPerColumn="8" Filename="RemovableDistricts80.dds"/>
		<Row Name="ICON_ATLAS_REMOVABLE_PROJECTS" IconSize="256"  IconsPerRow="8" IconsPerColumn="8" Filename="RemovableDistricts256.dds"/>
	</IconTextureAtlases>
		
	<IconDefinitions>
		<Row Name="ICON_PROJECT_REMOVE_DISTRICT_HOLY_SITE" Atlas="ICON_ATLAS_REMOVABLE_PROJECTS" Index="1"/>	
		<Row Name="ICON_PROJECT_REMOVE_DISTRICT_CAMPUS" Atlas="ICON_ATLAS_REMOVABLE_PROJECTS" Index="2"/>
		<Row Name="ICON_PROJECT_REMOVE_DISTRICT_ENCAMPMENT" Atlas="ICON_ATLAS_REMOVABLE_PROJECTS" Index="3"/>
		<Row Name="ICON_PROJECT_REMOVE_DISTRICT_HARBOR" Atlas="ICON_ATLAS_REMOVABLE_PROJECTS" Index="4"/>
		<Row Name="ICON_PROJECT_REMOVE_DISTRICT_AERODROME" Atlas="ICON_ATLAS_REMOVABLE_PROJECTS" Index="5"/>
		<Row Name="ICON_PROJECT_REMOVE_DISTRICT_COMMERCIAL_HUB" Atlas="ICON_ATLAS_REMOVABLE_PROJECTS" Index="6"/>
		<Row Name="ICON_PROJECT_REMOVE_DISTRICT_ENTERTAINMENT_COMPLEX" Atlas="ICON_ATLAS_REMOVABLE_PROJECTS" Index="7"/>
		<Row Name="ICON_PROJECT_REMOVE_DISTRICT_THEATER" Atlas="ICON_ATLAS_REMOVABLE_PROJECTS" Index="8"/>
		<Row Name="ICON_PROJECT_REMOVE_DISTRICT_INDUSTRIAL_ZONE" Atlas="ICON_ATLAS_REMOVABLE_PROJECTS" Index="9"/>
    <Row Name="ICON_PROJECT_REMOVE_DISTRICT_NEIGHBORHOOD" Atlas="ICON_ATLAS_REMOVABLE_PROJECTS" Index="10"/>
		<Row Name="ICON_PROJECT_REMOVE_DISTRICT_AQUEDUCT" Atlas="ICON_ATLAS_REMOVABLE_PROJECTS" Index="11"/>
    <Row Name="ICON_PROJECT_REMOVE_DISTRICT_SPACEPORT" Atlas="ICON_ATLAS_REMOVABLE_PROJECTS" Index="12"/>
	</IconDefinitions>
</GameInfo>
