<?xml version="1.0" encoding="utf-8"?>
<!--
    cui_unitlist_screen.xml
-->

<Context xmlns:xsi="http://www.w3.org/2001/XMLSchema-instance" xsi:noNamespaceSchemaLocation="..\..\..\..\..\CivTech\Libs\ForgeUI\ForgeUI_Assets\Controls.xsd" Style="FontNormal16" FontStyle="Shadow">

    <Container ID="Vignette" Style="FullScreenVignetteConsumer" />

    <Container ID="PopupContainer" Anchor="C,C" Size="1024,768">
        <Box Anchor="C,C" Size="parent,768" Color="22,22,22,255">
            <Image Size="parent,parent-46" Texture="WorldBuilder_BG" StretchMode="Tile" Color="80,80,80,255">
                <Image ID="ArtParchmentDecoTop" Offset="0,50" Size="parent,103" Texture="Parchment_BorderDeco" FlipY="1" StretchMode="Tile" Alpha="0.2"/>
                <Image ID="ArtParchmentDecoBottom" Anchor="L,B" Offset="0,10" Size="parent,103" Texture="Parchment_BorderDeco" FlipY="0" StretchMode="Tile" Alpha="0.2"/>
                <Image ID="ArtParchmentRippleTop" Size="parent,217" Texture="Parchment_Ripple" FlipY="1" StretchMode="Tile" Alpha="1.0"/>
                <Image ID="ArtParchmentRippleBottom" Anchor="L,B" Size="parent,217" Texture="Parchment_Ripple" FlipY="0" StretchMode="Tile" Alpha="1.0"/>
            </Image>
            <Image Size="parent,40" Texture="Controls_SubHeader2"/>
            <Container Size="parent,40">
                <Label Anchor="C,C" Style="FontFlair24" String="LOC_PEDIA_UNITS_TITLE" FontStyle="glow" ColorSet="ShellHeader" SmallCaps="28" SmallCapsLeading="0" SmallCapsType="EveryWord"/>
            </Container>
            <Grid Anchor="C,C" Size="parent+16,parent+16" Style="ScreenFrame"/>
        </Box>

        <Button ID="CloseButton" Anchor="R,T" Style="CloseButtonLarge" Offset="-8,-5"/>

        <!-- Body -->
        <Container Anchor="C,T" Offset="0,80" Size="1024,parent-80">
            <Container ID="OverviewPanel" Size="parent,parent-32">
                <Grid ID="Body" Anchor="C,T" Size="parent,parent">
                    <ScrollPanel ID="Scroll" Anchor="C,T" Offset="0,2" Size="parent,parent-22" Vertical="1" AutoScrollBar="1">
                        <ScrollBar Anchor="R,C" Size="11,parent" AnchorSide="I,I" Style="ScrollVerticalBar"/>
                        <Stack ID="UnitGroupStack" Size="parent,auto" Offset="16,10" StackGrowth="Bottom" StackPadding="20"/>
                    </ScrollPanel>
                </Grid>
            </Container>

            <Grid Anchor="C,B" Offset="0,40" Size="parent,8" Style="Divider3Grid" />

            <Grid Anchor="L,B" Offset="34,7" Size="auto,32" SliceCorner="16,16" SliceSize="1,1" SliceTextureSize="32,32" Texture="Controls_LineItem" Color="100,100,100,255">
                <Stack StackGrowth="Right" Offset="10,10">
                    <Label ID="UnitExpenses" Anchor="L,C" Size="parent,20" Style="ReportValueText" String="G" Color="White"/>
                    <Grid Size="6,10" />
                </Stack>
            </Grid>
        </Container>

        <!-- Tabs -->
        <Container Anchor="C,T" Offset="0,30" Size="400,61">
            <Image Anchor="C,C" Size="439,27" Texture="Controls_TabLedge2_Fill" StretchMode="Tile" />
            <Grid Anchor="C,T" Size="580,61" Texture="Controls_TabLedge2" SliceCorner="194,18" SliceSize="52,26" SliceTextureSize="438,61">
                <Container ID="TabContainer" Anchor="C,T" Offset="0,13" Size="parent-80,34">
                    <GridButton ID="NormalMode" Size="200,34" Style="TabButton" FontSize="14" TextOffset="0,2" String="LOC_REPORTS_LIST_OVERVIEW">
                        <GridButton ID="SelectedNormal" Size="parent,parent" Style="TabButtonSelected" />
                    </GridButton>
                    <GridButton ID="DetailMode" Size="200,34" Style="TabButton" FontSize="14" TextOffset="0,2" String="LOC_WORLD_RANKINGS_SHOW_DETAILS">
                        <GridButton ID="SelectedDetail" Size="parent,parent" Style="TabButtonSelected" />
                    </GridButton>
                </Container>
            </Grid>
        </Container>

    </Container>

    <!-- Instances -->
    <Instance Name="UnitGroupInstance">
        <Container ID="Top" Anchor="C,T" Size="parent,auto">
            <Label ID="GroupName" Anchor="L,T" String="GroupName" Offset="20,0" Color0="133,205,235,255" Color1="203,215,225,100" Color2="254,254,254,255" Style="FontFlair20"/>
            <Stack ID="UnitList" Anchor="L,T" Size="parent,auto" Offset="14,24" StackGrowth="Right" StackPadding="10" WrapWidth="960" WrapGrowth="Bottom"/>
        </Container>
    </Instance>

    <Instance Name="UnitEntryInstance">
        <Container ID="Top" Offset="0,0" Size="230,52">
            <GridButton ID="Button" Anchor="L,T" Size="52,52">
                <Image Texture="button_unit.dds" Size="52,52" SliceCorner="24,24" SliceSize="1,1" SliceTextureSize="52,52"/>
                <Image ID="UnitTypeIcon" Anchor="C,C" Size="38,38" Texture="Units38" Offset="0,0"/>
                <Label ID="UnitSuffix" Anchor="R,B" Size="22,22" Offset="6,2"/>
            </GridButton>
            <Grid ID="Details" Anchor="L,T" Size="194,44" Offset="38,0">
                <Image Anchor="L,T" Size="180,43" Offset="13,4" Texture="Controls_ScrollMaskUpper"/>
                <Label ID="UnitName" Anchor="L,T" Size="180,22" Offset="15,9" String="Unit Name" TruncateWidth="140" Style="FontFlair14" Color0="214,214,214,255" Color1="0,0,0,55"/>
                <Button ID="UpgradeButton" Anchor="R,T" Size="22,22" Offset="28,5">
                    <Image Texture="Stats22" Size="22,22" Anchor="R,C" Icon="ICON_UNITCOMMAND_UPGRADE"/>
                </Button>
                <Image ID="UnitStatusIcon" Anchor="R,T" Size="22,22" Offset="6,5" Texture="Stats22"/>
                <Stack ID="PromotionsStack" Anchor="L,T" Offset="9,22" StackGrowth="Right" StackPadding="-9"/>
            </Grid>
        </Container>
    </Instance>

    <Instance Name="PromotionInstance">
        <Image ID="Top" Size="32,32" Alpha="0.8" Texture="PromotionsSmall" TextureOffset="32,0"/>
    </Instance>
</Context>
