<?xml version="1.0" encoding="utf-8"?>
<GameData>
	
	<!-- +++++++++++++++++++++++++++++++++++ -->
	<!-- "Play Europe Again" start positions -->
	<!-- +++++++++++++++++++++++++++++++++++ -->
	
	<StartPosition>
		
		<!-- Civilizations -->
		<Replace MapName="PlayEuropeAgain" Civilization="CIVILIZATION_ARABIA"		X="84" Y="15" DisabledByCivilization="CIVILIZATION_PHOENICIA" />	<!-- Damascus -->
		<Replace MapName="PlayEuropeAgain" Civilization="CIVILIZATION_ARABIA"		X="84" Y="21" AlternateStart="1" /> <!-- Aleppo-->
		<Replace MapName="PlayEuropeAgain" Civilization="CIVILIZATION_ARABIA"		X="74" Y="6" Leader="LEADER_SALADIN"  DisabledByCivilization="CIVILIZATION_EGYPT" /> <!-- Cairo -->
		<Replace MapName="PlayEuropeAgain" Civilization="CIVILIZATION_ARABIA"		X="84" Y="21" Leader="LEADER_SALADIN" AlternateStart="1" /> <!-- Aleppo -->
		<Replace MapName="PlayEuropeAgain" Civilization="CIVILIZATION_EGYPT"		X="73" Y="7" />
		<Replace MapName="PlayEuropeAgain" Civilization="CIVILIZATION_EGYPT"		X="72" Y="10" Leader="LEADER_CLEOPATRA" />
		<Replace MapName="PlayEuropeAgain" Civilization="CIVILIZATION_ENGLAND"		X="30" Y="61" />
		<Replace MapName="PlayEuropeAgain" Civilization="CIVILIZATION_FRANCE"		X="34" Y="52" />
		<Replace MapName="PlayEuropeAgain" Civilization="CIVILIZATION_FRANCE"		X="25" Y="46" AlternateStart="1" />
		<Replace MapName="PlayEuropeAgain" Civilization="CIVILIZATION_GEORGIA"		X="93" Y="37" />
		
		<Replace MapName="PlayEuropeAgain" Civilization="CIVILIZATION_GERMANY"		X="38" Y="55" Leader="LEADER_BARBAROSSA"  DisabledByLeader="LEADER_AMBIORIX" DisabledByCivilization="CIVILIZATION_NETHERLANDS"/> <!-- Aachen -->
		<Replace MapName="PlayEuropeAgain" Civilization="CIVILIZATION_GERMANY"		X="47" Y="58" Leader="LEADER_BARBAROSSA"  AlternateStart="1" /> <!-- Aachen --><!-- Berlin -->
		<Replace MapName="PlayEuropeAgain" Civilization="CIVILIZATION_GERMANY"		X="47" Y="58" /> <!-- Berlin -->
		
		<!--
		<Replace MapName="PlayEuropeAgain" Civilization="CIVILIZATION_GERMANY"		X="50" Y="46" AlternateStart="1" />
		Vienna
		-->
		<Replace MapName="PlayEuropeAgain" Civilization="CIVILIZATION_GREECE"		X="60" Y="25" DisabledByLeader="LEADER_GORGO" />
		<Replace MapName="PlayEuropeAgain" Civilization="CIVILIZATION_GREECE"		X="67" Y="24" AlternateStart="1" />
		<Replace MapName="PlayEuropeAgain" Civilization="CIVILIZATION_GREECE"  		X="58" Y="21" Leader="LEADER_GORGO" />
		<Replace MapName="PlayEuropeAgain" Civilization="CIVILIZATION_MACEDON"		X="59" Y="30" />
		<Replace MapName="PlayEuropeAgain" Civilization="CIVILIZATION_MACEDON"		X="74" Y="29" AlternateStart="1" />
		<Replace MapName="PlayEuropeAgain" Civilization="CIVILIZATION_MONGOLIA"		X="91" Y="54" />
		<Replace MapName="PlayEuropeAgain" Civilization="CIVILIZATION_NETHERLANDS"	X="37" Y="60" />
		<Replace MapName="PlayEuropeAgain" Civilization="CIVILIZATION_NORWAY"		X="49" Y="82" />
		<Replace MapName="PlayEuropeAgain" Civilization="CIVILIZATION_NORWAY"		X="47" Y="73" AlternateStart="1" />
		<Replace MapName="PlayEuropeAgain" Civilization="CIVILIZATION_NUBIA"		X="75" Y="1" />
		<Replace MapName="PlayEuropeAgain" Civilization="CIVILIZATION_ROME"			X="44" Y="34" />
		<Replace MapName="PlayEuropeAgain" Civilization="CIVILIZATION_ROME"			X="69" Y="32" AlternateStart="1" />
		<Replace MapName="PlayEuropeAgain" Civilization="CIVILIZATION_RUSSIA"		X="78" Y="62" AlternateStart="1" />
		<Replace MapName="PlayEuropeAgain" Civilization="CIVILIZATION_RUSSIA"		X="65" Y="71" />
		<Replace MapName="PlayEuropeAgain" Civilization="CIVILIZATION_SCOTLAND"		X="28" Y="72" />
		<Replace MapName="PlayEuropeAgain" Civilization="CIVILIZATION_SCYTHIA"		X="83" Y="46" />
		<Replace MapName="PlayEuropeAgain" Civilization="CIVILIZATION_SCYTHIA"		X="101" Y="52" AlternateStart="1" />
		<Replace MapName="PlayEuropeAgain" Civilization="CIVILIZATION_SPAIN"		X="18" Y="38" />
		<Replace MapName="PlayEuropeAgain" Civilization="CIVILIZATION_SPAIN"		X="26" Y="38" AlternateStart="1" />
		<Replace MapName="PlayEuropeAgain" Civilization="CIVILIZATION_SUMERIA"		X="102" Y="15" />
		<Replace MapName="PlayEuropeAgain" Civilization="CIVILIZATION_PERSIA"		X="104" Y="23" />
		<Replace MapName="PlayEuropeAgain" Civilization="CIVILIZATION_PERSIA"		X="100" Y="30" AlternateStart="1" />
		<Replace MapName="PlayEuropeAgain" Civilization="CIVILIZATION_POLAND"		X="58" Y="53" />
		<Replace MapName="PlayEuropeAgain" Civilization="CIVILIZATION_POLAND"		X="65" Y="58" AlternateStart="1" />
		<!-- Gathering Storm -->
		<Replace MapName="PlayEuropeAgain" Civilization="CIVILIZATION_SWEDEN"		X="55"	Y="72" />
		<Replace MapName="PlayEuropeAgain" Civilization="CIVILIZATION_HUNGARY"		X="55"	Y="44" />
		<Replace MapName="PlayEuropeAgain" Civilization="CIVILIZATION_FRANCE"		X="27"	Y="49" Leader="LEADER_ELEANOR_FRANCE" />
		<!--Replace MapName="PlayEuropeAgain" Civilization="CIVILIZATION_ENGLAND"		X="27"	Y="49" Leader="LEADER_ELEANOR_ENGLAND" /-->
		<Replace MapName="PlayEuropeAgain" Civilization="CIVILIZATION_PHOENICIA"	X="82"	Y="15" />
		<Replace MapName="PlayEuropeAgain" Civilization="CIVILIZATION_OTTOMAN"		X="69"	Y="32" DisabledByCivilization="CIVILIZATION_BYZANTIUM" />	
		<Replace MapName="PlayEuropeAgain" Civilization="CIVILIZATION_OTTOMAN"		X="74"	Y="29" AlternateStart="1" />

		<Replace MapName="PlayEuropeAgain" Civilization="CIVILIZATION_BYZANTIUM"	X="69"	Y="32" />
		<Replace MapName="PlayEuropeAgain" Civilization="CIVILIZATION_GAUL"			X="37"	Y="56"  Leader="LEADER_AMBIORIX" DisabledByCivilization="CIVILIZATION_NETHERLANDS"/> <!-- Tongeren/Aduatuca -->
		<Replace MapName="PlayEuropeAgain" Civilization="CIVILIZATION_GAUL"			X="32"	Y="45"  Leader="LEADER_AMBIORIX" AlternateStart="1"/>
		<Replace MapName="PlayEuropeAgain" Civilization="CIVILIZATION_GAUL"			X="32"	Y="45" /> <!-- Lugdunum/Gaul-->
		<Replace MapName="PlayEuropeAgain" Civilization="CIVILIZATION_BABYLON_STK"	X="99"	Y="17" />
		<Replace MapName="PlayEuropeAgain" Civilization="CIVILIZATION_PORTUGAL"		X="10" Y="37" />
		
		<Replace MapName="PlayEuropeAgain" Civilization="CIVILIZATION_AKKAD"		X="99"	Y="19" />
		<Replace MapName="PlayEuropeAgain" Civilization="CIVILIZATION_BOLOGNA"		X="44"	Y="40" />
		<Replace MapName="PlayEuropeAgain" Civilization="CIVILIZATION_CARDIFF"		X="26"	Y="62" />
		<Replace MapName="PlayEuropeAgain" Civilization="CIVILIZATION_FEZ"			X="15"	Y="25" />
		
		<!-- City States -->
		<Replace MapName="PlayEuropeAgain" Civilization="CIVILIZATION_ANTIOCH" 		X="45" Y="41" /> <!-- Changed to Venice -->
		<Replace MapName="PlayEuropeAgain" Civilization="CIVILIZATION_AMSTERDAM"	X="37" Y="60" />
		<Replace MapName="PlayEuropeAgain" Civilization="CIVILIZATION_BABYLON" 		X="106" Y="20" /> <!-- Changed to Anshan -->
		<Replace MapName="PlayEuropeAgain" Civilization="CIVILIZATION_ARMAGH"		X="22" Y="69" />
		<Replace MapName="PlayEuropeAgain" Civilization="CIVILIZATION_BRUSSELS"		X="36" Y="56" />
		<Replace MapName="PlayEuropeAgain" Civilization="CIVILIZATION_CARTHAGE"		X="37" Y="23" />
		<Replace MapName="PlayEuropeAgain" Civilization="CIVILIZATION_GENEVA"		X="36" Y="45" />
		<Replace MapName="PlayEuropeAgain" Civilization="CIVILIZATION_GRANADA" 		X="17" Y="32" />
		<Replace MapName="PlayEuropeAgain" Civilization="CIVILIZATION_HATTUSA"		X="79" Y="30" />
		<Replace MapName="PlayEuropeAgain" Civilization="CIVILIZATION_JERUSALEM"	X="82" Y="12" />
		<!-- Replace MapName="PlayEuropeAgain" Civilization="CIVILIZATION_LISBON"		X="10" Y="37" /> Changed to Mogadishu -->
		<Replace MapName="PlayEuropeAgain" Civilization="CIVILIZATION_MUSCAT" 		X="106" Y="10" />
		<Replace MapName="PlayEuropeAgain" Civilization="CIVILIZATION_PRESLAV"		X="65" Y="37" />
		<Replace MapName="PlayEuropeAgain" Civilization="CIVILIZATION_STOCKHOLM"	X="55" Y="72" />
		<Replace MapName="PlayEuropeAgain" Civilization="CIVILIZATION_VALLETTA"		X="42" Y="19" />
		<Replace MapName="PlayEuropeAgain" Civilization="CIVILIZATION_VILNIUS"		X="60" Y="60" />
		<Replace MapName="PlayEuropeAgain" Civilization="CIVILIZATION_YEREVAN"		X="93" Y="33" />

		<!-- New Horizon DLC -->
		<Replace MapName="PlayEuropeAgain" Civilization="CIVILIZATION_VATICAN_CITY" X="44" Y="34" DisabledByCivilization="CIVILIZATION_ROME" />
		<Replace MapName="PlayEuropeAgain" Civilization="CIVILIZATION_WOLIN" 	X="50" Y="60" />
		
	</StartPosition>
	
	<ExtraPlacement>
		<!-- +++++++++++++++++++++++++++ -->
		<!--   PlayEuropeAgain Volcanos  -->
		<!-- +++++++++++++++++++++++++++ -->

		<Replace MapName="PlayEuropeAgain" X="92" Y="39"	RuleSet="RULESET_EXPANSION_2"	TerrainType="TERRAIN_PLAINS_MOUNTAIN" FeatureType="FEATURE_VOLCANO" />
		<Replace MapName="PlayEuropeAgain" X="85" Y="25"	RuleSet="RULESET_EXPANSION_2"	TerrainType="TERRAIN_PLAINS_MOUNTAIN" FeatureType="FEATURE_VOLCANO" />
		<Replace MapName="PlayEuropeAgain" X="45" Y="24"	RuleSet="RULESET_EXPANSION_2"	TerrainType="TERRAIN_PLAINS_MOUNTAIN" FeatureType="FEATURE_VOLCANO" />
		<Replace MapName="PlayEuropeAgain" X="62" Y="20"	RuleSet="RULESET_EXPANSION_2"	TerrainType="TERRAIN_PLAINS_MOUNTAIN" FeatureType="FEATURE_VOLCANO" />
		<Replace MapName="PlayEuropeAgain" X="89" Y="39"	RuleSet="RULESET_EXPANSION_2"	TerrainType="TERRAIN_PLAINS_MOUNTAIN" FeatureType="FEATURE_VOLCANO" />
		<Replace MapName="PlayEuropeAgain" X="46" Y="26"	RuleSet="RULESET_EXPANSION_2"	TerrainType="TERRAIN_PLAINS_MOUNTAIN" FeatureType="FEATURE_VOLCANO" />
		<Replace MapName="PlayEuropeAgain" X="90" Y="29"	RuleSet="RULESET_EXPANSION_2"	TerrainType="TERRAIN_PLAINS_MOUNTAIN" FeatureType="FEATURE_VOLCANO" />

		<!-- +++++++++++++++++++++++++++ -->
		<!--   Giant Earth Geothermal    -->
		<!-- +++++++++++++++++++++++++++ -->

		<Replace MapName="PlayEuropeAgain" X="43" Y="38"	RuleSet="RULESET_EXPANSION_2" 	FeatureType="FEATURE_GEOTHERMAL_FISSURE" />
		<Replace MapName="PlayEuropeAgain" X="10" Y="90"	RuleSet="RULESET_EXPANSION_2" 	FeatureType="FEATURE_GEOTHERMAL_FISSURE" />
		<Replace MapName="PlayEuropeAgain" X="66" Y="25"	RuleSet="RULESET_EXPANSION_2" 	FeatureType="FEATURE_GEOTHERMAL_FISSURE" />
		<Replace MapName="PlayEuropeAgain" X="8" Y="88"		RuleSet="RULESET_EXPANSION_2" 	FeatureType="FEATURE_GEOTHERMAL_FISSURE" />
		<Replace MapName="PlayEuropeAgain" X="100" Y="31"	RuleSet="RULESET_EXPANSION_2" 	FeatureType="FEATURE_GEOTHERMAL_FISSURE" />

		<Replace MapName="PlayEuropeAgain" X="81" Y="6" RuleSet="RULESET_EXPANSION_2" FeatureType="FEATURE_REEF" />
		<Replace MapName="PlayEuropeAgain" X="79" Y="1" RuleSet="RULESET_EXPANSION_2" FeatureType="FEATURE_REEF" />
	</ExtraPlacement>
	
	<!--     Natural Wonders    -->
	<NaturalWonderPosition>
		<!---->
		<Replace MapName="PlayEuropeAgain" X="12" Y="88" FeatureType="FEATURE_EYJAFJALLAJOKULL" />
		<Replace MapName="PlayEuropeAgain" X="13" Y="88" FeatureType="FEATURE_EYJAFJALLAJOKULL" />

		<Replace MapName="PlayEuropeAgain" X="43" Y="72" FeatureType="FEATURE_LYSEFJORDEN" TerrainType="TERRAIN_GRASS" />
		<Replace MapName="PlayEuropeAgain" X="42" Y="71" FeatureType="FEATURE_LYSEFJORDEN" TerrainType="TERRAIN_GRASS" />
		<Replace MapName="PlayEuropeAgain" X="42" Y="72" FeatureType="FEATURE_LYSEFJORDEN" TerrainType="TERRAIN_GRASS" />

		<Replace MapName="PlayEuropeAgain" X="21" Y="70" FeatureType="FEATURE_GIANTS_CAUSEWAY" />
		<Replace MapName="PlayEuropeAgain" X="20" Y="71" FeatureType="FEATURE_GIANTS_CAUSEWAY" />
		<!---->
	
		<!-- ****************** -->
		<!-- Gathering Storm NW -->
		<!-- ****************** -->
		
		
		<Replace MapName="PlayEuropeAgain" X="99" Y="35" FeatureType="FEATURE_GOBUSTAN" TerrainType="TERRAIN_PLAINS" />
		<Replace MapName="PlayEuropeAgain" X="100" Y="36" FeatureType="FEATURE_GOBUSTAN" TerrainType="TERRAIN_PLAINS" />
		<Replace MapName="PlayEuropeAgain" X="100" Y="35" FeatureType="FEATURE_GOBUSTAN" TerrainType="TERRAIN_PLAINS" />
		
		<Replace MapName="PlayEuropeAgain" X="69" Y="24" FeatureType="FEATURE_PAMUKKALE" TerrainType="TERRAIN_PLAINS_HILLS" />
		<Replace MapName="PlayEuropeAgain" X="70" Y="24" FeatureType="FEATURE_PAMUKKALE" TerrainType="TERRAIN_PLAINS_HILLS" />
		
		<Replace MapName="PlayEuropeAgain" X="64" Y="5" FeatureType="FEATURE_WHITEDESERT" TerrainType="TERRAIN_DESERT" />
		<Replace MapName="PlayEuropeAgain" X="65" Y="5" FeatureType="FEATURE_WHITEDESERT" TerrainType="TERRAIN_DESERT" />
		<Replace MapName="PlayEuropeAgain" X="65" Y="6" FeatureType="FEATURE_WHITEDESERT" TerrainType="TERRAIN_DESERT" />
		<Replace MapName="PlayEuropeAgain" X="66" Y="6" FeatureType="FEATURE_WHITEDESERT" TerrainType="TERRAIN_DESERT" />
		
		<Replace MapName="PlayEuropeAgain" X="46" Y="31" FeatureType="FEATURE_VESUVIUS" TerrainType="TERRAIN_PLAINS_MOUNTAIN" />
	</NaturalWonderPosition>
	
</GameData>
