<?xml version="1.0" encoding="utf-8"?>
<!-- Cui Options Menu -->

<Context Name="CuiOptions">

    <Container ID="Vignette" Style="FullScreenVignetteConsumer" />

    <Box ID="MainGrid" Style="ShellBGBox" Size="640,480" Anchor="C,C">
        <Container ID="MainWindow" Size="640,420" Anchor="C,T">
            <Container ID="Header" Style="ShellHeaderContainer" Size="640,54">
                <Label ID="WindowTitle" Style="ShellHeader" Anchor="C,C" String="{LOC_OPTIONS_TITLE:upper}"/>
            </Container>

            <Grid ID="Content" Style="SubContainer4" Size="parent-10,380" Anchor="C,T" Color="7,28,50" Offset="0,55">
                <!--Options Tabs-->
                <Grid Style="SubContainerFill" Size="210,parent-6" Offset="3,3" Color="6,36,57,150">
                    <Grid Style="SubContainer3" Size="parent-6,parent-6" Anchor="C,C" Color="13,70,82,255">
                        <Stack ID="TabStack" StackGrowth="Down" Anchor="C,T" Padding="10">
                            <GridButton ID="VictoryTab" Style="ShellTabSmall" Size="200,32" String="LOC_CUI_OPTIONS_TAB_VICTORY" />
                            <GridButton ID="LogTab" Style="ShellTabSmall" Size="200,32" String="LOC_CUI_OPTIONS_TAB_LOG" />
                            <GridButton ID="PopupTab" Style="ShellTabSmall" Size="200,32" String="LOC_CUI_OPTIONS_TAB_POPUP" />
                            <GridButton ID="RemindTab" Style="ShellTabSmall" Size="200,32" String="LOC_CUI_OPTIONS_TAB_REMIND" />
                            <GridButton ID="ExtraTab" Style="ShellTabSmall" Size="200,32" String="LOC_OPTIONS_GAME_OPTIONS" />
                        </Stack>
                    </Grid>
                </Grid>

                <!-- Options -->
                <Container Anchor="R,T" Size="parent-215,parent-6">
                    <Container ID="VictoryOptions" Size="parent,parent" Hidden="0">
                        <Stack Anchor="C,T" StackGrowth="Down" Padding="20" Offset="0,24" Size="parent-24,auto">
                            <Label Anchor="L,T" WrapWidth="parent-10" String="LOC_CUI_OPTIONS_DESC_VICTORY" Style="BlueGlow"/>
                            <Stack Anchor="R,T" StackGrowth="Left" Padding="15">
                                <PullDown ID="SetScience" Style="PullDownBlue" ScrollThreshold="400" Size="200,24" Offset="0,0" SpaceForScroll="0"/>
                                <Label Anchor="L,C" Style="ShellOptionText" WrapWidth="175" String="LOC_VICTORY_SCIENCE_NAME"/>
                            </Stack>
                            <Stack Anchor="R,T" StackGrowth="Left" Padding="15">
                                <PullDown ID="SetCulture" Style="PullDownBlue" ScrollThreshold="400" Size="200,24" Offset="0,0" SpaceForScroll="0"/>
                                <Label Anchor="L,C" Style="ShellOptionText" WrapWidth="175" String="LOC_VICTORY_CULTURE_NAME"/>
                            </Stack>
                            <Stack Anchor="R,T" StackGrowth="Left" Padding="15">
                                <PullDown ID="SetDomination" Style="PullDownBlue" ScrollThreshold="400" Size="200,24" Offset="0,0" SpaceForScroll="0"/>
                                <Label Anchor="L,C" Style="ShellOptionText" WrapWidth="175" String="LOC_VICTORY_DOMINATION_NAME"/>
                            </Stack>
                            <Stack Anchor="R,T" StackGrowth="Left" Padding="15">
                                <PullDown ID="SetReligious" Style="PullDownBlue" ScrollThreshold="400" Size="200,24" Offset="0,0" SpaceForScroll="0"/>
                                <Label Anchor="L,C" Style="ShellOptionText" WrapWidth="175" String="LOC_VICTORY_RELIGIOUS_NAME"/>
                            </Stack>
                            <Stack ID="OptionDiplomatic" Anchor="R,T" StackGrowth="Left" Padding="15">
                                <PullDown ID="SetDiplomatic" Style="PullDownBlue" ScrollThreshold="400" Size="200,24" Offset="0,0" SpaceForScroll="0"/>
                                <Label Anchor="L,C" Style="ShellOptionText" WrapWidth="175" String="LOC_VICTORY_DIPLOMATIC_NAME"/>
                            </Stack>
                        </Stack>
                    </Container>

                    <Container ID="LogOptions" Size="parent,parent" Hidden="1">
                        <Stack Anchor="C,T" StackGrowth="Down" Padding="20" Offset="0,24" Size="parent-24,auto">
                            <Label Anchor="L,T" WrapWidth="parent-10" String="LOC_CUI_OPTIONS_DESC_LOG" Style="BlueGlow"/>
                            <Stack Anchor="R,T" StackGrowth="Left" Padding="15">
                                <PullDown ID="SetGossipLog" Style="PullDownBlue" ScrollThreshold="400" Size="200,24" Offset="0,0" SpaceForScroll="0"/>
                                <Label Anchor="L,C" Style="ShellOptionText" WrapWidth="175" String="LOC_CUI_WT_GOSSIP_LOG"/>
                            </Stack>
                            <Stack Anchor="R,T" StackGrowth="Left" Padding="15">
                                <PullDown ID="SetCombatLog" Style="PullDownBlue" ScrollThreshold="400" Size="200,24" Offset="0,0" SpaceForScroll="0"/>
                                <Label Anchor="L,C" Style="ShellOptionText" WrapWidth="175" String="LOC_CUI_WT_COMBAT_LOG"/>
                            </Stack>
                        </Stack>
                    </Container>

                    <Container ID="PopupOptions" Size="parent,parent" Hidden="1">
                        <Stack Anchor="C,T" StackGrowth="Down" Padding="20" Offset="0,24" Size="parent-24,auto">
                            <Label Anchor="L,T" WrapWidth="parent-10" String="LOC_CUI_OPTIONS_DESC_POPUP" Style="BlueGlow"/>
                            <Stack Anchor="R,T" StackGrowth="Left" Padding="15">
                                <PullDown ID="SetResearch" Style="PullDownBlue" ScrollThreshold="400" Size="200,24" Offset="0,0" SpaceForScroll="0"/>
                                <Label Anchor="L,C" Style="ShellOptionText" WrapWidth="175" String="LOC_CUI_OPTIONS_POPUP_RESEARCH"/>
                            </Stack>
                            <Stack Anchor="R,T" StackGrowth="Left" Padding="15">
                                <PullDown ID="SetPlayAudio" Style="PullDownBlue" ScrollThreshold="400" Size="200,24" Offset="0,0" SpaceForScroll="0"/>
                                <Label Anchor="L,C" Style="ShellOptionText" WrapWidth="175" String="LOC_CUI_OPTIONS_POPUP_AUDIO"/>
                            </Stack>
                            <Stack Anchor="R,T" StackGrowth="Left" Padding="15">
                                <PullDown ID="SetEraScore" Style="PullDownBlue" ScrollThreshold="400" Size="200,24" Offset="0,0" SpaceForScroll="0"/>
                                <Label Anchor="L,C" Style="ShellOptionText" WrapWidth="175" String="LOC_CUI_OPTIONS_POPUP_ERA_SCORE"/>
                            </Stack>
                            <Stack Anchor="R,T" StackGrowth="Left" Padding="15">
                                <PullDown ID="SetGreatWork" Style="PullDownBlue" ScrollThreshold="400" Size="200,24" Offset="0,0" SpaceForScroll="0"/>
                                <Label Anchor="L,C" Style="ShellOptionText" WrapWidth="175" String="LOC_CUI_OPTIONS_POPUP_GREAT_WORK"/>
                            </Stack>
                            <Stack Anchor="R,T" StackGrowth="Left" Padding="15">
                                <PullDown ID="SetRelic" Style="PullDownBlue" ScrollThreshold="400" Size="200,24" Offset="0,0" SpaceForScroll="0"/>
                                <Label Anchor="L,C" Style="ShellOptionText" WrapWidth="175" String="LOC_CUI_OPTIONS_POPUP_RELIC"/>
                            </Stack>
                        </Stack>
                    </Container>

                    <Container ID="RemindOptions" Size="parent,parent" Hidden="1">
                        <Stack Anchor="C,T" StackGrowth="Down" Padding="20" Offset="0,24" Size="parent-24,auto">
                            <Label Anchor="L,T" WrapWidth="parent-10" String="LOC_CUI_OPTIONS_DESC_REMIND" Style="BlueGlow"/>
                            <Stack Anchor="R,T" StackGrowth="Left" Padding="15">
                                <PullDown ID="SetTechRemind" Style="PullDownBlue" ScrollThreshold="400" Size="200,24" Offset="0,0" SpaceForScroll="0"/>
                                <Label Anchor="L,C" Style="ShellOptionText" WrapWidth="175" String="LOC_CUI_OPTIONS_REMIND_TECH"/>
                            </Stack>
                            <Stack Anchor="R,T" StackGrowth="Left" Padding="15">
                                <PullDown ID="SetCivicRemind" Style="PullDownBlue" ScrollThreshold="400" Size="200,24" Offset="0,0" SpaceForScroll="0"/>
                                <Label Anchor="L,C" Style="ShellOptionText" WrapWidth="175" String="LOC_CUI_OPTIONS_REMIND_CIVIC"/>
                            </Stack>
                            <Stack Anchor="R,T" StackGrowth="Left" Padding="15">
                                <PullDown ID="SetGovernmentRemind" Style="PullDownBlue" ScrollThreshold="400" Size="200,24" Offset="0,0" SpaceForScroll="0"/>
                                <Label Anchor="L,C" Style="ShellOptionText" WrapWidth="175" String="LOC_CUI_OPTIONS_REMIND_GOVERNMENT"/>
                            </Stack>
                            <Stack ID="OptionGovernor" Anchor="R,T" StackGrowth="Left" Padding="15">
                                <PullDown ID="SetGovernorRemind" Style="PullDownBlue" ScrollThreshold="400" Size="200,24" Offset="0,0" SpaceForScroll="0"/>
                                <Label Anchor="L,C" Style="ShellOptionText" WrapWidth="175" String="LOC_CUI_OPTIONS_REMIND_GOVERNOR"/>
                            </Stack>
                        </Stack>
                    </Container>

                    <Container ID="ExtraOptions" Size="parent,parent" Hidden="1">
                        <Stack Anchor="C,T" StackGrowth="Down" Padding="20" Offset="0,24" Size="parent-24,auto">
                            <Label Anchor="L,T" WrapWidth="parent-10" String="LOC_CUI_OPTIONS_DESC_SPEED" Style="BlueGlow"/>
                            <Stack Anchor="R,T" StackGrowth="Left" Padding="15">
                                <PullDown ID="SetCombatSpeed" Style="PullDownBlue" ScrollThreshold="400" Size="200,24" Offset="0,0" SpaceForScroll="0"/>
                                <Label Anchor="L,C" Style="ShellOptionText" WrapWidth="175" String="LOC_CUI_OPTIONS_QUICK_COMBAT"/>
                            </Stack>
                            <Stack Anchor="R,T" StackGrowth="Left" Padding="15">
                                <PullDown ID="SetMovementSpeed" Style="PullDownBlue" ScrollThreshold="400" Size="200,24" Offset="0,0" SpaceForScroll="0"/>
                                <Label Anchor="L,C" Style="ShellOptionText" WrapWidth="175" String="LOC_CUI_OPTIONS_QUICK_MOVEMENT"/>
                            </Stack>
                        </Stack>
                    </Container>
                </Container>

                <!-- Buttons -->
                <GridButton ID="ConfirmButton" Style="ButtonConfirm" AnchorSide="I,O" Anchor="c,b" String="LOC_GENERIC_CONFIRM_BUTTON" Size="200,41"/>
            </Grid>
        </Container>
    </Box>

    <!-- Instance for a parameter that has multiple choices for the value, displayed as a dropdown -->
    <Instance Name="PullDownParameterInstance">
        <Container ID="Root" Anchor="C,T" Size="450,32" Offset="0,0">
            <PullDown Anchor="C,T" ID="PullDown" Style="PullDownBlue" Size="300,24" Offset="-4,0">
                <Label Offset="4,0" Style="ShellOptionText" ID="StringName" AnchorSide="O,I" Anchor="L,C" String=""/>
            </PullDown>
        </Container>
    </Instance>
</Context>