<?xml version="1.0" encoding="utf-8"?>
<GameData>
	<!-- Civilizations Request -->
	<CivilizationRequestedResource>
		<Row>
			<Civilization>CIVILIZATION_AMERICA</Civilization>
			<Resource>RESOURCE_NITER</Resource>
		</Row>
		<Row>
			<Civilization>CIVILIZATION_AMERICA</Civilization>
			<Resource>RESOURCE_CATTLE</Resource>
		</Row>
		<Row>
			<Civilization>CIVILIZATION_AMERICA</Civilization>
			<Resource>RESOURCE_URANIUM</Resource>
			<Quantity>3</Quantity>
		</Row>
		<Row>
			<Civilization>CIVILIZATION_AMERICA</Civilization>
			<Resource>RESOURCE_ALUMINUM</Resource>
			<Quantity>2</Quantity>
		</Row>
		<Row>
			<Civilization>CIVILIZATION_ARABIA</Civilization>
			<Resource>RESOURCE_HORSES</Resource>
			<Quantity>2</Quantity>
		</Row>
		<Row>
			<Civilization>CIVILIZATION_ARABIA</Civilization>
			<Resource>RESOURCE_IRON</Resource>
			<Quantity>2</Quantity>
		</Row>
		<Row>
			<Civilization>CIVILIZATION_ARABIA</Civilization>
			<Resource>RESOURCE_NITER</Resource>
		</Row>
		<Row>
			<Civilization>CIVILIZATION_AZTEC</Civilization>
			<Resource>RESOURCE_SPICES</Resource>
		</Row>
		<Row>
			<Civilization>CIVILIZATION_AZTEC</Civilization>
			<Resource>RESOURCE_BANANA</Resource>
		</Row>
		<Row>
			<Civilization>CIVILIZATION_CHINA</Civilization>
			<Resource>RESOURCE_SILK</Resource>
		</Row>
		<Row>
			<Civilization>CIVILIZATION_EGYPT</Civilization>
			<Resource>RESOURCE_HORSES</Resource>
			<Quantity>2</Quantity>
		</Row>
		<Row>
			<Civilization>CIVILIZATION_EGYPT</Civilization>
			<Resource>RESOURCE_GOLD</Resource>
		</Row>
		<Row>
			<Civilization>CIVILIZATION_ENGLAND</Civilization>
			<Resource>RESOURCE_SILVER</Resource>
		</Row>
		<Row>
			<Civilization>CIVILIZATION_ENGLAND</Civilization>
			<Resource>RESOURCE_HORSES</Resource>
			<Quantity>2</Quantity>
		</Row>
		<Row>
			<Civilization>CIVILIZATION_ENGLAND</Civilization>
			<Resource>RESOURCE_IRON</Resource>
			<Quantity>2</Quantity>
		</Row>
		<Row>
			<Civilization>CIVILIZATION_ENGLAND</Civilization>
			<Resource>RESOURCE_COAL</Resource>
			<Quantity>6</Quantity>
		</Row>
		<Row>
			<Civilization>CIVILIZATION_ENGLAND</Civilization>
			<Resource>RESOURCE_NITER</Resource>
		</Row>
		<Row>
			<Civilization>CIVILIZATION_ENGLAND</Civilization>
			<Resource>RESOURCE_WHALES</Resource>
		</Row>
		<Row>
			<Civilization>CIVILIZATION_FRANCE</Civilization>
			<Resource>RESOURCE_IRON</Resource>
			<Quantity>2</Quantity>
		</Row>
		<Row>
			<Civilization>CIVILIZATION_FRANCE</Civilization>
			<Resource>RESOURCE_HORSES</Resource>
			<Quantity>2</Quantity>
		</Row>
		<Row>
			<Civilization>CIVILIZATION_FRANCE</Civilization>
			<Resource>RESOURCE_WINE</Resource>
		</Row>
		<Row>
			<Civilization>CIVILIZATION_FRANCE</Civilization>
			<Resource>RESOURCE_NITER</Resource>
		</Row>
		<Row>
			<Civilization>CIVILIZATION_GERMANY</Civilization>
			<Resource>RESOURCE_IRON</Resource>
			<Quantity>2</Quantity>
		</Row>
		<Row>
			<Civilization>CIVILIZATION_GERMANY</Civilization>
			<Resource>RESOURCE_HORSES</Resource>
			<Quantity>2</Quantity>
		</Row>
		<Row>
			<Civilization>CIVILIZATION_GERMANY</Civilization>
			<Resource>RESOURCE_FURS</Resource>
		</Row>
		<Row>
			<Civilization>CIVILIZATION_GERMANY</Civilization>
			<Resource>RESOURCE_NITER</Resource>
		</Row>
		<Row>
			<Civilization>CIVILIZATION_GREECE</Civilization>
			<Resource>RESOURCE_IRON</Resource>
			<Quantity>2</Quantity>
		</Row>
		<Row>
			<Civilization>CIVILIZATION_GREECE</Civilization>
			<Resource>RESOURCE_HORSES</Resource>
			<Quantity>2</Quantity>
		</Row>
		<Row>
			<Civilization>CIVILIZATION_GREECE</Civilization>
			<Resource>RESOURCE_FISH</Resource>
		</Row>
		<Row>
			<Civilization>CIVILIZATION_GREECE</Civilization>
			<Resource>RESOURCE_WINE</Resource>
		</Row>
		<Row>
			<Civilization>CIVILIZATION_GREECE</Civilization>
			<Resource>RESOURCE_MARBLE</Resource>
		</Row>
		<Row>
			<Civilization>CIVILIZATION_INDIA</Civilization>
			<Resource>RESOURCE_IVORY</Resource>
		</Row>
		<Row>
			<Civilization>CIVILIZATION_INDIA</Civilization>
			<Resource>RESOURCE_MARBLE</Resource>
		</Row>
		<Row>
			<Civilization>CIVILIZATION_IROQUOIS</Civilization>
			<Resource>RESOURCE_PEARLS</Resource>
		</Row>
		<Row>
			<Civilization>CIVILIZATION_IROQUOIS</Civilization>
			<Resource>RESOURCE_FURS</Resource>
		</Row>
		<Row>
			<Civilization>CIVILIZATION_IROQUOIS</Civilization>
			<Resource>RESOURCE_FISH</Resource>
		</Row>
		<Row>
			<Civilization>CIVILIZATION_JAPAN</Civilization>
			<Resource>RESOURCE_IRON</Resource>
			<Quantity>2</Quantity>
		</Row>
		<Row>
			<Civilization>CIVILIZATION_JAPAN</Civilization>
			<Resource>RESOURCE_WHALES</Resource>
		</Row>
		<Row>
			<Civilization>CIVILIZATION_JAPAN</Civilization>
			<Resource>RESOURCE_FISH</Resource>
		</Row>
		<Row>
			<Civilization>CIVILIZATION_JAPAN</Civilization>
			<Resource>RESOURCE_PEARLS</Resource>
		</Row>
		<Row>
			<Civilization>CIVILIZATION_OTTOMAN</Civilization>
			<Resource>RESOURCE_HORSES</Resource>
			<Quantity>2</Quantity>
		</Row>
		<Row>
			<Civilization>CIVILIZATION_OTTOMAN</Civilization>
			<Resource>RESOURCE_MARBLE</Resource>
		</Row>
		<Row>
			<Civilization>CIVILIZATION_PERSIA</Civilization>
			<Resource>RESOURCE_OIL</Resource>
			<Quantity>6</Quantity>
		</Row>
		<Row>
			<Civilization>CIVILIZATION_ROME</Civilization>
			<Resource>RESOURCE_IRON</Resource>
			<Quantity>4</Quantity>
		</Row>
		<Row>
			<Civilization>CIVILIZATION_ROME</Civilization>
			<Resource>RESOURCE_HORSES</Resource>
			<Quantity>2</Quantity>
		</Row>
		<Row>
			<Civilization>CIVILIZATION_ROME</Civilization>
			<Resource>RESOURCE_MARBLE</Resource>
		</Row>
		<Row>
			<Civilization>CIVILIZATION_ROME</Civilization>
			<Resource>RESOURCE_WINE</Resource>
		</Row>
		<Row>
			<Civilization>CIVILIZATION_ROME</Civilization>
			<Resource>RESOURCE_NITER</Resource>
		</Row>
		<Row>
			<Civilization>CIVILIZATION_RUSSIA</Civilization>
			<Resource>RESOURCE_HORSES</Resource>
			<Quantity>2</Quantity>
		</Row>
		<Row>
			<Civilization>CIVILIZATION_RUSSIA</Civilization>
			<Resource>RESOURCE_URANIUM</Resource>
			<Quantity>3</Quantity>
		</Row>
		<Row>
			<Civilization>CIVILIZATION_RUSSIA</Civilization>
			<Resource>RESOURCE_NITER</Resource>
			<Quantity>2</Quantity>
		</Row>
		<Row>
			<Civilization>CIVILIZATION_SIAM</Civilization>
			<Resource>RESOURCE_IVORY</Resource>
		</Row>
		<Row>
			<Civilization>CIVILIZATION_SONGHAI</Civilization>
			<Resource>RESOURCE_HORSES</Resource>
			<Quantity>2</Quantity>
		</Row>
		<Row>
			<Civilization>CIVILIZATION_SONGHAI</Civilization>
			<Resource>RESOURCE_GOLD</Resource>
		</Row>
		<Row>
			<Civilization>CIVILIZATION_BABYLON</Civilization>
			<Resource>RESOURCE_WHEAT</Resource>
		</Row>
		<Row>
			<Civilization>CIVILIZATION_MONGOL</Civilization>
			<Resource>RESOURCE_HORSES</Resource>
			<Quantity>6</Quantity>
		</Row>
		<Row>
			<Civilization>CIVILIZATION_INCA</Civilization>
			<Resource>RESOURCE_SHEEP</Resource>
		</Row>
		<Row>
			<Civilization>CIVILIZATION_INCA</Civilization>
			<Resource>RESOURCE_GOLD</Resource>
		</Row>
		<Row>
			<Civilization>CIVILIZATION_INCA</Civilization>
			<Resource>RESOURCE_SPICES</Resource>
		</Row>
		<Row>
			<Civilization>CIVILIZATION_SPAIN</Civilization>
			<Resource>RESOURCE_HORSES</Resource>
			<Quantity>4</Quantity>
		</Row>
		<Row>
			<Civilization>CIVILIZATION_SPAIN</Civilization>
			<Resource>RESOURCE_NITER</Resource>
		</Row>
		<Row>
			<Civilization>CIVILIZATION_POLYNESIA</Civilization>
			<Resource>RESOURCE_PEARLS</Resource>
		</Row>
		<Row>
			<Civilization>CIVILIZATION_POLYNESIA</Civilization>
			<Resource>RESOURCE_WHALES</Resource>
		</Row>
		<Row>
			<Civilization>CIVILIZATION_POLYNESIA</Civilization>
			<Resource>RESOURCE_FISH</Resource>
		</Row>
		<Row>
			<Civilization>CIVILIZATION_DENMARK</Civilization>
			<Resource>RESOURCE_IRON</Resource>
			<Quantity>6</Quantity>
		</Row>
		<Row>
			<Civilization>CIVILIZATION_DENMARK</Civilization>
			<Resource>RESOURCE_SILVER</Resource>
		</Row>
		<Row>
			<Civilization>CIVILIZATION_DENMARK</Civilization>
			<Resource>RESOURCE_FURS</Resource>
		</Row>
		<Row>
			<Civilization>CIVILIZATION_DENMARK</Civilization>
			<Resource>RESOURCE_DEER</Resource>
		</Row>
		<Row>
			<Civilization>CIVILIZATION_DENMARK</Civilization>
			<Resource>RESOURCE_FISH</Resource>
		</Row>
		<Row>
			<Civilization>CIVILIZATION_KOREA</Civilization>
			<Resource>RESOURCE_SILK</Resource>
		</Row>
		<Row>
			<Civilization>CIVILIZATION_KOREA</Civilization>
			<Resource>RESOURCE_HORSES</Resource>
			<Quantity>4</Quantity>
		</Row>
		<Row>
			<Civilization>CIVILIZATION_KOREA</Civilization>
			<Resource>RESOURCE_FISH</Resource>
		</Row>
		<Row>
			<Civilization>CIVILIZATION_AUSTRIA</Civilization>
			<Resource>RESOURCE_IRON</Resource>
			<Quantity>4</Quantity>
		</Row>
		<Row>
			<Civilization>CIVILIZATION_AUSTRIA</Civilization>
			<Resource>RESOURCE_FURS</Resource>
		</Row>
		<Row>
			<Civilization>CIVILIZATION_AUSTRIA</Civilization>
			<Resource>RESOURCE_SILVER</Resource>
		</Row>
		<Row>
			<Civilization>CIVILIZATION_AUSTRIA</Civilization>
			<Resource>RESOURCE_CATTLE</Resource>
		</Row>
		<Row>
			<Civilization>CIVILIZATION_AUSTRIA</Civilization>
			<Resource>RESOURCE_DEER</Resource>
		</Row>
		<Row>
			<Civilization>CIVILIZATION_BYZANTIUM</Civilization>
			<Resource>RESOURCE_IRON</Resource>
			<Quantity>4</Quantity>
		</Row>
		<Row>
			<Civilization>CIVILIZATION_BYZANTIUM</Civilization>
			<Resource>RESOURCE_FURS</Resource>
		</Row>
		<Row>
			<Civilization>CIVILIZATION_BYZANTIUM</Civilization>
			<Resource>RESOURCE_SILVER</Resource>
		</Row>
		<Row>
			<Civilization>CIVILIZATION_BYZANTIUM</Civilization>
			<Resource>RESOURCE_CATTLE</Resource>
		</Row>
		<Row>
			<Civilization>CIVILIZATION_BYZANTIUM</Civilization>
			<Resource>RESOURCE_DEER</Resource>
		</Row>
		<Row>
			<Civilization>CIVILIZATION_CARTHAGE</Civilization>
			<Resource>RESOURCE_IRON</Resource>
			<Quantity>4</Quantity>
		</Row>
		<Row>
			<Civilization>CIVILIZATION_CARTHAGE</Civilization>
			<Resource>RESOURCE_FURS</Resource>
		</Row>
		<Row>
			<Civilization>CIVILIZATION_CARTHAGE</Civilization>
			<Resource>RESOURCE_SILVER</Resource>
		</Row>
		<Row>
			<Civilization>CIVILIZATION_CARTHAGE</Civilization>
			<Resource>RESOURCE_CATTLE</Resource>
		</Row>
		<Row>
			<Civilization>CIVILIZATION_CARTHAGE</Civilization>
			<Resource>RESOURCE_DEER</Resource>
		</Row>
		<Row>
			<Civilization>CIVILIZATION_CELTS</Civilization>
			<Resource>RESOURCE_IRON</Resource>
			<Quantity>4</Quantity>
		</Row>
		<Row>
			<Civilization>CIVILIZATION_CELTS</Civilization>
			<Resource>RESOURCE_FURS</Resource>
		</Row>
		<Row>
			<Civilization>CIVILIZATION_CELTS</Civilization>
			<Resource>RESOURCE_SILVER</Resource>
		</Row>
		<Row>
			<Civilization>CIVILIZATION_CELTS</Civilization>
			<Resource>RESOURCE_CATTLE</Resource>
		</Row>
		<Row>
			<Civilization>CIVILIZATION_CELTS</Civilization>
			<Resource>RESOURCE_DEER</Resource>
		</Row>
		<Row>
			<Civilization>CIVILIZATION_ETHIOPIA</Civilization>
			<Resource>RESOURCE_IRON</Resource>
			<Quantity>4</Quantity>
		</Row>
		<Row>
			<Civilization>CIVILIZATION_ETHIOPIA</Civilization>
			<Resource>RESOURCE_FURS</Resource>
		</Row>
		<Row>
			<Civilization>CIVILIZATION_ETHIOPIA</Civilization>
			<Resource>RESOURCE_SILVER</Resource>
		</Row>
		<Row>
			<Civilization>CIVILIZATION_ETHIOPIA</Civilization>
			<Resource>RESOURCE_CATTLE</Resource>
		</Row>
		<Row>
			<Civilization>CIVILIZATION_ETHIOPIA</Civilization>
			<Resource>RESOURCE_DEER</Resource>
		</Row>
		<Row>
			<Civilization>CIVILIZATION_HUNS</Civilization>
			<Resource>RESOURCE_IRON</Resource>
			<Quantity>4</Quantity>
		</Row>
		<Row>
			<Civilization>CIVILIZATION_HUNS</Civilization>
			<Resource>RESOURCE_FURS</Resource>
		</Row>
		<Row>
			<Civilization>CIVILIZATION_HUNS</Civilization>
			<Resource>RESOURCE_SILVER</Resource>
		</Row>
		<Row>
			<Civilization>CIVILIZATION_HUNS</Civilization>
			<Resource>RESOURCE_HORSES</Resource>
			<Quantity>4</Quantity>
		</Row>
		<Row>
			<Civilization>CIVILIZATION_HUNS</Civilization>
			<Resource>RESOURCE_HORSES</Resource>
			<Quantity>4</Quantity>
		</Row>
		<Row>
			<Civilization>CIVILIZATION_MAYA</Civilization>
			<Resource>RESOURCE_IRON</Resource>
			<Quantity>4</Quantity>
		</Row>
		<Row>
			<Civilization>CIVILIZATION_MAYA</Civilization>
			<Resource>RESOURCE_FURS</Resource>
		</Row>
		<Row>
			<Civilization>CIVILIZATION_MAYA</Civilization>
			<Resource>RESOURCE_SILVER</Resource>
		</Row>
		<Row>
			<Civilization>CIVILIZATION_MAYA</Civilization>
			<Resource>RESOURCE_CATTLE</Resource>
		</Row>
		<Row>
			<Civilization>CIVILIZATION_MAYA</Civilization>
			<Resource>RESOURCE_DEER</Resource>
		</Row>
		<Row>
			<Civilization>CIVILIZATION_NETHERLANDS</Civilization>
			<Resource>RESOURCE_IRON</Resource>
			<Quantity>4</Quantity>
		</Row>
		<Row>
			<Civilization>CIVILIZATION_NETHERLANDS</Civilization>
			<Resource>RESOURCE_FURS</Resource>
		</Row>
		<Row>
			<Civilization>CIVILIZATION_NETHERLANDS</Civilization>
			<Resource>RESOURCE_SILVER</Resource>
		</Row>
		<Row>
			<Civilization>CIVILIZATION_NETHERLANDS</Civilization>
			<Resource>RESOURCE_CATTLE</Resource>
		</Row>
		<Row>
			<Civilization>CIVILIZATION_NETHERLANDS</Civilization>
			<Resource>RESOURCE_DEER</Resource>
		</Row>
		<Row>
			<Civilization>CIVILIZATION_SWEDEN</Civilization>
			<Resource>RESOURCE_IRON</Resource>
			<Quantity>4</Quantity>
		</Row>
		<Row>
			<Civilization>CIVILIZATION_SWEDEN</Civilization>
			<Resource>RESOURCE_FURS</Resource>
		</Row>
		<Row>
			<Civilization>CIVILIZATION_SWEDEN</Civilization>
			<Resource>RESOURCE_SILVER</Resource>
		</Row>
		<Row>
			<Civilization>CIVILIZATION_SWEDEN</Civilization>
			<Resource>RESOURCE_CATTLE</Resource>
		</Row>
		<Row>
			<Civilization>CIVILIZATION_SWEDEN</Civilization>
			<Resource>RESOURCE_DEER</Resource>
		</Row>
		<Row>
			<Civilization>CIVILIZATION_HELSINKI</Civilization>
			<Resource>RESOURCE_IRON</Resource>
			<Quantity>6</Quantity>
		</Row>
		<Row>
			<Civilization>CIVILIZATION_HELSINKI</Civilization>
			<Resource>RESOURCE_FURS</Resource>
		</Row>
		<Row>
			<Civilization>CIVILIZATION_PORTUGAL</Civilization>
			<Resource>RESOURCE_SILVER</Resource>
		</Row>
		<Row>
			<Civilization>CIVILIZATION_PORTUGAL</Civilization>
			<Resource>RESOURCE_FISH</Resource>
		</Row>
		<Row>
			<Civilization>CIVILIZATION_SHOSHONE</Civilization>
			<Resource>RESOURCE_HORSES</Resource>
			<Quantity>2</Quantity>
		</Row>
		<Row>
			<Civilization>CIVILIZATION_SHOSHONE</Civilization>
			<Resource>RESOURCE_GOLD</Resource>
		</Row>
		<Row>
			<Civilization>CIVILIZATION_ZULU</Civilization>
			<Resource>RESOURCE_SILVER</Resource>
		</Row>
		<Row>
			<Civilization>CIVILIZATION_ZULU</Civilization>
			<Resource>RESOURCE_IRON</Resource>
			<Quantity>2</Quantity>
		</Row>
		<Row>
			<Civilization>CIVILIZATION_ZULU</Civilization>
			<Resource>RESOURCE_IVORY</Resource>
		</Row>
		<Row>
			<Civilization>CIVILIZATION_POLAND</Civilization>
			<Resource>RESOURCE_IRON</Resource>
			<Quantity>2</Quantity>
		</Row>
		<Row>
			<Civilization>CIVILIZATION_POLAND</Civilization>
			<Resource>RESOURCE_HORSES</Resource>
			<Quantity>2</Quantity>
		</Row>
		<Row>
			<Civilization>CIVILIZATION_POLAND</Civilization>
			<Resource>RESOURCE_FURS</Resource>
		</Row>
		<Row>
			<Civilization>CIVILIZATION_ASSYRIA</Civilization>
			<Resource>RESOURCE_WHEAT</Resource>
		</Row>
		<Row>
			<Civilization>CIVILIZATION_ASSYRIA</Civilization>
			<Resource>RESOURCE_SILVER</Resource>
		</Row>
		<Row>
			<Civilization>CIVILIZATION_VENICE</Civilization>
			<Resource>RESOURCE_SHEEP</Resource>
		</Row>
		<Row>
			<Civilization>CIVILIZATION_VENICE</Civilization>
			<Resource>RESOURCE_GOLD</Resource>
		</Row>
		<Row>
			<Civilization>CIVILIZATION_VENICE</Civilization>
			<Resource>RESOURCE_FISH</Resource>
		</Row>
		<Row>
			<Civilization>CIVILIZATION_BRAZIL</Civilization>
			<Resource>RESOURCE_SILVER</Resource>
		</Row>
		<Row>
			<Civilization>CIVILIZATION_BRAZIL</Civilization>
			<Resource>RESOURCE_IRON</Resource>
		</Row>
		<Row>
			<Civilization>CIVILIZATION_INDONESIA</Civilization>
			<Resource>RESOURCE_SPICES</Resource>
		</Row>
		<Row>
			<Civilization>CIVILIZATION_INDONESIA</Civilization>
			<Resource>RESOURCE_PEARLS</Resource>
		</Row>
		<Row>
			<Civilization>CIVILIZATION_INDONESIA</Civilization>
			<Resource>RESOURCE_FISH</Resource>
		</Row>
		<Row>
			<Civilization>CIVILIZATION_MOROCCO</Civilization>
			<Resource>RESOURCE_IRON</Resource>
			<Quantity>4</Quantity>
		</Row>
		<Row>
			<Civilization>CIVILIZATION_MOROCCO</Civilization>
			<Resource>RESOURCE_SILVER</Resource>
		</Row>
		<Row>
			<Civilization>CIVILIZATION_MOROCCO</Civilization>
			<Resource>RESOURCE_FISH</Resource>
		</Row>
	</CivilizationRequestedResource>
	
	
	<!-- Major Real World Deposits -->	
	<ResourceRegionDeposit>
		<Row>
			<Region>MIDDLE_EAST_OIL</Region>
			<Resource>RESOURCE_OIL</Resource>
			<Deposit>5</Deposit>
			<MinYield>8</MinYield>
			<MaxYield>16</MaxYield>
		</Row>
		<Row>
			<Region>CASPIEN_OIL</Region>
			<Resource>RESOURCE_OIL</Resource>
			<Deposit>3</Deposit>
			<MinYield>5</MinYield>
			<MaxYield>10</MaxYield>
		</Row>
		<Row>
			<Region>OURAL_OIL</Region>
			<Resource>RESOURCE_OIL</Resource>
			<Deposit>2</Deposit>
			<MinYield>5</MinYield>
			<MaxYield>12</MaxYield>
		</Row>
		<Row>
			<Region>SIBERIAN_OIL</Region>
			<Resource>RESOURCE_OIL</Resource>
			<Deposit>4</Deposit>
			<MinYield>5</MinYield>
			<MaxYield>12</MaxYield>
		</Row>
		<Row>
			<Region>SONGLIAO_OIL</Region>
			<Resource>RESOURCE_OIL</Resource>
			<Deposit>2</Deposit>
			<MinYield>5</MinYield>
			<MaxYield>12</MaxYield>
		</Row>
		<Row>
			<Region>NIGER_OIL</Region>
			<Resource>RESOURCE_OIL</Resource>
			<Deposit>2</Deposit>
			<MinYield>5</MinYield>
			<MaxYield>10</MaxYield>
		</Row>
		<Row>
			<Region>ANGOLA_OIL</Region>
			<Resource>RESOURCE_OIL</Resource>
			<Deposit>3</Deposit>
			<MinYield>5</MinYield>
			<MaxYield>10</MaxYield>
		</Row>
		<Row>
			<Region>ORIENTAL_ERG_OIL</Region>
			<Resource>RESOURCE_OIL</Resource>
			<Deposit>2</Deposit>
			<MinYield>5</MinYield>
			<MaxYield>16</MaxYield>
		</Row>
		<Row>
			<Region>NORTH_AFRICA_OIL</Region>
			<Resource>RESOURCE_OIL</Resource>
			<Deposit>4</Deposit>
			<MinYield>3</MinYield>
			<MaxYield>6</MaxYield>
		</Row>
		<Row>
			<Region>NORTH_SEA_OIL</Region>
			<Resource>RESOURCE_OIL</Resource>
			<Deposit>4</Deposit>
			<MinYield>3</MinYield>
			<MaxYield>6</MaxYield>
		</Row>
		<Row>
			<Region>ROMANIA_OIL</Region>
			<Resource>RESOURCE_OIL</Resource>
			<Deposit>2</Deposit>
			<MinYield>3</MinYield>
			<MaxYield>6</MaxYield>
		</Row>
		<Row>
			<Region>PERUVIAN_OIL</Region>
			<Resource>RESOURCE_OIL</Resource>
			<Deposit>2</Deposit>
			<MinYield>3</MinYield>
			<MaxYield>6</MaxYield>
		</Row>
		<Row>
			<Region>VENEZUELA_OIL</Region>
			<Resource>RESOURCE_OIL</Resource>
			<Deposit>2</Deposit>
			<MinYield>3</MinYield>
			<MaxYield>12</MaxYield>
		</Row>
		<Row>
			<Region>BRAZIL_OIL</Region>
			<Resource>RESOURCE_OIL</Resource>
			<Deposit>3</Deposit>
			<MinYield>3</MinYield>
			<MaxYield>6</MaxYield>
		</Row>
		<Row>
			<Region>GULF_OF_MEXICO_OIL</Region>
			<Resource>RESOURCE_OIL</Resource>
			<Deposit>4</Deposit>
			<MinYield>6</MinYield>
			<MaxYield>14</MaxYield>
		</Row>
		<Row>
			<Region>MIDCONTINENT_US_OIL</Region>
			<Resource>RESOURCE_OIL</Resource>
			<Deposit>4</Deposit>
			<MinYield>3</MinYield>
			<MaxYield>8</MaxYield>
		</Row>
		<Row>
			<Region>WCSB_OIL</Region>
			<Resource>RESOURCE_OIL</Resource>
			<Deposit>4</Deposit>
			<MinYield>3</MinYield>
			<MaxYield>8</MaxYield>
		</Row>
		<Row>
			<Region>CALIFORNIA_OIL</Region>
			<Resource>RESOURCE_OIL</Resource>
			<Deposit>2</Deposit>
			<MinYield>3</MinYield>
			<MaxYield>8</MaxYield>
		</Row>
		<Row>
			<Region>ALASKA_OIL</Region>
			<Resource>RESOURCE_OIL</Resource>
			<Deposit>3</Deposit>
			<MinYield>3</MinYield>
			<MaxYield>12</MaxYield>
		</Row>
		<Row>
			<Region>ARCTIC_OIL</Region>
			<Resource>RESOURCE_OIL</Resource>
			<Deposit>3</Deposit>
			<MinYield>3</MinYield>
			<MaxYield>12</MaxYield>
		</Row>
		<Row>
			<Region>US_COAL</Region>
			<Resource>RESOURCE_COAL</Resource>
			<Deposit>8</Deposit>
			<MinYield>3</MinYield>
			<MaxYield>15</MaxYield>
		</Row>
		<Row>
			<Region>CHINA_COAL</Region>
			<Resource>RESOURCE_COAL</Resource>
			<Deposit>4</Deposit>
			<MinYield>10</MinYield>
			<MaxYield>18</MaxYield>
		</Row>
		<Row>
			<Region>SIBERIA_COAL</Region>
			<Resource>RESOURCE_COAL</Resource>
			<Deposit>8</Deposit>
			<MinYield>5</MinYield>
			<MaxYield>10</MaxYield>
		</Row>
		<Row>
			<Region>RUSSIA_COAL</Region>
			<Resource>RESOURCE_COAL</Resource>
			<Deposit>3</Deposit>
			<MinYield>6</MinYield>
			<MaxYield>12</MaxYield>
		</Row>
		<Row>
			<Region>INDIA_COAL</Region>
			<Resource>RESOURCE_COAL</Resource>
			<Deposit>2</Deposit>
			<MinYield>8</MinYield>
			<MaxYield>16</MaxYield>
		</Row>
		<Row>
			<Region>AUSTRALIA_COAL</Region>
			<Resource>RESOURCE_COAL</Resource>
			<Deposit>3</Deposit>
			<MinYield>6</MinYield>
			<MaxYield>12</MaxYield>
		</Row>
		<Row>
			<Region>SOUTH_AFRICA_COAL</Region>
			<Resource>RESOURCE_COAL</Resource>
			<Deposit>3</Deposit>
			<MinYield>6</MinYield>
			<MaxYield>10</MaxYield>
		</Row>
		<Row>
			<Region>UKRAINE_COAL</Region>
			<Resource>RESOURCE_COAL</Resource>
			<Deposit>2</Deposit>
			<MinYield>6</MinYield>
			<MaxYield>12</MaxYield>
		</Row>
		<Row>
			<Region>KAZAKSTAN_COAL</Region>
			<Resource>RESOURCE_COAL</Resource>
			<Deposit>3</Deposit>
			<MinYield>6</MinYield>
			<MaxYield>9</MaxYield>
		</Row>
		<Row>
			<Region>POLAND_COAL</Region>
			<Resource>RESOURCE_COAL</Resource>
			<Deposit>2</Deposit>
			<MinYield>6</MinYield>
			<MaxYield>9</MaxYield>
		</Row>
		<Row>
			<Region>GERMAN_COAL</Region>
			<Resource>RESOURCE_COAL</Resource>
			<Deposit>3</Deposit>
			<MinYield>6</MinYield>
			<MaxYield>12</MaxYield>
		</Row>
		<Row>
			<Region>INDONESIA_COAL</Region>
			<Resource>RESOURCE_COAL</Resource>
			<Deposit>3</Deposit>
			<MinYield>6</MinYield>
			<MaxYield>9</MaxYield>
		</Row>
		<Row>
			<Region>ENGLAND_COAL</Region>
			<Resource>RESOURCE_COAL</Resource>
			<Deposit>2</Deposit>
			<MinYield>6</MinYield>
			<MaxYield>12</MaxYield>
		</Row>
	</ResourceRegionDeposit>

	<!-- Region Exclusions -->	
	<!-- ARCTIC_AMERICA -->
	<ResourceRegionExclude>
		<Row>
			<Region>ARCTIC_AMERICA</Region>
			<Resource>RESOURCE_HORSES</Resource>
		</Row>
		<Row>
			<Region>ARCTIC_AMERICA</Region>
			<Resource>RESOURCE_MARBLE</Resource>
		</Row>
		<Row>
			<Region>ARCTIC_AMERICA</Region>
			<Resource>RESOURCE_SPICES</Resource>
		</Row>
		<Row>
			<Region>ARCTIC_AMERICA</Region>
			<Resource>RESOURCE_SILK</Resource>
		</Row>
		<Row>
			<Region>ARCTIC_AMERICA</Region>
			<Resource>RESOURCE_COTTON</Resource>
		</Row>
		<Row>
			<Region>ARCTIC_AMERICA</Region>
			<Resource>RESOURCE_WINE</Resource>
		</Row>
		<Row>
			<Region>ARCTIC_AMERICA</Region>
			<Resource>RESOURCE_INCENSE</Resource>
		</Row>
		<Row>
			<Region>ARCTIC_AMERICA</Region>
			<Resource>RESOURCE_PEARLS</Resource>
		</Row>
		<Row>
			<Region>ARCTIC_AMERICA</Region>
			<Resource>RESOURCE_CITRUS</Resource>
		</Row>
		<Row>
			<Region>ARCTIC_AMERICA</Region>
			<Resource>RESOURCE_TRUFFLES</Resource>
		</Row>
	</ResourceRegionExclude>
	<ResourceRegionExclusive>
		<Row>
			<Region>ARCTIC_AMERICA</Region>
			<Resource>RESOURCE_JADE</Resource>
		</Row>
	</ResourceRegionExclusive>
	<!-- NORTH_AMERICA -->
	<ResourceRegionExclude>
		<Row>
			<Region>NORTH_AMERICA</Region>
			<Resource>RESOURCE_RICE</Resource>
		</Row>
		<Row>
			<Region>NORTH_AMERICA</Region>
			<Resource>RESOURCE_CITRUS</Resource>
		</Row>
	</ResourceRegionExclude>
	<ResourceRegionExclusive>
		<Row>
			<Region>NORTH_AMERICA</Region>
			<Resource>RESOURCE_TOBACCO</Resource>
		</Row>
	</ResourceRegionExclusive>
	<!-- CENTRAL_AMERICA -->
	<ResourceRegionExclude>
	</ResourceRegionExclude>
	<ResourceRegionExclusive>
		<Row>
			<Region>CENTRAL_AMERICA</Region>
			<Resource>RESOURCE_COCOA</Resource>
		</Row>
		<Row>
			<Region>CENTRAL_AMERICA</Region>
			<Resource>RESOURCE_TOBACCO</Resource>
		</Row>
		<Row>
			<Region>CENTRAL_AMERICA</Region>
			<Resource>RESOURCE_JADE</Resource>
		</Row>
	</ResourceRegionExclusive>
	<!-- SOUTH_AMERICA_WEST (Perou - Argentina)-->
	<ResourceRegionExclude>
	</ResourceRegionExclude>
	<ResourceRegionExclusive>
		<Row>
			<Region>SOUTH_AMERICA_WEST</Region>
			<Resource>RESOURCE_COCOA</Resource>
		</Row>
		<Row>
			<Region>SOUTH_AMERICA_WEST</Region>
			<Resource>RESOURCE_TOBACCO</Resource>
		</Row>
	</ResourceRegionExclusive>
	<!-- SOUTH_AMERICA_EAST (brazil)-->
	<ResourceRegionExclude>
	</ResourceRegionExclude>
	<ResourceRegionExclusive>
		<Row>
			<Region>SOUTH_AMERICA_EAST</Region>
			<Resource>RESOURCE_COCOA</Resource>
		</Row>
		<Row>
			<Region>SOUTH_AMERICA_EAST</Region>
			<Resource>RESOURCE_TOBACCO</Resource>
		</Row>
	</ResourceRegionExclusive>
	<!-- ANTARCTIC_AMERICA -->
	<ResourceRegionExclude>
		<Row>
			<Region>ANTARCTIC_AMERICA</Region>
			<Resource>RESOURCE_HORSES</Resource>
		</Row>
		<Row>
			<Region>ANTARCTIC_AMERICA</Region>
			<Resource>RESOURCE_IVORY</Resource>
		</Row>
		<Row>
			<Region>ANTARCTIC_AMERICA</Region>
			<Resource>RESOURCE_PEARLS</Resource>
		</Row>
		<Row>
			<Region>ANTARCTIC_AMERICA</Region>
			<Resource>RESOURCE_MARBLE</Resource>
		</Row>
		<Row>
			<Region>ANTARCTIC_AMERICA</Region>
			<Resource>RESOURCE_SPICES</Resource>
		</Row>
		<Row>
			<Region>ANTARCTIC_AMERICA</Region>
			<Resource>RESOURCE_SILK</Resource>
		</Row>
		<Row>
			<Region>ANTARCTIC_AMERICA</Region>
			<Resource>RESOURCE_COTTON</Resource>
		</Row>
		<Row>
			<Region>ANTARCTIC_AMERICA</Region>
			<Resource>RESOURCE_WINE</Resource>
		</Row>
		<Row>
			<Region>ANTARCTIC_AMERICA</Region>
			<Resource>RESOURCE_INCENSE</Resource>
		</Row>
		<Row>
			<Region>ANTARCTIC_AMERICA</Region>
			<Resource>RESOURCE_CITRUS</Resource>
		</Row>
		<Row>
			<Region>ANTARCTIC_AMERICA</Region>
			<Resource>RESOURCE_TRUFFLES</Resource>
		</Row>
	</ResourceRegionExclude>
	<ResourceRegionExclusive>
	</ResourceRegionExclusive>
	<!-- AUSTRALIA -->
	<ResourceRegionExclude>
	</ResourceRegionExclude>
	<ResourceRegionExclusive>
	</ResourceRegionExclusive>
	<!-- OCEANIA -->
	<ResourceRegionExclude>
	</ResourceRegionExclude>
	<ResourceRegionExclusive>
		<Row>
			<Region>OCEANIA</Region>
			<Resource>RESOURCE_JADE</Resource>
		</Row>
	</ResourceRegionExclusive>
	<!-- SOUTH_ASIA -->
	<ResourceRegionExclude>
	</ResourceRegionExclude>
	<ResourceRegionExclusive>
		<Row>
			<Region>SOUTH_ASIA</Region>
			<Resource>RESOURCE_TEA</Resource>
		</Row>
		<Row>
			<Region>SOUTH_ASIA</Region>
			<Resource>RESOURCE_IVORY</Resource>
		</Row>
		<Row>
			<Region>SOUTH_ASIA</Region>
			<Resource>RESOURCE_JADE</Resource>
		</Row>
	</ResourceRegionExclusive>
	<!-- CENTRAL_ASIA -->
	<ResourceRegionExclude>
	</ResourceRegionExclude>
	<ResourceRegionExclusive>
		<Row>
			<Region>CENTRAL_ASIA</Region>
			<Resource>RESOURCE_TEA</Resource>
		</Row>
		<Row>
			<Region>CENTRAL_ASIA</Region>
			<Resource>RESOURCE_JADE</Resource>
		</Row>
	</ResourceRegionExclusive>

	<!-- EAST_ASIA -->
	<ResourceRegionExclude>
	</ResourceRegionExclude>
	<ResourceRegionExclusive>
		<Row>
			<Region>EAST_ASIA</Region>
			<Resource>RESOURCE_TEA</Resource>
		</Row>
		<Row>
			<Region>EAST_ASIA</Region>
			<Resource>RESOURCE_JADE</Resource>
		</Row>
	</ResourceRegionExclusive>
	<!-- NORTH_ASIA -->
	<ResourceRegionExclude>
		<Row>
			<Region>NORTH_ASIA</Region>
			<Resource>RESOURCE_CITRUS</Resource>
		</Row>
	</ResourceRegionExclude>
	<ResourceRegionExclusive>
		<Row>
			<Region>NORTH_ASIA</Region>
			<Resource>RESOURCE_JADE</Resource>
		</Row>
	</ResourceRegionExclusive>
	<!-- MIDDLE_EAST -->
	<ResourceRegionExclude>
	</ResourceRegionExclude>
	<ResourceRegionExclusive>
		<Row>
			<Region>MIDDLE_EAST</Region>
			<Resource>RESOURCE_COFFEE</Resource>
		</Row>
	</ResourceRegionExclusive>
	<!-- MEDITERRANEAN -->
	<ResourceRegionExclude>
	</ResourceRegionExclude>
	<ResourceRegionExclusive>
	</ResourceRegionExclusive>
	<!-- TURKEY -->
	<ResourceRegionExclude>
	</ResourceRegionExclude>
	<ResourceRegionExclusive>
	</ResourceRegionExclusive>
	<!-- SOUTH_EUROPA -->
	<ResourceRegionExclude>
	</ResourceRegionExclude>
	<ResourceRegionExclusive>
	</ResourceRegionExclusive>
	<!-- WEST_EUROPA -->
	<ResourceRegionExclude>
		<Row>
			<Region>WEST_EUROPA</Region>
			<Resource>RESOURCE_RICE</Resource>
		</Row>
	</ResourceRegionExclude>
	<ResourceRegionExclusive>
	</ResourceRegionExclusive>
	<!-- NORTH_EUROPA -->
	<ResourceRegionExclude>
		<Row>
			<Region>NORTH_EUROPA</Region>
			<Resource>RESOURCE_RICE</Resource>
		</Row>
		<Row>
			<Region>NORTH_EUROPA</Region>
			<Resource>RESOURCE_CITRUS</Resource>
		</Row>
	</ResourceRegionExclude>
	<ResourceRegionExclusive>
	</ResourceRegionExclusive>
	<!-- EAST_EUROPA -->
	<ResourceRegionExclude>
		<Row>
			<Region>EAST_EUROPA</Region>
			<Resource>RESOURCE_RICE</Resource>
		</Row>
	</ResourceRegionExclude>
	<ResourceRegionExclusive>
	</ResourceRegionExclusive>
	<!-- NORTH_AFRICA -->
	<ResourceRegionExclude>
	</ResourceRegionExclude>
	<ResourceRegionExclusive>
		<Row>
			<Region>NORTH_AFRICA</Region>
			<Resource>RESOURCE_IVORY</Resource>
		</Row>
	</ResourceRegionExclusive>
	<!-- CENTRAL_AFRICA -->
	<ResourceRegionExclude>
	</ResourceRegionExclude>
	<ResourceRegionExclusive>
		<Row>
			<Region>CENTRAL_AFRICA</Region>
			<Resource>RESOURCE_IVORY</Resource>
		</Row>
		<Row>
			<Region>CENTRAL_AFRICA</Region>
			<Resource>RESOURCE_COFFEE</Resource>
		</Row>
	</ResourceRegionExclusive>
	<!-- SOUTH_AFRICA -->
	<ResourceRegionExclude>
	</ResourceRegionExclude>
	<ResourceRegionExclusive>
	</ResourceRegionExclusive>
	<!-- MADAGASCAR -->
	<ResourceRegionExclude>
	</ResourceRegionExclude>
	<ResourceRegionExclusive>
	</ResourceRegionExclusive>
	
</GameData>