﻿<?xml version="1.0" encoding="utf-8"?>
<!-- edited with XMLSPY v2004 rel. 2 U (http://www.xmlspy.com) by Ed Beach (Firaxis Games) -->
<GameData>
	<LocalizedText>
		<!-- Replace Expansion 1 Gossip Text -->
		<Replace Tag="LOC_GOSSIP_SPY_FOMENT_UNREST_DETECTED" Language="pt_BR">
			<Text>[ICON_Exclamation] {1_CivName} perdeu lealdade em {2_CityName} devido a um espião {3_SpyPlayer}.</Text>
		</Replace>
		<Replace Tag="LOC_GOSSIP_SPY_FOMENT_UNREST_UNDETECTED" Language="pt_BR">
			<Text>[ICON_Exclamation] {1_CivName} perdeu lealdade em {2_CityName} devido a um espião desconhecido .</Text>
		</Replace>
		<Replace Tag="LOC_GOSSIP_SPY_NEUTRALIZE_GOVERNOR_DETECTED" Language="pt_BR">
			<Text>[ICON_Exclamation] O governo de {1_CivName} em {2_CityName} foi neutralizado por um espião {3_SpyPlayer}!</Text>
		</Replace>
		<Replace Tag="LOC_GOSSIP_SPY_NEUTRALIZE_GOVERNOR_UNDETECTED" Language="pt_BR">
			<Text>[ICON_Exclamation] {1_CivName} perdeu lealdade em {2_CityName} devido a um espião desconhecido .</Text>
		</Replace>
	</LocalizedText>
</GameData>
