﻿<?xml version="1.0" encoding="utf-8"?>
<!-- edited with XMLSPY v2004 rel. 2 U (http://www.xmlspy.com) by Ed Beach (Firaxis Games) -->
<GameData>
	<LocalizedText>
		<!-- Replace Expansion 1 Gossip Text -->
		<Replace Tag="LOC_GOSSIP_SPY_FOMENT_UNREST_DETECTED" Language="ja_JP">
			<Text>[ICON_Exclamation] {3_SpyPlayer}のスパイが{2_CityName}で{1_CivName}に対する忠誠心を低下させた。</Text>
		</Replace>
		<Replace Tag="LOC_GOSSIP_SPY_FOMENT_UNREST_UNDETECTED" Language="ja_JP">
			<Text>[ICON_Exclamation] 身元不明のスパイが{2_CityName}で{1_CivName}に対する忠誠心を低下させた。</Text>
		</Replace>
		<Replace Tag="LOC_GOSSIP_SPY_NEUTRALIZE_GOVERNOR_DETECTED" Language="ja_JP">
			<Text>[ICON_Exclamation] {3_SpyPlayer}のスパイが{2_CityName}に配置されていた{1_CivName}の総督を無力化した。</Text>
		</Replace>
		<Replace Tag="LOC_GOSSIP_SPY_NEUTRALIZE_GOVERNOR_UNDETECTED" Language="ja_JP">
			<Text>[ICON_Exclamation] 身元不明のスパイが{2_CityName}に配置されていた{1_CivName}の総督を無力化した。</Text>
		</Replace>
	</LocalizedText>
</GameData>
