<?xml version="1.0" encoding="utf-8"?>
<Context>
    <Container ID="MoveIconContainer"/>

    <SlideAnim ID="Timer" Start="0,0" End="0,0" Speed="1" Function="Root" Cycle="Once" Hidden="1"/>

    <Instance Name="IconInstance">
        <WorldAnchor ID="Anchor" Scaling="1" UnitsPerPixel="0.06" Billboard="1">
            <Button ID="IconButton" Anchor="C,C" Size="256,256" Offset="0,-90">
                <Image Anchor="C,B" Size="184,236" Texture="BuilderRecommendation">
                    <Image ID="Icon" Anchor="C,C" Size="256,256"/>
                </Image>
                <Image ID="WarnIcon" Texture="Alert32" Size="96,96" Anchor="R,T"/>
            </Button>
        </WorldAnchor>
    </Instance>

    <CheckBox ID="ToggleMDButton" IsChecked="1" Offset="10,4" TextOffset="-5,0" String="LOC_MD_TOGGLE_BUTTON" ToolTip="LOC_MD_TOGGLE_BUTTON_TOOLTIP" Style="WhiteSemiBold14" ButtonTexture="Controls_Checkbox.dds" ButtonSize="17,17" CheckTexture="Controls_Checkbox.dds" CheckSize="17,17" CheckTextureOffset="0,17" Anchor="R,T"/>

    <Include File="PopupDialog"/>
    <MakeInstance Name="PopupDialog"/>
</Context>
