<?xml version="1.0" encoding="utf-8"?>
<!--
--------------------------------------------------------------
-- Better Civilopedia
-- Author: Infixo
-- 2018-03-11: Created, Dedications
-- 2018-03-25: Added Alliances and Moments overview
--------------------------------------------------------------
-->
<GameInfo>
	<!-- Dedications and Alliances will be addedd as another PageGroup in GOVERNMENTS section -->
	<CivilopediaPageGroups>
		<Row SectionID="GOVERNMENTS" PageGroupId="DEDICATIONS" Name="LOC_PEDIA_CONCEPTS_PAGE_DEDICATIONS_CHAPTER_CONTENT_TITLE" Tooltip="" VisibleIfEmpty="false" SortIndex="70"/>
		<Row SectionID="GOVERNMENTS" PageGroupId="ALLIANCES"   Name="LOC_PEDIA_CONCEPTS_PAGE_ALLIANCES_1_CHAPTER_CONTENT_TITLE" Tooltip="" VisibleIfEmpty="false" SortIndex="80"/>
	</CivilopediaPageGroups>
	<!-- A query to select dedications into a PageGroup -->
	<CivilopediaPageQueries>
		<Row SectionId="GOVERNMENTS" PageGroupIdColumn="PageGroupId" TooltipColumn="Tooltip" SortIndex="10">
			<SQL>SELECT CommemorationType as PageId, "DEDICATIONS" as PageGroupId, "Commemoration" as PageLayoutId, CategoryDescription as Name, NULL as Tooltip FROM CommemorationTypes</SQL>
		</Row>
		<Row SectionId="GOVERNMENTS" PageGroupIdColumn="PageGroupId" TooltipColumn="Tooltip" SortIndex="10">
			<SQL>SELECT AllianceType as PageId, "ALLIANCES" as PageGroupId, "Alliance" as PageLayoutId, Name, NULL as Tooltip FROM Alliances</SQL>
		</Row>
	</CivilopediaPageQueries>
	<!-- new layouts -->
	<CivilopediaPageLayouts>
		<Row PageLayoutId="Commemoration"   ScriptTemplate="Commemoration"/>
		<Row PageLayoutId="Alliance"        ScriptTemplate="Alliance"/>
		<Row PageLayoutId="OverviewMoments" ScriptTemplate="OverviewMoments"/>
	</CivilopediaPageLayouts>
	<!-- a unique page with moments overview -->
	<CivilopediaPages>
		<Row SectionId="MOMENTS" PageId="OVERVIEW" PageLayoutId="OverviewMoments" SortIndex="15" Name="{LOC_PEDIA_MOMENTS_TITLE}: {LOC_CITY_STATES_OVERVIEW}"/>
	</CivilopediaPages>
	<!-- no special chapters -->
	<CivilopediaPageLayoutChapters>
	</CivilopediaPageLayoutChapters>
</GameInfo>
