<?xml version="1.0" encoding="utf-8"?>
<GameData>

  <!-- ++++++++++++++++++++++++++++++++++ -->
  <!-- LargeEurope map position           -->
  <!-- ++++++++++++++++++++++++++++++++++ -->

  <!-- Majors -->
  <StartPosition>
    <Replace MapName="LargeEurope" Civilization="CIVILIZATION_ARABIA"	X="68" Y="2" />
    <Replace MapName="LargeEurope" Civilization="CIVILIZATION_ARABIA"	X="57" Y="12" Leader="LEADER_SALADIN" DisabledByCivilization="CIVILIZATION_EGYPT" />
     <Replace MapName="LargeEurope" Civilization="CIVILIZATION_ARABIA"	X="68" Y="2" Leader="LEADER_SALADIN" AlternateStart="1" />
    <Replace MapName="LargeEurope" Civilization="CIVILIZATION_EGYPT"	X="55" Y="14" />
    <Replace MapName="LargeEurope" Civilization="CIVILIZATION_ENGLAND"	X="25" Y="48" />
    <Replace MapName="LargeEurope" Civilization="CIVILIZATION_FRANCE"	X="27" Y="42" />
    <Replace MapName="LargeEurope" Civilization="CIVILIZATION_GEORGIA"	X="69" Y="33" />
    <Replace MapName="LargeEurope" Civilization="CIVILIZATION_GERMANY"	X="37" Y="49" />
    <Replace MapName="LargeEurope" Civilization="CIVILIZATION_GREECE"	X="48" Y="25" />
    <Replace MapName="LargeEurope" Civilization="CIVILIZATION_GREECE"	X="47" Y="23" Leader="LEADER_GORGO" DisabledByLeader="LEADER_PERICLES" />
    <Replace MapName="LargeEurope" Civilization="CIVILIZATION_GREECE"	X="53" Y="26" Leader="LEADER_GORGO" AlternateStart="1" />
    <Replace MapName="LargeEurope" Civilization="CIVILIZATION_MACEDON"	X="46" Y="31" />
    <Replace MapName="LargeEurope" Civilization="CIVILIZATION_MONGOLIA"	X="69" Y="43" />
    <Replace MapName="LargeEurope" Civilization="CIVILIZATION_NETHERLANDS"	X="29" Y="49" />
    <Replace MapName="LargeEurope" Civilization="CIVILIZATION_NORWAY"	X="34" Y="69" />
    <Replace MapName="LargeEurope" Civilization="CIVILIZATION_NUBIA"	X="60" Y="2" />
    <Replace MapName="LargeEurope" Civilization="CIVILIZATION_PERSIA"	X="77" Y="17" />
    <Replace MapName="LargeEurope" Civilization="CIVILIZATION_POLAND"	X="44" Y="47" />
    <Replace MapName="LargeEurope" Civilization="CIVILIZATION_ROME"		X="36" Y="32" />
    <Replace MapName="LargeEurope" Civilization="CIVILIZATION_RUSSIA"	X="62" Y="57" />
    <Replace MapName="LargeEurope" Civilization="CIVILIZATION_RUSSIA"	X="53" Y="62" Leader="LEADER_PETER_GREAT" />
    <Replace MapName="LargeEurope" Civilization="CIVILIZATION_SCOTLAND"	X="22" Y="55" />
    <Replace MapName="LargeEurope" Civilization="CIVILIZATION_SCYTHIA"	X="58" Y="40" />
    <Replace MapName="LargeEurope" Civilization="CIVILIZATION_SPAIN"	X="19" Y="30" />
    <Replace MapName="LargeEurope" Civilization="CIVILIZATION_SUMERIA"	X="73" Y="15" />
		<!-- Gathering Storm -->
	<Replace MapName="LargeEurope" Civilization="CIVILIZATION_SWEDEN"	X="41"	Y="61" />
	<Replace MapName="LargeEurope" Civilization="CIVILIZATION_MALI"		X="11" 	Y="2" />
	<Replace MapName="LargeEurope" Civilization="CIVILIZATION_HUNGARY"	X="43"	Y="40" />
	<Replace MapName="LargeEurope" Civilization="CIVILIZATION_FRANCE"	X="24"	Y="39" Leader="LEADER_ELEANOR_FRANCE" />
	<!--Replace MapName="LargeEurope" Civilization="CIVILIZATION_ENGLAND"	X="24"	Y="39" Leader="LEADER_ELEANOR_ENGLAND" /-->
	<Replace MapName="LargeEurope" Civilization="CIVILIZATION_PHOENICIA"	X="61"	Y="19" />
	<Replace MapName="LargeEurope" Civilization="CIVILIZATION_OTTOMAN"	X="53"	Y="31" DisabledByCivilization="CIVILIZATION_BYZANTIUM" />		
	<Replace MapName="LargeEurope" Civilization="CIVILIZATION_OTTOMAN"	X="57"	Y="29" AlternateStart="1" />
	<Replace MapName="LargeEurope" Civilization="CIVILIZATION_AKKAD"		X="70"	Y="21" />
	<Replace MapName="LargeEurope" Civilization="CIVILIZATION_BOLOGNA"		X="35"	Y="36" />
	<Replace MapName="LargeEurope" Civilization="CIVILIZATION_CARDIFF"		X="21"	Y="48" />
	<Replace MapName="LargeEurope" Civilization="CIVILIZATION_FEZ"			X="18"	Y="18" />
	<Replace MapName="LargeEurope" Civilization="CIVILIZATION_BYZANTIUM"	X="53"	Y="31" />
	<Replace MapName="LargeEurope" Civilization="CIVILIZATION_GAUL"			X="29"	Y="45" Leader="LEADER_AMBIORIX" DisabledByCivilization="CIVILIZATION_FRANCE"  />
	<Replace MapName="LargeEurope" Civilization="CIVILIZATION_GAUL"			X="27"	Y="37"  Leader="LEADER_AMBIORIX" AlternateStart="1"/>
	<Replace MapName="LargeEurope" Civilization="CIVILIZATION_GAUL"			X="27"	Y="37" />
	<Replace MapName="LargeEurope" Civilization="CIVILIZATION_BABYLON_STK"	X="71"	Y="18" />
	<Replace MapName="LargeEurope" Civilization="CIVILIZATION_PORTUGAL"		X="13" Y="27" />
  </StartPosition>

  <!-- Minors -->
  <StartPosition>
    <Replace MapName="LargeEurope" Civilization="CIVILIZATION_AMSTERDAM"	X="29" Y="49" />
    <Replace MapName="LargeEurope" Civilization="CIVILIZATION_ANTIOCH"		X="36" Y="37" /> <!-- Changed to Venice -->
    <Replace MapName="LargeEurope" Civilization="CIVILIZATION_ARMAGH"		X="18" Y="53"/>
    <Replace MapName="LargeEurope" Civilization="CIVILIZATION_BABYLON"		X="77" Y="17" DisabledByCivilization="CIVILIZATION_PERSIA"  /> <!-- Changed to Anshan -->
    <Replace MapName="LargeEurope" Civilization="CIVILIZATION_BRUSSELS"		X="29" Y="46" />
    <Replace MapName="LargeEurope" Civilization="CIVILIZATION_CARTHAGE"		X="34" Y="22" />
    <Replace MapName="LargeEurope" Civilization="CIVILIZATION_GENEVA"		X="29" Y="39" />
    <Replace MapName="LargeEurope" Civilization="CIVILIZATION_GRANADA"		X="19" Y="24" />
    <Replace MapName="LargeEurope" Civilization="CIVILIZATION_HATTUSA"		X="60" Y="29" />
    <Replace MapName="LargeEurope" Civilization="CIVILIZATION_JERUSALEM"	X="62" Y="16" />
    <!-- Replace MapName="LargeEurope" Civilization="CIVILIZATION_LISBON"		X="13" Y="27" /> Changed to Mogadishu -->
    <Replace MapName="LargeEurope" Civilization="CIVILIZATION_PRESLAV"		X="52" Y="35" />
    <Replace MapName="LargeEurope" Civilization="CIVILIZATION_STOCKHOLM"	X="41" Y="61" />
    <Replace MapName="LargeEurope" Civilization="CIVILIZATION_VALLETTA"		X="37" Y="21" />
    <Replace MapName="LargeEurope" Civilization="CIVILIZATION_VILNIUS"		X="48" Y="52" />
    <Replace MapName="LargeEurope" Civilization="CIVILIZATION_YEREVAN"		X="69" Y="29" />

    <!-- New Horizon DLC -->
	<Replace MapName="LargeEurope" Civilization="CIVILIZATION_VATICAN_CITY" X="36" Y="32" DisabledByLeader="LEADER_TRAJAN" />
	<Replace MapName="LargeEurope" Civilization="CIVILIZATION_CHINGUETTI" 		X="7" Y="1" />
	<Replace MapName="LargeEurope" Civilization="CIVILIZATION_WOLIN" 	X="39" Y="51" />
  </StartPosition>

	<ExtraPlacement>
		<Replace MapName="LargeEurope" Civilization="CIVILIZATION_OTTOMAN"		X="53"	Y="31" TerrainType="TERRAIN_GRASS" />
		<Replace MapName="LargeEurope" Civilization="CIVILIZATION_BYZANTIUM"	X="53"	Y="31" TerrainType="TERRAIN_GRASS" />
		
		<!-- +++++++++++++++++++++++++++ -->
		<!--     LargeEurope Volcanos    -->
		<!-- +++++++++++++++++++++++++++ -->

		<Replace MapName="LargeEurope" X="69" Y="35"	RuleSet="RULESET_EXPANSION_2"	TerrainType="TERRAIN_PLAINS_MOUNTAIN" FeatureType="FEATURE_VOLCANO" />
		<Replace MapName="LargeEurope" X="64" Y="25"	RuleSet="RULESET_EXPANSION_2"	TerrainType="TERRAIN_PLAINS_MOUNTAIN" FeatureType="FEATURE_VOLCANO" />
		<Replace MapName="LargeEurope" X="38" Y="25"	RuleSet="RULESET_EXPANSION_2"	TerrainType="TERRAIN_PLAINS_MOUNTAIN" FeatureType="FEATURE_VOLCANO" />
		<Replace MapName="LargeEurope" X="50" Y="23"	RuleSet="RULESET_EXPANSION_2"	TerrainType="TERRAIN_PLAINS_MOUNTAIN" FeatureType="FEATURE_VOLCANO" />
		<Replace MapName="LargeEurope" X="5" Y="12"		RuleSet="RULESET_EXPANSION_2"	TerrainType="TERRAIN_PLAINS_MOUNTAIN" FeatureType="FEATURE_VOLCANO" />
		<Replace MapName="LargeEurope" X="66" Y="35"	RuleSet="RULESET_EXPANSION_2"	TerrainType="TERRAIN_PLAINS_MOUNTAIN" FeatureType="FEATURE_VOLCANO" />
		<Replace MapName="LargeEurope" X="38" Y="27"	RuleSet="RULESET_EXPANSION_2"	TerrainType="TERRAIN_PLAINS_MOUNTAIN" FeatureType="FEATURE_VOLCANO" />
		<Replace MapName="LargeEurope" X="66" Y="25"	RuleSet="RULESET_EXPANSION_2"	TerrainType="TERRAIN_PLAINS_MOUNTAIN" FeatureType="FEATURE_VOLCANO" />

		<!-- +++++++++++++++++++++++++++ -->
		<!--   Giant Earth Geothermal    -->
		<!-- +++++++++++++++++++++++++++ -->

		<Replace MapName="LargeEurope" X="34" Y="33"	RuleSet="RULESET_EXPANSION_2" 	FeatureType="FEATURE_GEOTHERMAL_FISSURE" />
		<Replace MapName="LargeEurope" X="10" Y="70"	RuleSet="RULESET_EXPANSION_2" 	FeatureType="FEATURE_GEOTHERMAL_FISSURE" />
		<Replace MapName="LargeEurope" X="54" Y="26"	RuleSet="RULESET_EXPANSION_2" 	FeatureType="FEATURE_GEOTHERMAL_FISSURE" />
		<Replace MapName="LargeEurope" X="73" Y="25"	RuleSet="RULESET_EXPANSION_2" 	FeatureType="FEATURE_GEOTHERMAL_FISSURE" />

		<Replace MapName="LargeEurope" X="61" Y="11" RuleSet="RULESET_EXPANSION_2" FeatureType="FEATURE_REEF" />
		<Replace MapName="LargeEurope" X="66" Y="2" RuleSet="RULESET_EXPANSION_2" FeatureType="FEATURE_REEF" />
		<Replace MapName="LargeEurope" X="65" Y="1" RuleSet="RULESET_EXPANSION_2" FeatureType="FEATURE_REEF" />
		<Replace MapName="LargeEurope" X="61" Y="8" RuleSet="RULESET_EXPANSION_2" FeatureType="FEATURE_REEF" />

	</ExtraPlacement>
	
	<NaturalWonderPosition>
		<Replace MapName="LargeEurope" X="24" Y="47" FeatureType="FEATURE_CLIFFS_DOVER" />
		<Replace MapName="LargeEurope" X="25" Y="47" FeatureType="FEATURE_CLIFFS_DOVER" />
		
		<Replace MapName="LargeEurope" X="62" Y="15" FeatureType="FEATURE_DEAD_SEA" />
		<Replace MapName="LargeEurope" X="63" Y="16" FeatureType="FEATURE_DEAD_SEA" />
		
		<Replace MapName="LargeEurope" X="11" Y="71" FeatureType="FEATURE_EYJAFJALLAJOKULL" />
		<Replace MapName="LargeEurope" X="12" Y="71" FeatureType="FEATURE_EYJAFJALLAJOKULL" />
		
		<Replace MapName="LargeEurope" X="31" Y="61" FeatureType="FEATURE_LYSEFJORDEN" />
		<Replace MapName="LargeEurope" X="31" Y="62" FeatureType="FEATURE_LYSEFJORDEN" />
		<Replace MapName="LargeEurope" X="32" Y="62" FeatureType="FEATURE_LYSEFJORDEN" />
		
		<Replace MapName="LargeEurope" X="19" Y="54" FeatureType="FEATURE_GIANTS_CAUSEWAY" />
		<Replace MapName="LargeEurope" X="18" Y="55" FeatureType="FEATURE_GIANTS_CAUSEWAY" />
	
		
		<!-- ****************** -->
		<!-- Gathering Storm NW -->
		<!-- ****************** -->
				
		<Replace MapName="LargeEurope" X="73" Y="30" FeatureType="FEATURE_GOBUSTAN" TerrainType="TERRAIN_PLAINS" />
		<Replace MapName="LargeEurope" X="73" Y="31" FeatureType="FEATURE_GOBUSTAN" TerrainType="TERRAIN_PLAINS" />
		<Replace MapName="LargeEurope" X="74" Y="30" FeatureType="FEATURE_GOBUSTAN" TerrainType="TERRAIN_PLAINS" />
		
		<Replace MapName="LargeEurope" X="55" Y="26" FeatureType="FEATURE_PAMUKKALE" TerrainType="TERRAIN_PLAINS_HILLS" />
		<Replace MapName="LargeEurope" X="56" Y="26" FeatureType="FEATURE_PAMUKKALE" TerrainType="TERRAIN_PLAINS_HILLS" />
		
		<Replace MapName="LargeEurope" X="52" Y="8" FeatureType="FEATURE_WHITEDESERT" TerrainType="TERRAIN_DESERT" />
		<Replace MapName="LargeEurope" X="53" Y="8" FeatureType="FEATURE_WHITEDESERT" TerrainType="TERRAIN_DESERT" />
		<Replace MapName="LargeEurope" X="53" Y="9" FeatureType="FEATURE_WHITEDESERT" TerrainType="TERRAIN_DESERT" />
		<Replace MapName="LargeEurope" X="54" Y="9" FeatureType="FEATURE_WHITEDESERT" TerrainType="TERRAIN_DESERT" />
		
		<Replace MapName="LargeEurope" X="38" Y="29" FeatureType="FEATURE_VESUVIUS" TerrainType="TERRAIN_PLAINS_MOUNTAIN" />
  </NaturalWonderPosition>

</GameData>
