<?xml version="1.0" encoding="utf-8"?>
<Context Hidden="0">
    <Grid ID="PopupDrowShadowGrid" Anchor="C,C" Offset="0,0" Size="auto,auto" AutoSizePadding="50,50" Style="DropShadow">
        <Image ID="PopupBackgroundImage" Anchor="C,C" Size="auto,auto" AutoSizePadding="-10,-10" Texture="Parchment_Pattern" StretchMode="Tile" ConsumeMouse="1">
            <Grid ID="PopupFrameGrid" Anchor="C,C" Size="auto,auto" Offset="0,0" Texture="CompletedPopup_Frame" SliceCorner="112,120" SliceSize="2,1">
                <!-- Corner Icons -->
                <Button ID="CloseButton" Texture="Controls_CloseLarge" Size="44,44" Anchor="R,T" Offset="11,11" />
                <Image ID="TopLeftIcon" Texture="CompletedPopup_TechTheme1" Anchor="L,T" Offset="15,18"/>
                <Image ID="LeftBottomIcon" Texture="CompletedPopup_TechTheme2" Anchor="L,B" Offset="15,18"/>
                <Image ID="RightBottomIcon" Texture="CompletedPopup_TechTheme3" Anchor="R,B" Offset="15,18"/>

                <!-- Research Name Banner -->
                <Container Size="353, 80" Anchor="C,T" Offset="0,0">
                    <Label ID="HeaderLabel" String="LOC_POLICY_REMINDER_TITLE" Anchor="C,C" Align="C,C" Color="EspionagePopup_Header" Offset="0,10" Style="FontFlair20" SmallCaps="26" SmallCapsType="EveryWord" WrapWidth="240" />
                </Container>

                <Container ID="CivicMsgLabel" Size="353, 25" Anchor="C,T" Offset="0,80">
                    <Label ID="a" Anchor="C,C" Offset="0,0" Align="center" Color="90,85,82,255" Style="FontNormal16" WrapWidth="300" String="LOC_POLICY_REMINDER_TEXT" />
                </Container>

                <Stack ID="BottomControlStack" Anchor="C,T" Offset="0,115" StackGrowth="Bottom" StackPadding="5,5">

                    <!-- Unlocks Stack -->
                    <Stack ID="UnlockStack" Anchor="C,T" Offset="0,0" StackGrowth="Right" StackPadding="5" WrapGrowth="Bottom" WrapWidth="300"/>

                    <!-- Bottom Padding Container - Ensures space below stack for autosizing -->
                    <Container Size="120,70" Achnor="C,T"/>
                </Stack>

                <!-- Confirm Button -->
                <GridButton ID="ChangeGovernmentButton" Size="210,41" Anchor="C,B" Offset="0,25" String="LOC_RESEARCH_COMPLETE_CIVIC_BUTTON" Style="MainButton"/>
            </Grid>
        </Image>
    </Grid>

    <!-- Instances -->
    <Instance Name="UnlockInstance">
        <Container ID="Top" Size="45,45">
            <Image Texture="CompletedPopup_IconSlot">
                <Button ID="UnlockIcon" Style="UnlockFrames" NoStateChange="1" Anchor="C,C">
                    <Image ID="Icon" Size="38,38" Texture="Controls_Blank" Anchor="C,C"/>
                </Button>
            </Image>
        </Container>
    </Instance>

</Context>
