<?xml version="1.0" encoding="utf-8" ?>
<!-- ==== CQUI DiplomacyActionView.xml Replacement ================================================================================ -->
<!-- ==== There is significant customization in this file, the unmodified found in the CivFanatics Civ6-UIFiles Repo on GitHub ==== -->
<!-- ==== Repo link: https://github.com/civfanatics/Civ6-UIFiles ================================================================== -->
<Context Style="FontNormal16" ColorSet="BodyTextCool" FontStyle="Shadow" Size="parent,parent" ConsumeMouse="1">
    <Include File="CivilizationIcon"/>
    <Include File="PopupDialog"/>

    <!-- Containers for caching instances -->
    <Container ID="IconOnlyContainer" Hidden="1"/>
    <Container ID="IconAndTextContainer" Hidden="1"/>
    <Container ID="LeftRightListContainer" Hidden="1"/>
    <Container ID="TopDownListContainer" Hidden="1"/>

    <!-- The full screen container, so they player can't click through. -->
    <Container Size="parent,parent"/>

    <!-- An instance of an Icon, with optional Amount Text that overlaps the icon -->
    <Instance Name="IconOnly">
        <GridButton ID="SelectButton" Style="ButtonDraggableGrid" Size="56,56" Offset="0,0" Anchor="L,T">
            <Image ID="Icon" StretchMode="None" Size="64,64" Anchor="C,C"/>
            <Label ID="AmountText" Style="FontNormalBold16" Anchor="R,B" Offset="-5,-9" FontStyle="Stroke" />
            <Button ID="RemoveButton" Anchor="L,B" Offset ="-10,-10" Texture="Controls_RemoveDealSmall" Size="16,16" ToolTip="LOC_DIPLO_DEAL_REMOVE_ITEM" Hidden="1"/>
            <Button ID="StopAskingButton" Anchor="C,C" Offset ="0,0" Texture="Controls_DontAskAgainSmall" Size="16,16" ToolTip="LOC_DIPLO_DEAL_REMOVE_ITEM" Hidden="1"/>
            <!-- CQUI: Workaround for Extended Diplomacy Ribbon (EDR) by Aristos, which adds a TradableIndicator and references it in their ReplaceUIScript -->
            <!--       When the CQUI Lua is loaded, this will not show.  If EDR Lua loads with the CQUI XML, this prevents the Diplomacy Deal Screen from becoming non-functional -->
            <Label ID="TradeableIndicator" String="[ICON_New]" Anchor="L,T" Offset="-11,-11" Hidden="1"/>
            <Image ID="UnacceptableIcon" Anchor="R,T" Offset="-8,-8" Texture="Alert18" Size="18,18" ToolTip="LOC_DIPLO_DEAL_UNACCEPTABLE_ITEM_TOOLTIP" Hidden="1"/>
        </GridButton>
    </Instance>

    <!-- CQUI: Instance for Cities which includes details on population, food, prod, and science -->
    <Instance Name="IconAndTextForCities">
        <GridButton ID="SelectButton" Style="ButtonDraggableGrid" Size="parent,58" Anchor="L,T">
            <Stack Size="parent,0" StackGrowth="Right">
                <Container Size="44, parent">
                    <Image ID="Icon" StretchMode="None" Size="44,44" Anchor="C,C"/>
                    <Label ID="PopulationLabel" Style="FlairShadow28" FontStyle="Stroke" Anchor="C,C" Offset="0,2"/>
                </Container>
                <Container Size="parent-44, parent">
                    <Stack StackGrowth="Bottom" Anchor="L,C">
                        <Label ID="IconText" Size="parent, 0" Style="FontNormalBold12" FontStyle="Stroke" WrapWidth="parent-35"/>
                        <Label ID="ValueText" Size="parent, 0" Style="FontNormalBold12" FontStyle="Stroke"/>
                    </Stack>
                    <Stack ID="CityDetailsStack" StackGrowth="Bottom" Anchor="R,C" Offset="4,0" Alpha=".85">
                        <Label ID="FoodLabel" Style="BodyText12" Offset="0,0"/>
                        <Label ID="ProductionLabel" Style="BodyText12" Offset="0,4"/>
                        <Label ID="ScienceLabel" Style="BodyText12" Offset="0,4"/>
                    </Stack>
                </Container>
            </Stack>
            <Image ID="UnacceptableIcon" Anchor="R,T" Offset="-8,-8" Texture="Alert18" Size="18,18" ToolTip="LOC_DIPLO_DEAL_UNACCEPTABLE_ITEM_TOOLTIP" Hidden="1"/>
            <!-- The Remove and StopAskingButtons are not needed here, the IconAndTextForCities button only exists in the available objects for trade, not when already selected -->
        </GridButton>
    </Instance>

    <!-- An instance of an Icon, with optional Amount Text that overlaps the icon and description text on the right side of the icon. -->
    <Instance Name="IconAndText">
        <GridButton ID="SelectButton" Style="ButtonDraggableGrid" Size="parent,56" Anchor="C,T">
            <Stack Size="parent,0" StackGrowth="Right">
                <Container Size="44, parent">
                    <Image ID="Icon" StretchMode="None" Size="44,44" Anchor="C,C"/>
                    <Label ID="AmountText" Anchor="R,B" Style="FontNormalBold12" Offset="24,-9" FontStyle="Stroke"/>
                </Container>
                <Container Size="parent-44, parent">
                    <Stack StackGrowth="Bottom" Anchor="L,C">
                        <Label ID="IconText" Size="parent, 0" Style="FontNormalBold12" FontStyle="Stroke"/>
                        <Label ID="ValueText" Size="parent, 0" Style="FontNormalBold12" FontStyle="Stroke"/>
                    </Stack>
                </Container>
            </Stack>
            <Image ID="UnacceptableIcon" Anchor="R,T" Offset="-8,-8" Texture="Alert18" Size="18,18" ToolTip="LOC_DIPLO_DEAL_UNACCEPTABLE_ITEM_TOOLTIP" Hidden="1"/>
            <Button ID="RemoveButton" Anchor="R,B" Offset ="-4,-4" Texture="Controls_RemoveDeal" Size="22,22" ToolTip="LOC_DIPLO_DEAL_REMOVE_ITEM" Hidden="1"/>
            <Button ID="StopAskingButton" Anchor="R,T" Offset ="-4,-4" Texture="Controls_DontAskAgainSmall" Size="16,16" ToolTip="LOC_DIPLO_DEAL_MARK_UNACCEPTABLE" Hidden="1"/>
        </GridButton>
    </Instance>

    <!-- CQUI: Instance for Great Work that include the type icon -->
    <Instance Name="IconAndTextForGreatWork">
        <GridButton ID="SelectButton" Style="ButtonDraggableGrid" Size="parent,56" Anchor="L,T">
            <Stack Size="parent,0" StackGrowth="Right">
                <Container Size="44, parent">
                    <Image ID="Icon" StretchMode="None" Size="44,44" Anchor="C,C"/>
                    <Label ID="AmountText" Anchor="R,B" Style="FontNormalBold12" Offset="24,-9" FontStyle="Stroke"/>
                </Container>
                <Container Size="parent-64, parent">
                    <Stack StackGrowth="Bottom" Anchor="L,C">
                        <Label ID="IconText" Size="parent, 0" Style="FontNormalBold12" FontStyle="Stroke"/>
                        <Label ID="ValueText" Size="parent, 0" Style="FontNormalBold12" FontStyle="Stroke"/>
                    </Stack>
                </Container>
                <Container Size="20, parent" Alpha=".85">
                    <Image ID="TypeIcon" StretchMode="None" Size="20,20" Anchor="R,C"/>
                </Container>
            </Stack>
            <Image ID="UnacceptableIcon" Anchor="R,T" Offset="-8,-8" Texture="Alert18" Size="18,18" ToolTip="LOC_DIPLO_DEAL_UNACCEPTABLE_ITEM_TOOLTIP" Hidden="1"/>
            <!-- The Remove and StopAskingButtons are not needed here, the IconAndTextForCities button only exists in the available objects for trade, not when already selected -->
        </GridButton>
    </Instance>

    <Instance Name="CityIconAndDetails">
        <Container ID ="CityDetailsContainer" Size="auto,auto" MinSize="210, 60" Anchor="C,T">
            <Grid ID="CityDetails" Style ="ButtonDraggableGrid" Size ="210, auto" Anchor="C,T" Padding ="0,6" InnerPadding ="0,0" OuterPadding="0,10" Hidden="1">
                <Stack ID="CityDetailsStack" Size="auto, auto" Anchor="C,T" StackGrowth="Right" WrapWidth="210" Offset="0,60" />
            </Grid>
            <GridButton ID="SelectButton" Style="ButtonDraggableGrid" Size="210, 56" Anchor="C,T">
                <Stack Size="parent,0" StackGrowth="Right">
                    <Container Size="44, parent">
                        <Image ID="Icon" StretchMode="None" Size="44,44" Anchor="C,C"/>
                        <Label ID="AmountText" Anchor="R,B" Style="FontNormalBold12" Offset="24,-9" FontStyle="Stroke"/>
                    </Container>
                    <Container Size="parent-44, parent">
                        <Stack StackGrowth="Bottom" Anchor="L,C">
                            <Label ID="IconText" Size="parent, 0" Style="FontNormalBold12" FontStyle="Stroke"/>
                            <Label ID="ValueText" Size="parent, 0" Style="FontNormalBold12" FontStyle="Stroke"/>
                        </Stack>
                    </Container>
                </Stack>
                <Image ID="UnacceptableIcon" Anchor="R,T" Offset="-8,-8" Texture="Alert18" Size="18,18" ToolTip="LOC_DIPLO_DEAL_UNACCEPTABLE_ITEM_TOOLTIP" Hidden="1"/>
                <Button ID="RemoveButton" Anchor="R,B" Offset ="-4,-4" Texture="Controls_RemoveDeal" Size="22,22" ToolTip="LOC_DIPLO_DEAL_REMOVE_ITEM" Hidden="1"/>
                <Button ID="CollapseButton" Anchor="C,B" AnchorSide="I,O" Offset="0,3" Size="16,16" Hidden="1" Texture="Controls_CityExpand" TextureOffset="0,0" ToolTip="LOC_DIPLO_DEAL_EXPAND_CITY_INFO" />
                <Button ID="StopAskingButton" Anchor="R,T" Offset ="-4,-4" Texture="Controls_DontAskAgainSmall" Size="16,16" ToolTip="LOC_DIPLO_DEAL_MARK_UNACCEPTABLE" Hidden="1"/>
            </GridButton>
        </Container>

    </Instance>

    <Instance Name="MinimizedSection">
        <Grid ID="MinimizedSectionContainer" Style="ButtonDraggableGrid" Size="auto,auto" MinSize="210,60" Anchor="C,T" Padding="6,6" InnerPadding="0,0" OuterPadding="0,0" Hidden="1">
            <Stack ID="MinimizedSectionStack" Size="auto,auto" Anchor="C,C" StackGrowth="Right" WrapWidth="230"/>
        </Grid>
    </Instance>

    <!-- An instance of an icon with text used to give options for agreements -->
    <Instance Name="AgreementOptionInstance">
        <GridButton ID="AgreementOptionButton" Style="ButtonDraggableGrid" Size="280,56" Anchor="C,T">
            <Stack Anchor="L,C" StackGrowth="Right">
                <Image ID="AgreementOptionIcon" Anchor="L,C" Size="38,38" Texture="Tech38"/>
                <Label ID="AgreementOptionLabel" Anchor="L,C" Offset="4,0" Style="FontNormal16" WrapWidth="220"/>
            </Stack>
        </GridButton>
    </Instance>

    <!-- Instance container for a list of icons that grows from left to right. -->
    <Instance Name="LeftRightList">
        <Stack ID="List" Size="parent, 0">
            <Grid Style="ColumnHeader" ID="Title" Size="parent-4,26" Offset="0,0" Anchor="C,T" Color="25,25,25,200">
                <Label ID="TitleText" Anchor="C,C" Offset="4,0" Style="HeaderSmallCaps" Hidden="false" Color0="89,85,85"/>
            </Grid>
            <Stack ID="ListStack" StackGrowth="Right" Anchor="L,T" WrapWidth="parent">
            </Stack>
        </Stack>
    </Instance>

    <!-- Instance container for a list of icons with descriptions, that grows top down. -->
    <Instance Name="TopDownList">
        <Stack ID="List" Size="parent, 0">
            <Grid Style="ColumnHeader" ID="Title" Size="parent-4,26" Offset="0,0" Anchor="C,T" Color="50,50,50">
                <Label ID="TitleText" Anchor="C,C" Offset="4,0" Style="HeaderSmallCaps" Hidden="false" Color0="89,85,85"/>
                <Button ID ="HeaderExpandButton" Anchor ="C,C" Offset ="75,0" Size="16,16" Texture="Controls_CategoryCollapse" Hidden="0" ToolTip="LOC_DIPLO_DEAL_COLLAPSE_CATEGORY"/>
            </Grid>
            <Stack ID="ListStack" StackGrowth="Bottom" Anchor="C,T">
            </Stack>
        </Stack>
    </Instance>

    <!--Instance container to hold all of the items offered by the local player-->
    <Instance Name ="MyOffers">
        <!-- CQUI : Modified Anchor -->
        <Stack ID="OfferStack" StackGrowth="Bottom" Size ="auto, auto" Anchor="C,T">

            <Grid ID="DirectionsBracket" Style="DecoGrid" Size="auto,auto" Color="Dark_Gray" Anchor="C,C" Offset="0,0" InnerPadding="25,25" MinSize="39,49">
                <Label ID="Directions" String="LOC_DIPLOMACY_TRADE_UI_SELECT_TEXT" Anchor="C,C" Style="FontNormalMedium16" Color0="GrayMedium" Color1="Black" FontStyle="Shadow" WrapWidth="160" Align="Center" Hidden="0"/>
            </Grid>

            <!--Immediate Deals-->
            <Grid Style="ColumnHeader" ID="OneTimeDealsHeader" Size="150,22" Offset="0,0" Anchor="C,T" Color="50,50,50" Hidden="1">
                <Label String="LOC_DIPLOMACY_DEAL_ONE_TIME" Anchor="C,C" Offset="0,0" Style="HeaderSmallCaps" Hidden="false" Color0="89,85,85" TruncateWidth = "145" TruncatedTooltip="1"/>
            </Grid>
            <Stack ID="OneTimeDealsStack" StackGrowth="Right" WrapWidth="240" WrapGrowth="Bottom" Anchor ="C,C"/>

            <!--30 Turn Deals-->
            <Grid Style="ColumnHeader" ID="For30TurnsDealsHeader" Size="150,22" Offset="0,10" Anchor="C,T" Color="50,50,50" Hidden="1">
                <Label String="LOC_DIPLOMACY_DEAL_FOR_30_TURNS" Anchor="C,C" Offset="0,0" Style="HeaderSmallCaps" Hidden="false" Color0="89,85,85" TruncateWidth = "145" TruncatedTooltip="1"/>
            </Grid>
            <Stack ID="For30TurnsDealsStack" StackGrowth="Right" WrapWidth="240" WrapGrowth="Bottom" Anchor ="C,C" />

            <!--Agreement Deals-->
            <Grid Style="ColumnHeader" ID="AgreementDealsHeader" Size="150,22" Offset="0,10" Anchor="C,T" Color="50,50,50" Hidden="1">
                <Label String="LOC_DIPLOMACY_DEAL_AGREEMENTS" Anchor="C,C" Offset="0,0" Style="HeaderSmallCaps" Hidden="false" Color0="89,85,85" TruncateWidth = "145" TruncatedTooltip="1"/>
                <Button ID ="AgreementDealsExpandButton" Anchor ="R,T" Offset ="-16,5" Size="16,16" Texture="Controls_CategoryCollapse" Hidden="1" ToolTip="LOC_DIPLO_DEAL_COLLAPSE_CATEGORY"/>
            </Grid>
            <!-- CQUI : Modified MinSize and added ClampSize -->
            <Grid ID="AgreementDealsGrid" Style="ButtonDraggableGrid" Anchor="C,T" Size="Auto,Auto" MinSize="200,60" ClampSize="Horizontal">
                <Stack ID="AgreementDealsStack" Anchor ="C,T" Size="Auto,Auto"/>
                <Stack ID="MinimizedAgreementDealsStack" Anchor ="C,T" Size="Auto,Auto" StackGrowth="Right" WrapGrowth="Bottom" WrapWidth="227" Hidden="1"/>
            </Grid>

            <!--City Deals-->
            <Grid Style="ColumnHeader" ID="CityDealsHeader" Size="150,22" Offset="0,10" Anchor="C,T" Color="50,50,50" Hidden="1">
                <Label String="LOC_DIPLOMACY_DEAL_CITIES" Anchor="C,C" Offset="0,0" Style="HeaderSmallCaps" Hidden="false" Color0="89,85,85" TruncateWidth = "145" TruncatedTooltip="1"/>
                <Button ID ="CityDealsExpandButton" Anchor ="R,T" Offset ="-16,5" Size="16,16" Texture="Controls_CategoryCollapse" Hidden="1" ToolTip="LOC_DIPLO_DEAL_COLLAPSE_CATEGORY"/>
            </Grid>
            <!-- CQUI : Modified MinSize and added ClampSize -->
            <Grid ID="CityDealsGrid" Style="ButtonDraggableGrid" Anchor="C,T" Size="Auto,Auto" MinSize="200,60" ClampSize="Horizontal">
                <Stack ID="CityDealsStack" Anchor ="C,T" Size="Auto,Auto"/>
                <Stack ID="MinimizedCityDealsStack" Anchor ="C,T" Size="Auto,Auto" StackGrowth="Right" WrapGrowth="Bottom" WrapWidth="227" Hidden="1"/>
            </Grid>

            <!--Great Work Deals-->
            <Grid Style="ColumnHeader" ID="GreatWorksDealsHeader" Size="150,22" Offset="0,10" Anchor="C,T" Color="50,50,50" Hidden="1">
                <Label String="LOC_DIPLOMACY_DEAL_GREAT_WORKS" Anchor="C,C" Offset="0,0" Style="HeaderSmallCaps" Hidden="false" Color0="89,85,85" TruncateWidth = "145" TruncatedTooltip="1"/>
                <Button ID ="GreatWorksDealsExpandButton" Anchor ="R,T" Offset ="-16,5" Size="16,16" Texture="Controls_CategoryCollapse" Hidden="1" ToolTip="LOC_DIPLO_DEAL_COLLAPSE_CATEGORY"/>
            </Grid>
            <!-- CQUI : Modified MinSize and added ClampSize -->
            <Grid ID="GreatWorksDealsGrid" Style="ButtonDraggableGrid" Anchor="C,T" Size="Auto,Auto" MinSize="200,60" ClampSize="Horizontal">
                <Stack ID="GreatWorksDealsStack" Anchor ="C,T" Size="Auto,Auto"/>
                <Stack ID="MinimizedGreatWorksDealsStack" Anchor ="C,T" Size="Auto,Auto" StackGrowth="Right" WrapGrowth="Bottom" WrapWidth="227" Hidden="1"/>
            </Grid>

            <!--Captives Deals-->
            <Grid Style="ColumnHeader" ID="CaptivesDealsHeader" Size="150,22" Offset="0,10" Anchor="C,T" Color="50,50,50" Hidden="1">
                <Label String="LOC_DIPLOMACY_DEAL_CAPTIVES" Anchor="C,C" Offset="0,0" Style="HeaderSmallCaps" Hidden="false" Color0="89,85,85" TruncateWidth = "145" TruncatedTooltip="1"/>
                <Button ID ="CaptivesDealsExpandButton" Anchor ="R,T" Offset ="-16,5" Size="16,16" Texture="Controls_CategoryCollapse" Hidden="1" ToolTip="LOC_DIPLO_DEAL_COLLAPSE_CATEGORY"/>
            </Grid>
            <!-- CQUI : Modified MinSize and added ClampSize -->
            <Grid ID="CaptivesDealsGrid" Style="ButtonDraggableGrid" Anchor="C,T" Size="Auto,Auto" MinSize="200,60" ClampSize="Horizontal">
                <Stack ID="CaptivesDealsStack" Anchor ="C,T" Size="Auto,Auto"/>
                <Stack ID="MinimizedCaptivesDealsStack" Anchor ="C,T" Size="Auto,Auto" StackGrowth="Right" WrapGrowth="Bottom" WrapWidth="227" Hidden="1"/>
            </Grid>

        </Stack>
    </Instance>

    <!--Instance container to hold all of the items offered by the other player-->
    <Instance Name="TheirOffers">
        <!-- CQUI : Modified Anchor -->
        <Stack ID="OfferStack" StackGrowth="Bottom" Size ="auto, auto" Anchor="C,T">

            <Grid ID="DirectionsBracket" Style="DecoGrid" Size="auto,auto" Color="Dark_Gray" Anchor="C,C" Offset="0,0" InnerPadding="25,25" MinSize="39,49">
                <Label ID="Directions" String="LOC_DIPLOMACY_TRADE_UI_SELECT_THEIR_TEXT" LeadingOffset="0,-2" Anchor="C,C" Style="FontNormalMedium16" Color0="GrayMedium" Color1="Black" FontStyle="Shadow" WrapWidth="160" Align="Center" Hidden="0"/>
            </Grid>

            <!--Immediate Deals-->
            <Grid Style="ColumnHeader" ID="OneTimeDealsHeader" Size="150,22" Offset="0,0" Anchor="C,T" Color="50,50,50" Hidden="1">
                <Label String="LOC_DIPLOMACY_DEAL_ONE_TIME" Anchor="C,C" Offset="0,0" Style="HeaderSmallCaps" Hidden="false" Color0="89,85,85" TruncateWidth = "145" TruncatedTooltip="1"/>
            </Grid>
            <Stack ID="OneTimeDealsStack" StackGrowth="Right" WrapWidth="240" WrapGrowth="Bottom" Anchor ="C,C"/>

            <!--30 Turn Deals-->
            <Grid Style="ColumnHeader" ID="For30TurnsDealsHeader" Size="150,22" Offset="0,10" Anchor="C,T" Color="50,50,50" Hidden="1">
                <Label String="LOC_DIPLOMACY_DEAL_FOR_30_TURNS" Anchor="C,C" Offset="0,0" Style="HeaderSmallCaps" Hidden="false" Color0="89,85,85" TruncateWidth = "145" TruncatedTooltip="1"/>
            </Grid>
            <Stack ID="For30TurnsDealsStack" StackGrowth="Right" WrapWidth="240" WrapGrowth="Bottom" Anchor ="C,C"/>

            <!--Agreement Deals-->
            <Grid Style="ColumnHeader" ID="AgreementDealsHeader" Size="150,22" Offset="0,10" Anchor="C,T" Color="50,50,50" Hidden="1">
                <Label String="LOC_DIPLOMACY_DEAL_AGREEMENTS" Anchor="C,C" Offset="0,0" Style="HeaderSmallCaps" Hidden="false" Color0="89,85,85" TruncateWidth = "145" TruncatedTooltip="1"/>
                <Button ID ="AgreementDealsExpandButton" Anchor ="R,T" Offset ="-16,5" Size="16,16" Texture="Controls_CategoryCollapse" Hidden="1" ToolTip="LOC_DIPLO_DEAL_COLLAPSE_CATEGORY"/>
            </Grid>
            <!-- CQUI : Modified MinSize and added ClampSize -->
            <Grid ID="AgreementDealsGrid" Style="ButtonDraggableGrid" Anchor="C,T" Size="Auto,Auto" MinSize="200,60" ClampSize="Horizontal">
                <Stack ID="AgreementDealsStack" Anchor ="C,T" Size="Auto,Auto"/>
                <Stack ID="MinimizedAgreementDealsStack" Anchor ="C,T" Size="Auto,Auto" StackGrowth="Right" WrapGrowth="Bottom" WrapWidth="227" Hidden="1"/>
            </Grid>

            <!--City Deals-->
            <Grid Style="ColumnHeader" ID="CityDealsHeader" Size="150,22" Offset="0,10" Anchor="C,T" Color="50,50,50" Hidden="1">
                <Label String="LOC_DIPLOMACY_DEAL_CITIES" Anchor="C,C" Offset="0,0" Style="HeaderSmallCaps" Hidden="false" Color0="89,85,85" TruncateWidth = "145" TruncatedTooltip="1"/>
                <Button ID ="CityDealsExpandButton" Anchor ="R,T" Offset ="-16,5" Size="16,16" Texture="Controls_CategoryCollapse" Hidden="1" ToolTip="LOC_DIPLO_DEAL_COLLAPSE_CATEGORY"/>
            </Grid>
            <!-- CQUI : Modified MinSize and added ClampSize -->
            <Grid ID="CityDealsGrid" Style="ButtonDraggableGrid" Anchor="C,T" Size="Auto,Auto" MinSize="200,60" ClampSize="Horizontal">
                <Stack ID="CityDealsStack" Anchor ="C,T" Size="Auto,Auto"/>
                <Stack ID="MinimizedCityDealsStack" Anchor ="C,T" Size="Auto,Auto" StackGrowth="Right" WrapGrowth="Bottom" WrapWidth="227" Hidden="1"/>
            </Grid>

            <!--Great Work Deals-->
            <Grid Style="ColumnHeader" ID="GreatWorksDealsHeader" Size="150,22" Offset="0,10" Anchor="C,T" Color="50,50,50" Hidden="1">
                <Label String="LOC_DIPLOMACY_DEAL_GREAT_WORKS" Anchor="C,C" Offset="0,0" Style="HeaderSmallCaps" Hidden="false" Color0="89,85,85" TruncateWidth = "145" TruncatedTooltip="1"/>
                <Button ID ="GreatWorksDealsExpandButton" Anchor ="R,T" Offset ="-16,5" Size="16,16" Texture="Controls_CategoryCollapse" Hidden="1" ToolTip="LOC_DIPLO_DEAL_COLLAPSE_CATEGORY"/>
            </Grid>
            <!-- CQUI : Modified MinSize and added ClampSize -->
            <Grid ID="GreatWorksDealsGrid" Style="ButtonDraggableGrid" Anchor="C,T" Size="Auto,Auto" MinSize="200,60" ClampSize="Horizontal">
                <Stack ID="GreatWorksDealsStack" Anchor ="C,T" Size="Auto,Auto"/>
                <Stack ID="MinimizedGreatWorksDealsStack" Anchor ="C,T" Size="Auto,Auto" StackGrowth="Right" WrapGrowth="Bottom" WrapWidth="227" Hidden="1"/>
            </Grid>

            <!--Captives Deals-->
            <Grid Style="ColumnHeader" ID="CaptivesDealsHeader" Size="150,22" Offset="0,10" Anchor="C,T" Color="50,50,50" Hidden="1">
                <Label String="LOC_DIPLOMACY_DEAL_CAPTIVES" Anchor="C,C" Offset="0,0" Style="HeaderSmallCaps" Hidden="false" Color0="89,85,85" TruncateWidth = "145" TruncatedTooltip="1"/>
                <Button ID ="CaptivesDealsExpandButton" Anchor ="R,T" Offset ="-16,5" Size="16,16" Texture="Controls_CategoryCollapse" Hidden="1" ToolTip="LOC_DIPLO_DEAL_COLLAPSE_CATEGORY"/>
            </Grid>
            <!-- CQUI : Modified MinSize and added ClampSize -->
            <Grid ID="CaptivesDealsGrid" Style="ButtonDraggableGrid" Anchor="C,T" Size="Auto,Auto" MinSize="200,60" ClampSize="Horizontal">
                <Stack ID="CaptivesDealsStack" Anchor ="C,T" Size="Auto,Auto"/>
                <Stack ID="MinimizedCaptivesDealsStack" Anchor ="C,T" Size="Auto,Auto" StackGrowth="Right" WrapGrowth="Bottom" WrapWidth="227" Hidden="1"/>
            </Grid>

        </Stack>
    </Instance>

    <Container ID="TradePanel" Size="parent,parent">
        <!-- The background of the panel, enclosing all contents -->
        <AlphaAnim ID="TradePanelFade" AlphaBegin="0" AlphaEnd="1" Speed="2" Cycle="Once" Size="parent,parent">
            <SlideAnim ID="TradePanelSlide" Start="-10,0" End="0,0" Speed="2" Cycle="Once" Size="parent,parent">
                <!-- CQUI : Changed the size to 1025 -->
                <Image Size="1025,parent" StretchMode="Tile" Texture="Controls_BannerWide" Anchor="L,T" Offset="20,0">
                    <!-- Aesthetics (static): The drop-shadow of the window-->
                    <Image Texture="Controls_GradientSmall" Size="22,parent" AnchorSide="O,I" Anchor="R,T" Color="0,0,0,255" Rotate="270" Offset="-2,0"/>
                    <Image Texture="Controls_GradientSmall" Size="22,parent" AnchorSide="O,I" Anchor="L,T" Color="0,0,0,255" Rotate="90" Offset="-2,0"/>
                    <Image Texture="Controls_Gradient" Size="parent,150" Anchor="L,T" Color="0,0,0,255" Offset="0,-20"/>
                    <Image Texture="Controls_Gradient" Size="parent,100" Anchor="L,B" Color="0,0,0,255" Offset="0,0" FlipY="1"/>

                    <!-- CQUI: No Offset (because no bubble), fixed the Size without the bubble -->
                    <Grid Style="DiplomacyInfoWindowGrid" Size="parent,parent-12">
                        <!-- Content-Set-At-Runtime: Leader dialog area -Does not resize currently -Can accommodate up to 3 lines of text -->
                        <!-- CQUI: hide the conversation bubble -->
                        <Grid Style="DiplomacyWordBubbleRightGrid" Size="parent-20,88" AnchorSide="I,O" Anchor="C,T" Hidden="1">
                            <Stack Anchor="L,T" AnchorSide="I,O" Offset="-15,-40" StackGrowth="Right" StackPadding="8">
                                <MakeInstance Name="CivilizationIcon22" ID="OtherPlayerBubbleIcon"/>
                                <Label ID="OtherPlayerBubbleName" Anchor="L,C" Style="HeaderSmallCaps" Color0="GoldMetalDark"/>
                            </Stack>
                            <AlphaAnim ID="LeaderDialogFade" AlphaBegin="0" AlphaEnd="1" Cycle="Once" Size="parent,parent" Pause=".7" Speed="2">
                                <SlideAnim ID="LeaderDialogSlide" Start="0,20" End="0,0" Cycle="Once" Size="parent,parent" Pause=".7" Speed="2">
                                    <Stack ID="LeaderDialogStack" Anchor="C,C" StackPadding="4">
                                        <Label ID="LeaderDialog" Style="BodyText18" String="LOC_DIPLO_DEAL_INTRO" WrapWidth="420" Anchor="C,C"/>
                                        <Label ID="LeaderEffect" Style="BodyText18" Color="Grey" String="LOC_DIPLO_DEAL_INTRO" WrapWidth="420" Anchor="C,C"/>
                                    </Stack>
                                </SlideAnim>
                            </AlphaAnim>
                        </Grid>


                        <Stack ID="DealContentStack" StackGrowth="Right" Offset="5,10">

                            <!-- CQUI : Removd the divider -->
                            <!-- Static: Horizontal divider for offers and inventories-->
                            <!-- <Grid Style="Divider4Grid" Size="parent-2,10" Anchor="C,C" Hidden="1">
                <Image Texture="Controls_Deco2" Size="41,26" Anchor="C,T" Offset="0,-12"/>
              </Grid> -->
                            <!-- CQUI : Changed height -->
                            <Container ID="MyInventory" Size="249,parent-30" Anchor="L,T">

                                <!-- CQUI : Moved background gradient -->
                                <Image Texture="Controls_Gradient" Size="parent, 150" Offset="0,0" Anchor="L,B" Color="24,47,70,230"/>

                                <!-- CQUI : Added a vertical stack for the inventory -->
                                <Stack ID="PlayerStack" StackGrowth="Down">

                                    <!-- CQUI : Signature area -->
                                    <Stack ID="PlayerSignatureStack" StackGrowth="Right" Offset="5, 15">
                                        <!-- Civ Icon -->
                                        <Container Size="50,50">
                                            <MakeInstance ID="PlayerCivIcon" Name="CivilizationIconShaded44"/>
                                            <Image Texture="Controls_CircleRim50" Size="50,50" Anchor="C,C" Offset="-1,-1" Color="255,255,255,50"/>
                                        </Container>

                                        <Stack ID="PlayerText" Offset="5,0" Anchor="L,C">
                                            <Label ID="PlayerLeaderName" String="TEST" WrapWidth="210" Align="L" Anchor="L,C" Style="FontBoldFlair18" SmallCaps="22" FontStyle="shadow" Color0="130,130,130,255" Color1="0,0,0,150"/>
                                            <Label ID="PlayerCivName" String="EGYPT" WrapWidth="210" Align="L" Anchor="L,C" Style="HeaderSmallCaps" SmallCaps="18" Color0="220,220,220,255" Color1="0,0,0,200"/>
                                        </Stack>
                                    </Stack>

                                    <!-- CQUI : Added an Offset -->
                                    <ScrollPanel ID="MyInventoryScroll" Size="parent, parent-95" Vertical="1" AutoScollbar="1" Offset="0, 30">
                                        <ScrollBar Size="15,parent" SliceTextureSize="11,11" SliceCorner="5,5" Anchor="L,B" Color="111,101,94,250" Offset="-6,0" AnchorSide="O,I" Texture="Controls_ScrollBarBacking" StateOffsetIncrement="0,0" Vertical="1">
                                            <Thumb Size="13,13" Texture="Controls_ScrollBarHandleV_Brown" StateOffsetIncrement="0,0" SliceCorner="6,6" SliceTextureSize="13,13"/>
                                        </ScrollBar>
                                        <Stack ID="MyInventoryStack" StackGrowth="Right" WrapWidth="240" WrapGrowth="Bottom"/>
                                    </ScrollPanel>
                                </Stack>

                                <!-- CQUI : Changed offset and size of gradients -->
                                <Image Texture="Controls_GradientSmall" Size="parent, 22" Offset="0,0" Anchor="L,B" Color="0,0,0,255" FlipY="1"/>
                                <Image Texture="Controls_GradientSmall" Size="parent, 22" Offset="0,0" Anchor="L,T" Color="0,0,0,255"/>
                            </Container>

                            <!-- CQUI : Added a seprator here, changed the size and the Offset -->
                            <!-- Aesthetics (static): The vertical bar which divides the two areas -->
                            <Container Size="1, parent-23" Offset="0,-5">
                                <Grid Style="Divider3VGrid" Size="7,parent" Anchor="C,B">
                                    <Image Size="10,parent-10" Texture="Controls_GradientSmall" Anchor="R,T" Rotate="270" AnchorSide="O,I" Color="0,0,0,255"/>
                                    <Image Size="10,parent-10" Texture="Controls_GradientSmall" Anchor="L,T" Rotate="90" AnchorSide="O,I" Color="0,0,0,255"/>
                                </Grid>
                            </Container>

                            <!-- CQUI : Added a Container for the offers -->
                            <Container ID="CQUI_OfferArea" Size="510, parent">

                                <!-- CQUI : Added a Stack that grows down -->
                                <Stack ID="CQUI_OfferAreaStack" StackGrowth="Down">

                                    <Label ID="DealTermsLabel" String="{LOC_IDS_DEAL_TERMS:upper}" Offset="0,15" Anchor="C,T" Style="FontFlair22" FontStyle="glow" Color0="208,212,217,255" Color1="0,0,0,200" SmallCaps="26" SmallCapsLeading="0" SmallCapsType="EveryWord"/>

                                    <!-- Dynamic: Button Area - where we accept the deal-->
                                    <Grid Style="SubContainer4" Size="parent-14,95" Anchor="C,T" Offset="0,20" Color="Dark_Gray">
                                        <Stack ID="DealOptionsStack" StackGrowth="Right" Anchor="C,C" Padding="4" WrapWidth="500">
                                            <GridButton ID="RefuseDeal" Style="ButtonLightWeight" Size="200,32"/>
                                            <GridButton ID="ResumeGame" Style="ButtonLightWeight" Size="200,32" String="LOC_DIPLOMACY_DEAL_RESUME_GAME"/>
                                            <GridButton ID="AcceptDeal" Style="ButtonConfirm" Size="200,41" String="LOC_DIPLOMACY_DEAL_ACCEPT_DEAL"/>
                                            <GridButton ID="EqualizeDeal" Style="ButtonLightWeight" Size="200,32" String="LOC_DIPLOMACY_DEAL_WHAT_WOULD_IT_TAKE" ToolTip="LOC_DIPLOMACY_MAKE_DEAL_EQUITABLE_TOOLTIP"/>
                                            <GridButton ID="DemandDeal" Style="ButtonRed" Size="200,41" String="LOC_DIPLOMACY_DEAL_DEMAND_DEAL"/>
                                        </Stack>
                                    </Grid>

                                    <!-- Static: Header for the deal area-->
                                    <Grid Anchor="C,T" Size="parent, 38" Offset="1,5" Style="DiplomacyTitleBarGrid">
                                        <Container Size="257,parent" Anchor="L,T">
                                            <Label ID="MyOfferLabel" Anchor="C,C" String="LOC_DIPLOMACY_DEAL_MY_OFFER" Style="DiplomacyIntelHeader" Offset="0,2"/>
                                        </Container>
                                        <Container Size="257,parent" Anchor="R,T">
                                            <Label ID="TheirOfferLabel" Anchor="C,C" String="LOC_DIPLOMACY_DEAL_THEIR_OFFER" Style="DiplomacyIntelHeader" Offset="0,2"/>
                                        </Container>
                                    </Grid>


                                    <!-- Dynamic: Offer area-->
                                    <!-- CQUI : Changed size -->
                                    <Container ID="OfferColumns" Size="parent-12, parent-225" Anchor="C,T">
                                        <Container ID="MyOffer" Size="249,parent" Anchor="L,T">
                                            <!-- CQUI : Changed size -->
                                            <Image Texture="Controls_Gradient" Size="parent, parent" Anchor="L,B" Color="24,47,70,230"/>
                                            <ScrollPanel ID="MyOfferScroll" Size="parent, parent" Vertical="1" AutoScollbar="1">
                                                <ScrollBar Size="15,parent" SliceTextureSize="11,11" SliceCorner="5,5" Anchor="L,B" Color="111,101,94,250" Offset="-6,0" AnchorSide="O,I" Texture="Controls_ScrollBarBacking" StateOffsetIncrement="0,0" Vertical="1">
                                                    <Thumb Size="13,13" Texture="Controls_ScrollBarHandleV_Brown" StateOffsetIncrement="0,0" SliceCorner="6,6" SliceTextureSize="13,13"/>
                                                </ScrollBar>
                                            </ScrollPanel>
                                            <!-- CQUI : Changed offset and size of gradients -->
                                            <Image Texture="Controls_GradientSmall" Size="parent, 22" Offset="0,0" Anchor="L,B" Color="0,0,0,255" FlipY="1"/>
                                            <Image Texture="Controls_GradientSmall" Size="parent, 22" Offset="0,0" Anchor="L,T" Color="0,0,0,255"/>
                                            <GridButton ID="WhatWouldItTakeButton" Offset="0,3" Style="ButtonLightweightSmall" Anchor="C,B" String="LOC_DIPLOMACY_DEAL_WHAT_WOULD_IT_TAKE" WrapWidth="170" FontSize="14" Size="190,25" Hidden="1" ToolTip="LOC_DIPLOMACY_DEAL_WHAT_IT_WILL_TAKE_TOOLTIP"/>
                                        </Container>

                                        <Container ID="TheirOffer" Size="249,parent" Anchor="R,T">
                                            <!-- CQUI : Changed size -->
                                            <Image Texture="Controls_Gradient" Size="parent, parent" Anchor="R,B" Color="24,47,70,230"/>
                                            <ScrollPanel ID="TheirOfferScroll" Size="parent, parent" Vertical="1" AutoScollbar="1">
                                                <ScrollBar Size="15,parent" SliceTextureSize="11,11" SliceCorner="5,5" Anchor="R,B" Color="111,101,94,250" Offset="-6,0" AnchorSide="O,I" Texture="Controls_ScrollBarBacking" StateOffsetIncrement="0,0" Vertical="1">
                                                    <Thumb Size="13,13" Texture="Controls_ScrollBarHandleV_Brown" StateOffsetIncrement="0,0" SliceCorner="6,6" SliceTextureSize="13,13"/>
                                                </ScrollBar>
                                            </ScrollPanel>
                                            <!-- CQUI : Changed offset and size of gradients -->
                                            <Image Texture="Controls_GradientSmall" Size="parent, 22" Offset="0,0" Anchor="R,B" Color="0,0,0,255" FlipY="1"/>
                                            <Image Texture="Controls_GradientSmall" Size="parent, 22" Offset="0,0" Anchor="R,T" Color="0,0,0,255"/>
                                        </Container>
                                    </Container>

                                </Stack>

                            </Container>

                            <!-- CQUI : Added a seprator here, changed the size and the Offset -->
                            <!-- Aesthetics (static): The vertical bar which divides the two areas -->
                            <Container Size="1, parent-23" Offset="1,-5">
                                <Grid Style="Divider3VGrid" Size="7,parent" Anchor="C,B">
                                    <Image Size="10,parent-10" Texture="Controls_GradientSmall" Anchor="R,T" Rotate="270" AnchorSide="O,I" Color="0,0,0,255"/>
                                    <Image Size="10,parent-10" Texture="Controls_GradientSmall" Anchor="L,T" Rotate="90" AnchorSide="O,I" Color="0,0,0,255"/>
                                </Grid>
                            </Container>


                            <Container ID="TheirInventory" Size="249,parent-30" Anchor="R,T">
                                <Image Texture="Controls_Gradient" Size="parent, 150" Offset="0,0" Anchor="R,B" Color="24,47,70,230"/>

                                <!-- CQUI : Added a vertical stack for the inventory -->
                                <Stack ID="OtherPlayerStack" StackGrowth="Down">

                                    <!-- CQUI : Signature area -->
                                    <Stack ID="OtherPlayerSignatureStack" StackGrowth="Right" Offset="5, 15">
                                        <!-- Civ Icon -->
                                        <Container Size="50,50">
                                            <MakeInstance ID="OtherPlayerCivIcon" Name="CivilizationIconShaded44"/>
                                            <Image Texture="Controls_CircleRim50" Size="50,50" Anchor="C,C" Offset="-1,-1" Color="255,255,255,50"/>
                                        </Container>

                                        <Stack ID="OtherPlayerText" Offset="5,0" Anchor="L,C">
                                            <Label ID="OtherPlayerLeaderName" String="TEST" WrapWidth="210" Align="L" Anchor="L,C" Style="FontBoldFlair18" SmallCaps="22" FontStyle="shadow" Color0="130,130,130,255" Color1="0,0,0,150"/>
                                            <Label ID="OtherPlayerCivName" String="EGYPT" WrapWidth="210" Align="L" Anchor="L,C" Style="HeaderSmallCaps" SmallCaps="18" Color0="220,220,220,255" Color1="0,0,0,200"/>
                                        </Stack>
                                    </Stack>

                                    <!-- CQUI : Added an Offset -->
                                    <ScrollPanel ID="TheirInventoryScroll" Size="parent, parent-95" Vertical="1" AutoScollbar="1" Offset="0,30">
                                        <ScrollBar Size="15,parent" SliceTextureSize="11,11" SliceCorner="5,5" Anchor="R,B" Color="111,101,94,250" Offset="-6,0" AnchorSide="O,I" Texture="Controls_ScrollBarBacking" StateOffsetIncrement="0,0" Vertical="1">
                                            <Thumb Size="13,13" Texture="Controls_ScrollBarHandleV_Brown" StateOffsetIncrement="0,0" SliceCorner="6,6" SliceTextureSize="13,13"/>
                                        </ScrollBar>
                                        <Stack ID="TheirInventoryStack" StackGrowth="Right" WrapWidth="240" WrapGrowth="Bottom"/>
                                    </ScrollPanel>
                                </Stack>

                                <!-- CQUI : Changed offset and size of gradients -->
                                <Image Texture="Controls_GradientSmall" Size="parent, 22" Offset="0,0" Anchor="L,B" Color="0,0,0,255" FlipY="1"/>
                                <Image Texture="Controls_GradientSmall" Size="parent, 22" Offset="0,0" Anchor="L,T" Color="0,0,0,255"/>
                            </Container>

                            <!-- CQUI : hide the unused controls -->
                            <!-- Dynamic: Inventory area-->
                            <Container ID="InventoryColumns" Size="parent-12, parent-391" Anchor="C,T" Hidden="1">
                                <!--Drag Resize Button-->
                                <Button ID="DragButton" Texture="Controls_DealResizeButton" Size="50,48" Anchor="C,B" Offset="2,0" ToolTip="LOC_DIPLOMACY_DRAG_BUTTON_TOOLTIP">
                                    <Drag ID="DragSizer" Size="parent,parent" Buttons="L" SnapBackSpeed="0" DragThreshold="0"/>
                                </Button>
                            </Container>

                        </Stack>
                        <!--End of Content Stack-->
                        <Image Texture="Controls_Deco2" Size="41,26" Anchor="C,B"/>
                    </Grid>

                    <!-- Value Edit Popup -->
                    <Box ID="ValueEditPopupBackground" Size="parent,parent" Color="0,0,0,200" ConsumeMouse="1" Hidden="1">
                        <Grid ID="ValueEditPopup" Style="DiplomacyInfoWindowGrid" Anchor="C,T" Size="300,auto" AutoSizePadding="0,13" Offset="0,200">

                            <Stack StackPadding="4">
                                <!-- Header -->
                                <Grid Size="parent, 38" Style="DiplomacyTitleBarGrid">
                                    <Label ID="ValueEditHeaderLabel" Anchor="C,C" Style="DiplomacyIntelHeader" Offset="0,2"/>
                                </Grid>

                                <!-- Value Stack -->
                                <ScrollPanel ID="ValueEditScrollPanel" Size="parent,200" Vertical="1" AutoScollbar="1">
                                    <ScrollBar Size="15,parent" SliceTextureSize="11,11" SliceCorner="5,5" Anchor="R,B" Color="111,101,94,250" Offset="0,0" AnchorSide="I,I" Texture="Controls_ScrollBarBacking" StateOffsetIncrement="0,0" Vertical="1">
                                        <Thumb Size="13,13" Texture="Controls_ScrollBarHandleV_Brown" StateOffsetIncrement="0,0" SliceCorner="6,6" SliceTextureSize="13,13"/>
                                    </ScrollBar>

                                    <Stack ID="ValueEditStack" Anchor="C,T" StackPadding="4">
                                        <!-- Icon and/or Text -->
                                        <GridButton ID="ValueEditIconGrid" Style="ButtonDraggableGrid" Size="auto,56" AutoSizePadding="2,0" Anchor="C,T" States="1">
                                            <Stack Anchor="C,T" StackGrowth="Right">
                                                <Container Size="44, parent">
                                                    <Image ID="ValueEditIcon" StretchMode="None" Size="44,44" Anchor="C,C"/>
                                                    <Label ID="ValueEditAmountText" Anchor="R,B" Style="FontNormalBold12" Offset="24,-9" FontStyle="Stroke"/>
                                                </Container>
                                                <Stack StackGrowth="Bottom" Anchor="L,C">
                                                    <Label ID="ValueEditValueText" Size="parent,0" Offset="0,0" Style="FontNormalBold12" FontStyle="Stroke"/>
                                                </Stack>
                                            </Stack>
                                        </GridButton>

                                        <!-- Integer Modifying Box -->
                                        <Container ID="ValueAmountEditBoxContainer" Size="155,34" Anchor="C,T">
                                            <Grid Style="DropShadow3" Size="parent,50"/>
                                            <Grid Anchor="C,C" Texture="Controls_WindowLight" SliceTextureSize="34,34" SliceCorner="17,17" Size="parent-30,34">
                                                <Grid Anchor="C,C" Texture="Controls_TextArea" SliceTextureSize="22,22" SliceCorner="11,20" Size="parent-20,24">
                                                    <EditBox ID="ValueAmountEditBox" Style="FontNormalBold16" FontStyle="Stroke" NumberInput="1" EditMode="1" Size="parent-5,parent" Anchor="C,C" MaxLength="11" ConsumeMouse="1" HighlightColor="25,120,154,200"/>
                                                    <Button ID="ValueAmountEditLeftButton" Style="ArrowButtonLeft" Anchor="L,C" AnchorSide="O,I"/>
                                                    <Button ID="ValueAmountEditRightButton" Style="ArrowButtonRight" Anchor="R,C" AnchorSide="O,I"/>
                                                </Grid>
                                            </Grid>
                                        </Container>
                                    </Stack>
                                </ScrollPanel>

                                <!-- Value Edit Confirm/Back Button -->
                                <GridButton ID="ValueEditButton" Anchor="C,B" Size="200,41" Style="MainButton" String="LOC_BACK"/>

                                <!-- Footer -->
                                <Grid Style="Divider4Grid" Size="parent-2,10" Anchor="C,B" Hidden="1"/>
                            </Stack>
                        </Grid>
                    </Box>

                    <!--End of Window Grid-->
                    <Grid Style="DiplomacyBannerFooter" Size="parent,32" Anchor="L,B"/>
                </Image>

                <!-- End of Banner Image -->
            </SlideAnim>
        </AlphaAnim>

        <!-- The yields -->
        <AlphaAnim ID="YieldAlpha" Size="parent,parent" AlphaBegin="0" AlphaEnd="1" Cycle="Once" Speed="3" Function="Root" Stopped="1">
            <SlideAnim ID="YieldSlide" Size="parent,parent" Start="0,-30" End="0,0" Cycle="Once" Speed="3" Function="Root" Stopped="1">
                <Stack ID="YieldStack" Offset="10,0" StackGrowth="Right" Padding="2" Anchor="R,T">
                    <GridButton ID="ScienceBacking" Size="auto,24" Style="YieldBacking" Color="24,156,216,150">
                        <Stack ID="ScienceStack" Anchor="L,C" Offset="0,2" StackGrowth="Right">
                            <Label Anchor="L,B" Offset="0,4" String="[ICON_ScienceLarge]" />
                            <Label ID="SciencePerTurn" Anchor="C,T" Style="FontNormal18" ColorSet="ResScienceLabelCS" FontStyle="Stroke" String="0" />
                        </Stack>
                    </GridButton>
                    <GridButton ID="CultureBacking" Size="auto,24" Style="YieldBacking" Color="254,42,237,100">
                        <Stack ID="CultureStack" Anchor="L,C" Offset="0,2" StackGrowth="Right">
                            <Label Anchor="L,B" Offset="0,4" String="[ICON_CultureLarge]" />
                            <Label ID="CulturePerTurn" Anchor="C,T" Style="FontNormal18" ColorSet="ResCultureLabelCS" FontStyle="Stroke" String="0" />
                        </Stack>
                    </GridButton>
                    <GridButton ID="FaithBacking" Size="auto,24" Style="YieldBacking" Color="99,114,159,200">
                        <Stack ID="FaithStack" Anchor="L,C" Offset="0,2" StackGrowth="Right">
                            <Label Anchor="L,B" Offset="0,4" String="[ICON_FaithLarge]" />
                            <Label ID="FaithBalance" Anchor="C,T" Style="FontNormal18" ColorSet="ResFaithLabelCS" String="?" />
                            <Label ID="FaithPerTurn" Offset="2,-2" Style="FontNormal14" ColorSet="ResFaithLabelCS" FontStyle="Stroke" String="0" />
                        </Stack>
                    </GridButton>
                    <Grid ID="GoldBacking" Size="auto,24" Style="YieldBacking" Color="185,176,70,150">
                        <Stack ID="GoldStack" Anchor="L,C" Offset="0,2" StackGrowth="Right">
                            <Label Anchor="L,B" Offset="0,4" String="[ICON_GoldLarge]" />
                            <Label ID="GoldBalance" Anchor="C,T" Style="FontNormal18" ColorSet="ResGoldLabelCS" String="?" />
                            <Label ID="GoldPerTurn" Offset="2,-2" Style="FontNormal14" ColorSet="ResGoldLabelCS" FontStyle="Stroke" String="0" />
                        </Stack>
                    </Grid>
                    <Stack ID="TradeStack" Anchor="L,C" Offset="0,2" StackGrowth="Right" Hidden="1">
                        <Label Anchor="L,C" Style="FontNormal10" ColorSet="ResGoldLabelCS" String="[ICON_TradeRouteLarge]" ToolTip="$Outgoing Trade Routes (Active / Capacity)$" />
                        <Label ID="TradeRoutesActive" Offset="0,-1" Style="FontNormal14" ColorSet="TopBarValueCS" String="?" WrapWidth="45" />
                        <Label Offset="0,-1" Style="FontNormal14" ColorSet="TopBarValueCS" String="/" WrapWidth="45" />
                        <Label ID="TradeRoutesCapacity" Offset="0,-1" Style="FontNormal14" ColorSet="TopBarValueCS" String="?" WrapWidth="45" />
                    </Stack>
                </Stack>
            </SlideAnim>
        </AlphaAnim>

    </Container>

    <!-- Dialog Support-->
    <MakeInstance Name="PopupDialog" />

</Context>
