﻿<?xml version="1.0" encoding="utf-8"?>
<!--
 Real Great People
 Author: Infixo
 2017-03-23 till 2017-04-13: Version 1 created
 2018-02-09: Updated for Rise&Fall - Timur and Magellan added, R&F changes to UI
 2020-11-20: Updated for Babylon Pack (24 new GPs)
-->
<GameInfo>
<IconTextureAtlases>
<!-- Each Individual has its own Atlas with 1 Portrait in it -->
<Row Name="ICON_ATLAS_GREAT_PERSON_INDIVIDUAL_ABDUS_SALAM" IconSize="160" IconsPerRow="1" IconsPerColumn="1" Filename="RGP_ABDUS_SALAM.dds" />
<Row Name="ICON_ATLAS_GREAT_PERSON_INDIVIDUAL_ABU_AL_QASIM_AL_ZAHRAWI" IconSize="160" IconsPerRow="1" IconsPerColumn="1" Filename="RGP_ABU_AL_QASIM_AL_ZAHRAWI.dds" />
<Row Name="ICON_ATLAS_GREAT_PERSON_INDIVIDUAL_ADA_LOVELACE" IconSize="160" IconsPerRow="1" IconsPerColumn="1" Filename="RGP_ADA_LOVELACE.dds" />
<Row Name="ICON_ATLAS_GREAT_PERSON_INDIVIDUAL_ADAM_SMITH" IconSize="160" IconsPerRow="1" IconsPerColumn="1" Filename="RGP_ADAM_SMITH.dds" />
<Row Name="ICON_ATLAS_GREAT_PERSON_INDIVIDUAL_ADI_SHANKARA" IconSize="160" IconsPerRow="1" IconsPerColumn="1" Filename="RGP_ADI_SHANKARA.dds" />
<Row Name="ICON_ATLAS_GREAT_PERSON_INDIVIDUAL_AETHELFLAED" IconSize="160" IconsPerRow="1" IconsPerColumn="1" Filename="RGP_AETHELFLAED.dds" />
<Row Name="ICON_ATLAS_GREAT_PERSON_INDIVIDUAL_AHMAD_SHAH_MASSOUD" IconSize="160" IconsPerRow="1" IconsPerColumn="1" Filename="RGP_AHMAD_SHAH_MASSOUD.dds" />
<Row Name="ICON_ATLAS_GREAT_PERSON_INDIVIDUAL_ALAN_TURING" IconSize="160" IconsPerRow="1" IconsPerColumn="1" Filename="RGP_ALAN_TURING.dds" />
<Row Name="ICON_ATLAS_GREAT_PERSON_INDIVIDUAL_ALBERT_EINSTEIN" IconSize="160" IconsPerRow="1" IconsPerColumn="1" Filename="RGP_ALBERT_EINSTEIN.dds" />
<Row Name="ICON_ATLAS_GREAT_PERSON_INDIVIDUAL_ALEXANDER_PUSHKIN" IconSize="160" IconsPerRow="1" IconsPerColumn="1" Filename="RGP_ALEXANDER_PUSHKIN.dds" />
<Row Name="ICON_ATLAS_GREAT_PERSON_INDIVIDUAL_ALFRED_NOBEL" IconSize="160" IconsPerRow="1" IconsPerColumn="1" Filename="RGP_ALFRED_NOBEL.dds" />
<Row Name="ICON_ATLAS_GREAT_PERSON_INDIVIDUAL_ALVAR_AALTO" IconSize="160" IconsPerRow="1" IconsPerColumn="1" Filename="RGP_ALVAR_AALTO.dds" />
<Row Name="ICON_ATLAS_GREAT_PERSON_INDIVIDUAL_AMRITA_SHER_GIL" IconSize="160" IconsPerRow="1" IconsPerColumn="1" Filename="RGP_AMRITA_SHER_GIL.dds" />
<Row Name="ICON_ATLAS_GREAT_PERSON_INDIVIDUAL_ANA_NZINGA" IconSize="160" IconsPerRow="1" IconsPerColumn="1" Filename="RGP_ANA_NZINGA.dds" />
<Row Name="ICON_ATLAS_GREAT_PERSON_INDIVIDUAL_ANDREY_RUBLEV" IconSize="160" IconsPerRow="1" IconsPerColumn="1" Filename="RGP_ANDREY_RUBLEV.dds" />
<Row Name="ICON_ATLAS_GREAT_PERSON_INDIVIDUAL_ANGELICA_KAUFFMAN" IconSize="160" IconsPerRow="1" IconsPerColumn="1" Filename="RGP_ANGELICA_KAUFFMAN.dds" />
<Row Name="ICON_ATLAS_GREAT_PERSON_INDIVIDUAL_ANTONIN_DVORAK" IconSize="160" IconsPerRow="1" IconsPerColumn="1" Filename="RGP_ANTONIN_DVORAK.dds" />
<Row Name="ICON_ATLAS_GREAT_PERSON_INDIVIDUAL_ANTONIO_CARLOS_GOMEZ" IconSize="160" IconsPerRow="1" IconsPerColumn="1" Filename="RGP_ANTONIO_CARLOS_GOMEZ.dds" />
<Row Name="ICON_ATLAS_GREAT_PERSON_INDIVIDUAL_ANTONIO_VIVALDI" IconSize="160" IconsPerRow="1" IconsPerColumn="1" Filename="RGP_ANTONIO_VIVALDI.dds" />
<Row Name="ICON_ATLAS_GREAT_PERSON_INDIVIDUAL_ARTEMISIA" IconSize="160" IconsPerRow="1" IconsPerColumn="1" Filename="RGP_ARTEMISIA.dds" />
<Row Name="ICON_ATLAS_GREAT_PERSON_INDIVIDUAL_ARYABHATA" IconSize="160" IconsPerRow="1" IconsPerColumn="1" Filename="RGP_ARYABHATA.dds" />
<Row Name="ICON_ATLAS_GREAT_PERSON_INDIVIDUAL_BEATRIX_POTTER" IconSize="160" IconsPerRow="1" IconsPerColumn="1" Filename="RGP_BEATRIX_POTTER.dds" />
<Row Name="ICON_ATLAS_GREAT_PERSON_INDIVIDUAL_BHASA" IconSize="160" IconsPerRow="1" IconsPerColumn="1" Filename="RGP_BHASA.dds" />
<Row Name="ICON_ATLAS_GREAT_PERSON_INDIVIDUAL_BI_SHENG" IconSize="160" IconsPerRow="1" IconsPerColumn="1" Filename="RGP_BI_SHENG.dds" />
<Row Name="ICON_ATLAS_GREAT_PERSON_INDIVIDUAL_BODHIDHARMA" IconSize="160" IconsPerRow="1" IconsPerColumn="1" Filename="RGP_BODHIDHARMA.dds" />
<Row Name="ICON_ATLAS_GREAT_PERSON_INDIVIDUAL_BORIS_ORLOVSKY" IconSize="160" IconsPerRow="1" IconsPerColumn="1" Filename="RGP_BORIS_ORLOVSKY.dds" />
<Row Name="ICON_ATLAS_GREAT_PERSON_INDIVIDUAL_BOUDICA" IconSize="160" IconsPerRow="1" IconsPerColumn="1" Filename="RGP_BOUDICA.dds" />
<Row Name="ICON_ATLAS_GREAT_PERSON_INDIVIDUAL_CARL_SAGAN" IconSize="160" IconsPerRow="1" IconsPerColumn="1" Filename="RGP_CARL_SAGAN.dds" />
<Row Name="ICON_ATLAS_GREAT_PERSON_INDIVIDUAL_CHARLES_CORREA" IconSize="160" IconsPerRow="1" IconsPerColumn="1" Filename="RGP_CHARLES_CORREA.dds" />
<Row Name="ICON_ATLAS_GREAT_PERSON_INDIVIDUAL_CHARLES_DARWIN" IconSize="160" IconsPerRow="1" IconsPerColumn="1" Filename="RGP_CHARLES_DARWIN.dds" />
<Row Name="ICON_ATLAS_GREAT_PERSON_INDIVIDUAL_CHESTER_NIMITZ" IconSize="160" IconsPerRow="1" IconsPerColumn="1" Filename="RGP_CHESTER_NIMITZ.dds" />
<Row Name="ICON_ATLAS_GREAT_PERSON_INDIVIDUAL_CHING_SHIH" IconSize="160" IconsPerRow="1" IconsPerColumn="1" Filename="RGP_CHING_SHIH.dds" />
<Row Name="ICON_ATLAS_GREAT_PERSON_INDIVIDUAL_CLANCY_FERNANDO" IconSize="160" IconsPerRow="1" IconsPerColumn="1" Filename="RGP_CLANCY_FERNANDO.dds" />
<Row Name="ICON_ATLAS_GREAT_PERSON_INDIVIDUAL_CLARA_SCHUMANN" IconSize="160" IconsPerRow="1" IconsPerColumn="1" Filename="RGP_CLARA_SCHUMANN.dds" />
<Row Name="ICON_ATLAS_GREAT_PERSON_INDIVIDUAL_CLAUDE_MONET" IconSize="160" IconsPerRow="1" IconsPerColumn="1" Filename="RGP_CLAUDE_MONET.dds" />
<Row Name="ICON_ATLAS_GREAT_PERSON_INDIVIDUAL_COLAEUS" IconSize="160" IconsPerRow="1" IconsPerColumn="1" Filename="RGP_COLAEUS.dds" />
<Row Name="ICON_ATLAS_GREAT_PERSON_INDIVIDUAL_CONFUCIUS" IconSize="160" IconsPerRow="1" IconsPerColumn="1" Filename="RGP_CONFUCIUS.dds" />
<Row Name="ICON_ATLAS_GREAT_PERSON_INDIVIDUAL_DANDARA" IconSize="160" IconsPerRow="1" IconsPerColumn="1" Filename="RGP_DANDARA.dds" />
<Row Name="ICON_ATLAS_GREAT_PERSON_INDIVIDUAL_DIMITRIE_CANTEMIR" IconSize="160" IconsPerRow="1" IconsPerColumn="1" Filename="RGP_DIMITRIE_CANTEMIR.dds" />
<Row Name="ICON_ATLAS_GREAT_PERSON_INDIVIDUAL_DMITRI_MENDELEEV" IconSize="160" IconsPerRow="1" IconsPerColumn="1" Filename="RGP_DMITRI_MENDELEEV.dds" />
<Row Name="ICON_ATLAS_GREAT_PERSON_INDIVIDUAL_DONATELLO" IconSize="160" IconsPerRow="1" IconsPerColumn="1" Filename="RGP_DONATELLO.dds" />
<Row Name="ICON_ATLAS_GREAT_PERSON_INDIVIDUAL_DOUGLAS_MACARTHUR" IconSize="160" IconsPerRow="1" IconsPerColumn="1" Filename="RGP_DOUGLAS_MACARTHUR.dds" />
<Row Name="ICON_ATLAS_GREAT_PERSON_INDIVIDUAL_DWIGHT_EISENHOWER" IconSize="160" IconsPerRow="1" IconsPerColumn="1" Filename="RGP_DWIGHT_EISENHOWER.dds" />
<Row Name="ICON_ATLAS_GREAT_PERSON_INDIVIDUAL_EDGAR_ALLEN_POE" IconSize="160" IconsPerRow="1" IconsPerColumn="1" Filename="RGP_EDGAR_ALLEN_POE.dds" />
<Row Name="ICON_ATLAS_GREAT_PERSON_INDIVIDUAL_EDMONIA_LEWIS" IconSize="160" IconsPerRow="1" IconsPerColumn="1" Filename="RGP_EDMONIA_LEWIS.dds" />
<Row Name="ICON_ATLAS_GREAT_PERSON_INDIVIDUAL_EL_CID" IconSize="160" IconsPerRow="1" IconsPerColumn="1" Filename="RGP_EL_CID.dds" />
<Row Name="ICON_ATLAS_GREAT_PERSON_INDIVIDUAL_EL_GRECO" IconSize="160" IconsPerRow="1" IconsPerColumn="1" Filename="RGP_EL_GRECO.dds" />
<Row Name="ICON_ATLAS_GREAT_PERSON_INDIVIDUAL_EMILIE_DU_CHATELET" IconSize="160" IconsPerRow="1" IconsPerColumn="1" Filename="RGP_EMILIE_DU_CHATELET.dds" />
<Row Name="ICON_ATLAS_GREAT_PERSON_INDIVIDUAL_EMILY_DICKINSON" IconSize="160" IconsPerRow="1" IconsPerColumn="1" Filename="RGP_EMILY_DICKINSON.dds" />
<Row Name="ICON_ATLAS_GREAT_PERSON_INDIVIDUAL_ERWIN_SCHRODINGER" IconSize="160" IconsPerRow="1" IconsPerColumn="1" Filename="RGP_ERWIN_SCHRODINGER.dds" />
<Row Name="ICON_ATLAS_GREAT_PERSON_INDIVIDUAL_ESTEE_LAUDER" IconSize="160" IconsPerRow="1" IconsPerColumn="1" Filename="RGP_ESTEE_LAUDER.dds" />
<Row Name="ICON_ATLAS_GREAT_PERSON_INDIVIDUAL_EUCLID" IconSize="160" IconsPerRow="1" IconsPerColumn="1" Filename="RGP_EUCLID.dds" />
<Row Name="ICON_ATLAS_GREAT_PERSON_INDIVIDUAL_F_SCOTT_FITZGERALD" IconSize="160" IconsPerRow="1" IconsPerColumn="1" Filename="RGP_F_SCOTT_FITZGERALD.dds" />
<Row Name="ICON_ATLAS_GREAT_PERSON_INDIVIDUAL_FERDINAND_MAGELLAN" IconSize="160" IconsPerRow="1" IconsPerColumn="1" Filename="RGP_FERDINAND_MAGELLAN.dds" />
<Row Name="ICON_ATLAS_GREAT_PERSON_INDIVIDUAL_FILIPPO_BRUNELLESCHI" IconSize="160" IconsPerRow="1" IconsPerColumn="1" Filename="RGP_FILIPPO_BRUNELLESCHI.dds" />
<Row Name="ICON_ATLAS_GREAT_PERSON_INDIVIDUAL_FRANCIS_DRAKE" IconSize="160" IconsPerRow="1" IconsPerColumn="1" Filename="RGP_FRANCIS_DRAKE.dds" />
<Row Name="ICON_ATLAS_GREAT_PERSON_INDIVIDUAL_FRANCIS_OF_ASSISI" IconSize="160" IconsPerRow="1" IconsPerColumn="1" Filename="RGP_FRANCIS_OF_ASSISI.dds" />
<Row Name="ICON_ATLAS_GREAT_PERSON_INDIVIDUAL_FRANZ_LISZT" IconSize="160" IconsPerRow="1" IconsPerColumn="1" Filename="RGP_FRANZ_LISZT.dds" />
<Row Name="ICON_ATLAS_GREAT_PERSON_INDIVIDUAL_FRANZ_VON_HIPPER" IconSize="160" IconsPerRow="1" IconsPerColumn="1" Filename="RGP_FRANZ_VON_HIPPER.dds" />
<Row Name="ICON_ATLAS_GREAT_PERSON_INDIVIDUAL_FREDERIC_CHOPIN" IconSize="160" IconsPerRow="1" IconsPerColumn="1" Filename="RGP_FREDERIC_CHOPIN.dds" />
<Row Name="ICON_ATLAS_GREAT_PERSON_INDIVIDUAL_GABRIELA_MISTRAL" IconSize="160" IconsPerRow="1" IconsPerColumn="1" Filename="RGP_GABRIELA_MISTRAL.dds" />
<Row Name="ICON_ATLAS_GREAT_PERSON_INDIVIDUAL_GAIUS_DUILIUS" IconSize="160" IconsPerRow="1" IconsPerColumn="1" Filename="RGP_GAIUS_DUILIUS.dds" />
<Row Name="ICON_ATLAS_GREAT_PERSON_INDIVIDUAL_GALILEO_GALILEI" IconSize="160" IconsPerRow="1" IconsPerColumn="1" Filename="RGP_GALILEO_GALILEI.dds" />
<Row Name="ICON_ATLAS_GREAT_PERSON_INDIVIDUAL_GAUHAR_JAAN" IconSize="160" IconsPerRow="1" IconsPerColumn="1" Filename="RGP_GAUHAR_JAAN.dds" />
<Row Name="ICON_ATLAS_GREAT_PERSON_INDIVIDUAL_GEOFFREY_CHAUCER" IconSize="160" IconsPerRow="1" IconsPerColumn="1" Filename="RGP_GEOFFREY_CHAUCER.dds" />
<Row Name="ICON_ATLAS_GREAT_PERSON_INDIVIDUAL_GENGHIS_KHAN" IconSize="160" IconsPerRow="1" IconsPerColumn="1" Filename="RGP_GENGHIS_KHAN.dds" />
<Row Name="ICON_ATLAS_GREAT_PERSON_INDIVIDUAL_GEORGY_ZHUKOV" IconSize="160" IconsPerRow="1" IconsPerColumn="1" Filename="RGP_GEORGY_ZHUKOV.dds" />
<Row Name="ICON_ATLAS_GREAT_PERSON_INDIVIDUAL_GIOVANNI_DE_MEDICI" IconSize="160" IconsPerRow="1" IconsPerColumn="1" Filename="RGP_GIOVANNI_DE_MEDICI.dds" />
<Row Name="ICON_ATLAS_GREAT_PERSON_INDIVIDUAL_GRACE_HOPPER" IconSize="160" IconsPerRow="1" IconsPerColumn="1" Filename="RGP_GRACE_HOPPER.dds" />
<Row Name="ICON_ATLAS_GREAT_PERSON_INDIVIDUAL_GUSTAV_KLIMT" IconSize="160" IconsPerRow="1" IconsPerColumn="1" Filename="RGP_GUSTAV_KLIMT.dds" />
<Row Name="ICON_ATLAS_GREAT_PERSON_INDIVIDUAL_GUSTAVE_EIFFEL" IconSize="160" IconsPerRow="1" IconsPerColumn="1" Filename="RGP_GUSTAVE_EIFFEL.dds" />
<Row Name="ICON_ATLAS_GREAT_PERSON_INDIVIDUAL_GUSTAVUS_ADOLPHUS" IconSize="160" IconsPerRow="1" IconsPerColumn="1" Filename="RGP_GUSTAVUS_ADOLPHUS.dds" />
<Row Name="ICON_ATLAS_GREAT_PERSON_INDIVIDUAL_HAJI_HUUD" IconSize="160" IconsPerRow="1" IconsPerColumn="1" Filename="RGP_HAJI_HUUD.dds" />
<Row Name="ICON_ATLAS_GREAT_PERSON_INDIVIDUAL_HANNIBAL_BARCA" IconSize="160" IconsPerRow="1" IconsPerColumn="1" Filename="RGP_HANNIBAL_BARCA.dds" />
<Row Name="ICON_ATLAS_GREAT_PERSON_INDIVIDUAL_HANNO_THE_NAVIGATOR" IconSize="160" IconsPerRow="1" IconsPerColumn="1" Filename="RGP_HANNO_THE_NAVIGATOR.dds" />
<Row Name="ICON_ATLAS_GREAT_PERSON_INDIVIDUAL_HASEGAWA_TOHAKU" IconSize="160" IconsPerRow="1" IconsPerColumn="1" Filename="RGP_HASEGAWA_TOHAKU.dds" />
<Row Name="ICON_ATLAS_GREAT_PERSON_INDIVIDUAL_HELENA_RUBINSTEIN" IconSize="160" IconsPerRow="1" IconsPerColumn="1" Filename="RGP_HELENA_RUBINSTEIN.dds" />
<Row Name="ICON_ATLAS_GREAT_PERSON_INDIVIDUAL_HG_WELLS" IconSize="160" IconsPerRow="1" IconsPerColumn="1" Filename="RGP_HG_WELLS.dds" />
<Row Name="ICON_ATLAS_GREAT_PERSON_INDIVIDUAL_HIERONYMUS_BOSCH" IconSize="160" IconsPerRow="1" IconsPerColumn="1" Filename="RGP_HIERONYMUS_BOSCH.dds" />
<Row Name="ICON_ATLAS_GREAT_PERSON_INDIVIDUAL_HILDEGARD_OF_BINGEN" IconSize="160" IconsPerRow="1" IconsPerColumn="1" Filename="RGP_HILDEGARD_OF_BINGEN.dds" />
<Row Name="ICON_ATLAS_GREAT_PERSON_INDIVIDUAL_HIMERIOS" IconSize="160" IconsPerRow="1" IconsPerColumn="1" Filename="RGP_HIMERIOS.dds" />
<Row Name="ICON_ATLAS_GREAT_PERSON_INDIVIDUAL_HOMER" IconSize="160" IconsPerRow="1" IconsPerColumn="1" Filename="RGP_HOMER.dds" />
<Row Name="ICON_ATLAS_GREAT_PERSON_INDIVIDUAL_HORATIO_NELSON" IconSize="160" IconsPerRow="1" IconsPerColumn="1" Filename="RGP_HORATIO_NELSON.dds" />
<Row Name="ICON_ATLAS_GREAT_PERSON_INDIVIDUAL_HYPATIA" IconSize="160" IconsPerRow="1" IconsPerColumn="1" Filename="RGP_HYPATIA.dds" />
<Row Name="ICON_ATLAS_GREAT_PERSON_INDIVIDUAL_IBN_FADLAN" IconSize="160" IconsPerRow="1" IconsPerColumn="1" Filename="RGP_IBN_FADLAN.dds" />
<Row Name="ICON_ATLAS_GREAT_PERSON_INDIVIDUAL_IBN_KHALDUN" IconSize="160" IconsPerRow="1" IconsPerColumn="1" Filename="RGP_IBN_KHALDUN.dds" />
<Row Name="ICON_ATLAS_GREAT_PERSON_INDIVIDUAL_IMHOTEP" IconSize="160" IconsPerRow="1" IconsPerColumn="1" Filename="RGP_IMHOTEP.dds" />
<Row Name="ICON_ATLAS_GREAT_PERSON_INDIVIDUAL_IRENAEUS" IconSize="160" IconsPerRow="1" IconsPerColumn="1" Filename="RGP_IRENAEUS.dds" />
<Row Name="ICON_ATLAS_GREAT_PERSON_INDIVIDUAL_IRENE_OF_ATHENS" IconSize="160" IconsPerRow="1" IconsPerColumn="1" Filename="RGP_IRENE_OF_ATHENS.dds" />
<Row Name="ICON_ATLAS_GREAT_PERSON_INDIVIDUAL_ISAAC_NEWTON" IconSize="160" IconsPerRow="1" IconsPerColumn="1" Filename="RGP_ISAAC_NEWTON.dds" />
<Row Name="ICON_ATLAS_GREAT_PERSON_INDIVIDUAL_ISIDORE_OF_MILETUS" IconSize="160" IconsPerRow="1" IconsPerColumn="1" Filename="RGP_ISIDORE_OF_MILETUS.dds" />
<Row Name="ICON_ATLAS_GREAT_PERSON_INDIVIDUAL_JAKOB_FUGGER" IconSize="160" IconsPerRow="1" IconsPerColumn="1" Filename="RGP_JAKOB_FUGGER.dds" />
<Row Name="ICON_ATLAS_GREAT_PERSON_INDIVIDUAL_JAMES_JOYCE" IconSize="160" IconsPerRow="1" IconsPerColumn="1" Filename="RGP_JAMES_JOYCE.dds" />
<Row Name="ICON_ATLAS_GREAT_PERSON_INDIVIDUAL_JAMES_OF_ST_GEORGE" IconSize="160" IconsPerRow="1" IconsPerColumn="1" Filename="RGP_JAMES_OF_ST_GEORGE.dds" />
<Row Name="ICON_ATLAS_GREAT_PERSON_INDIVIDUAL_JAMES_WATT" IconSize="160" IconsPerRow="1" IconsPerColumn="1" Filename="RGP_JAMES_WATT.dds" />
<Row Name="ICON_ATLAS_GREAT_PERSON_INDIVIDUAL_JAMES_YOUNG" IconSize="160" IconsPerRow="1" IconsPerColumn="1" Filename="RGP_JAMES_YOUNG.dds" />
<Row Name="ICON_ATLAS_GREAT_PERSON_INDIVIDUAL_JAMSETJI_TATA" IconSize="160" IconsPerRow="1" IconsPerColumn="1" Filename="RGP_JAMSETJI_TATA.dds" />
<Row Name="ICON_ATLAS_GREAT_PERSON_INDIVIDUAL_JANAKI_AMMAL" IconSize="160" IconsPerRow="1" IconsPerColumn="1" Filename="RGP_JANAKI_AMMAL.dds" />
<Row Name="ICON_ATLAS_GREAT_PERSON_INDIVIDUAL_JANE_AUSTEN" IconSize="160" IconsPerRow="1" IconsPerColumn="1" Filename="RGP_JANE_AUSTEN.dds" />
<Row Name="ICON_ATLAS_GREAT_PERSON_INDIVIDUAL_JANE_DREW" IconSize="160" IconsPerRow="1" IconsPerColumn="1" Filename="RGP_JANE_DREW.dds" />
<Row Name="ICON_ATLAS_GREAT_PERSON_INDIVIDUAL_JANG_SEUNG_EOP" IconSize="160" IconsPerRow="1" IconsPerColumn="1" Filename="RGP_JANG_SEUNG_EOP.dds" />
<Row Name="ICON_ATLAS_GREAT_PERSON_INDIVIDUAL_JOAN_OF_ARC" IconSize="160" IconsPerRow="1" IconsPerColumn="1" Filename="RGP_JOAN_OF_ARC.dds" />
<Row Name="ICON_ATLAS_GREAT_PERSON_INDIVIDUAL_JOAQUIM_MARQUES_LISBOA" IconSize="160" IconsPerRow="1" IconsPerColumn="1" Filename="RGP_JOAQUIM_MARQUES_LISBOA.dds" />
<Row Name="ICON_ATLAS_GREAT_PERSON_INDIVIDUAL_JOHANN_SEBASTIAN_BACH" IconSize="160" IconsPerRow="1" IconsPerColumn="1" Filename="RGP_JOHANN_SEBASTIAN_BACH.dds" />
<Row Name="ICON_ATLAS_GREAT_PERSON_INDIVIDUAL_JOHANN_WOLFGANG_VON_GOETHE" IconSize="160" IconsPerRow="1" IconsPerColumn="1" Filename="RGP_JOHANN_WOLFGANG_VON_GOETHE.dds" />
<Row Name="ICON_ATLAS_GREAT_PERSON_INDIVIDUAL_JOHN_A_ROEBLING" IconSize="160" IconsPerRow="1" IconsPerColumn="1" Filename="RGP_JOHN_A_ROEBLING.dds" />
<Row Name="ICON_ATLAS_GREAT_PERSON_INDIVIDUAL_JOHN_JACOB_ASTOR" IconSize="160" IconsPerRow="1" IconsPerColumn="1" Filename="RGP_JOHN_JACOB_ASTOR.dds" />
<Row Name="ICON_ATLAS_GREAT_PERSON_INDIVIDUAL_JOHN_MONASH" IconSize="160" IconsPerRow="1" IconsPerColumn="1" Filename="RGP_JOHN_MONASH.dds" />
<Row Name="ICON_ATLAS_GREAT_PERSON_INDIVIDUAL_JOHN_ROCKEFELLER" IconSize="160" IconsPerRow="1" IconsPerColumn="1" Filename="RGP_JOHN_ROCKEFELLER.dds" />
<Row Name="ICON_ATLAS_GREAT_PERSON_INDIVIDUAL_JOHN_SPILSBURY" IconSize="160" IconsPerRow="1" IconsPerColumn="1" Filename="RGP_JOHN_SPILSBURY.dds" />
<Row Name="ICON_ATLAS_GREAT_PERSON_INDIVIDUAL_JOHN_THE_BAPTIST" IconSize="160" IconsPerRow="1" IconsPerColumn="1" Filename="RGP_JOHN_THE_BAPTIST.dds" />
<Row Name="ICON_ATLAS_GREAT_PERSON_INDIVIDUAL_JOSEPH_PAXTON" IconSize="160" IconsPerRow="1" IconsPerColumn="1" Filename="RGP_JOSEPH_PAXTON.dds" />
<Row Name="ICON_ATLAS_GREAT_PERSON_INDIVIDUAL_JUVENTINO_ROSAS" IconSize="160" IconsPerRow="1" IconsPerColumn="1" Filename="RGP_JUVENTINO_ROSAS.dds" />
<Row Name="ICON_ATLAS_GREAT_PERSON_INDIVIDUAL_KAMAL_UD_DIN_BEHZAD" IconSize="160" IconsPerRow="1" IconsPerColumn="1" Filename="RGP_KAMAL_UD_DIN_BEHZAD.dds" />
<Row Name="ICON_ATLAS_GREAT_PERSON_INDIVIDUAL_KAREL_CAPEK" IconSize="160" IconsPerRow="1" IconsPerColumn="1" Filename="RGP_KAREL_CAPEK.dds" />
<Row Name="ICON_ATLAS_GREAT_PERSON_INDIVIDUAL_KATSUSHIKA_HOKUSAI" IconSize="160" IconsPerRow="1" IconsPerColumn="1" Filename="RGP_KATSUSHIKA_HOKUSAI.dds" />
<Row Name="ICON_ATLAS_GREAT_PERSON_INDIVIDUAL_KENZO_TANGE" IconSize="160" IconsPerRow="1" IconsPerColumn="1" Filename="RGP_KENZO_TANGE.dds" />
<Row Name="ICON_ATLAS_GREAT_PERSON_INDIVIDUAL_LAOZI" IconSize="160" IconsPerRow="1" IconsPerColumn="1" Filename="RGP_LAOZI.dds" />
<Row Name="ICON_ATLAS_GREAT_PERSON_INDIVIDUAL_LASKARINA_BOUBOULINA" IconSize="160" IconsPerRow="1" IconsPerColumn="1" Filename="RGP_LASKARINA_BOUBOULINA.dds" />
<Row Name="ICON_ATLAS_GREAT_PERSON_INDIVIDUAL_LEIF_ERIKSON" IconSize="160" IconsPerRow="1" IconsPerColumn="1" Filename="RGP_LEIF_ERIKSON.dds" />
<Row Name="ICON_ATLAS_GREAT_PERSON_INDIVIDUAL_LEO_TOLSTOY" IconSize="160" IconsPerRow="1" IconsPerColumn="1" Filename="RGP_LEO_TOLSTOY.dds" />
<Row Name="ICON_ATLAS_GREAT_PERSON_INDIVIDUAL_LEONARDO_DA_VINCI" IconSize="160" IconsPerRow="1" IconsPerColumn="1" Filename="RGP_LEONARDO_DA_VINCI.dds" />
<Row Name="ICON_ATLAS_GREAT_PERSON_INDIVIDUAL_LEVI_STRAUSS" IconSize="160" IconsPerRow="1" IconsPerColumn="1" Filename="RGP_LEVI_STRAUSS.dds" />
<Row Name="ICON_ATLAS_GREAT_PERSON_INDIVIDUAL_LI_BAI" IconSize="160" IconsPerRow="1" IconsPerColumn="1" Filename="RGP_LI_BAI.dds" />
<Row Name="ICON_ATLAS_GREAT_PERSON_INDIVIDUAL_LILIUOKALANI" IconSize="160" IconsPerRow="1" IconsPerColumn="1" Filename="RGP_LILIUOKALANI.dds" />
<Row Name="ICON_ATLAS_GREAT_PERSON_INDIVIDUAL_LIU_TIANHUA" IconSize="160" IconsPerRow="1" IconsPerColumn="1" Filename="RGP_LIU_TIANHUA.dds" />
<Row Name="ICON_ATLAS_GREAT_PERSON_INDIVIDUAL_LUDWIG_VAN_BEETHOVEN" IconSize="160" IconsPerRow="1" IconsPerColumn="1" Filename="RGP_LUDWIG_VAN_BEETHOVEN.dds" />
<Row Name="ICON_ATLAS_GREAT_PERSON_INDIVIDUAL_MADHVA_ACHARYA" IconSize="160" IconsPerRow="1" IconsPerColumn="1" Filename="RGP_MADHVA_ACHARYA.dds" />
<Row Name="ICON_ATLAS_GREAT_PERSON_INDIVIDUAL_MARCO_POLO" IconSize="160" IconsPerRow="1" IconsPerColumn="1" Filename="RGP_MARCO_POLO.dds" />
<Row Name="ICON_ATLAS_GREAT_PERSON_INDIVIDUAL_MARCUS_LICINIUS_CRASSUS" IconSize="160" IconsPerRow="1" IconsPerColumn="1" Filename="RGP_MARCUS_LICINIUS_CRASSUS.dds" />
<Row Name="ICON_ATLAS_GREAT_PERSON_INDIVIDUAL_MARGARET_CAVENDISH" IconSize="160" IconsPerRow="1" IconsPerColumn="1" Filename="RGP_MARGARET_CAVENDISH.dds" />
<Row Name="ICON_ATLAS_GREAT_PERSON_INDIVIDUAL_MARGARET_MEAD" IconSize="160" IconsPerRow="1" IconsPerColumn="1" Filename="RGP_MARGARET_MEAD.dds" />
<Row Name="ICON_ATLAS_GREAT_PERSON_INDIVIDUAL_MARIE_ANNE_COLLOT" IconSize="160" IconsPerRow="1" IconsPerColumn="1" Filename="RGP_MARIE_ANNE_COLLOT.dds" />
<Row Name="ICON_ATLAS_GREAT_PERSON_INDIVIDUAL_MARIE_CATHERINE_D_AULNOY" IconSize="160" IconsPerRow="1" IconsPerColumn="1" Filename="RGP_MARIE_CATHERINE_D_AULNOY.dds" />
<Row Name="ICON_ATLAS_GREAT_PERSON_INDIVIDUAL_MARINA_RASKOVA" IconSize="160" IconsPerRow="1" IconsPerColumn="1" Filename="RGP_MARINA_RASKOVA.dds" />
<Row Name="ICON_ATLAS_GREAT_PERSON_INDIVIDUAL_MARK_TWAIN" IconSize="160" IconsPerRow="1" IconsPerColumn="1" Filename="RGP_MARK_TWAIN.dds" />
<Row Name="ICON_ATLAS_GREAT_PERSON_INDIVIDUAL_MARTIN_LUTHER" IconSize="160" IconsPerRow="1" IconsPerColumn="1" Filename="RGP_MARTIN_LUTHER.dds" />
<Row Name="ICON_ATLAS_GREAT_PERSON_INDIVIDUAL_MARY_CASSATT" IconSize="160" IconsPerRow="1" IconsPerColumn="1" Filename="RGP_MARY_CASSATT.dds" />
<Row Name="ICON_ATLAS_GREAT_PERSON_INDIVIDUAL_MARY_KATHERINE_GODDARD" IconSize="160" IconsPerRow="1" IconsPerColumn="1" Filename="RGP_MARY_KATHERINE_GODDARD.dds" />
<Row Name="ICON_ATLAS_GREAT_PERSON_INDIVIDUAL_MARY_LEAKEY" IconSize="160" IconsPerRow="1" IconsPerColumn="1" Filename="RGP_MARY_LEAKEY.dds" />
<Row Name="ICON_ATLAS_GREAT_PERSON_INDIVIDUAL_MARY_SHELLEY" IconSize="160" IconsPerRow="1" IconsPerColumn="1" Filename="RGP_MARY_SHELLEY.dds" />
<Row Name="ICON_ATLAS_GREAT_PERSON_INDIVIDUAL_MASARU_IBUKA" IconSize="160" IconsPerRow="1" IconsPerColumn="1" Filename="RGP_MASARU_IBUKA.dds" />
<Row Name="ICON_ATLAS_GREAT_PERSON_INDIVIDUAL_MATTHEW_PERRY" IconSize="160" IconsPerRow="1" IconsPerColumn="1" Filename="RGP_MATTHEW_PERRY.dds" />
<Row Name="ICON_ATLAS_GREAT_PERSON_INDIVIDUAL_MELITTA_BENTZ" IconSize="160" IconsPerRow="1" IconsPerColumn="1" Filename="RGP_MELITTA_BENTZ.dds" />
<Row Name="ICON_ATLAS_GREAT_PERSON_INDIVIDUAL_MICHELANGELO" IconSize="160" IconsPerRow="1" IconsPerColumn="1" Filename="RGP_MICHELANGELO.dds" />
<Row Name="ICON_ATLAS_GREAT_PERSON_INDIVIDUAL_MIGUEL_DE_CERVANTES" IconSize="160" IconsPerRow="1" IconsPerColumn="1" Filename="RGP_MIGUEL_DE_CERVANTES.dds" />
<Row Name="ICON_ATLAS_GREAT_PERSON_INDIVIDUAL_MIMAR_SINAN" IconSize="160" IconsPerRow="1" IconsPerColumn="1" Filename="RGP_MIMAR_SINAN.dds" />
<Row Name="ICON_ATLAS_GREAT_PERSON_INDIVIDUAL_MURASAKI_SHIKIBU" IconSize="160" IconsPerRow="1" IconsPerColumn="1" Filename="RGP_MURASAKI_SHIKIBU.dds" />
<Row Name="ICON_ATLAS_GREAT_PERSON_INDIVIDUAL_MYKOLA_LEONTOVYCH" IconSize="160" IconsPerRow="1" IconsPerColumn="1" Filename="RGP_MYKOLA_LEONTOVYCH.dds" />
<Row Name="ICON_ATLAS_GREAT_PERSON_INDIVIDUAL_NAPOLEON_BONAPARTE" IconSize="160" IconsPerRow="1" IconsPerColumn="1" Filename="RGP_NAPOLEON_BONAPARTE.dds" />
<Row Name="ICON_ATLAS_GREAT_PERSON_INDIVIDUAL_NICCOLO_MACHIAVELLI" IconSize="160" IconsPerRow="1" IconsPerColumn="1" Filename="RGP_NICCOLO_MACHIAVELLI.dds" />
<Row Name="ICON_ATLAS_GREAT_PERSON_INDIVIDUAL_NIKOLA_TESLA" IconSize="160" IconsPerRow="1" IconsPerColumn="1" Filename="RGP_NIKOLA_TESLA.dds" />
<Row Name="ICON_ATLAS_GREAT_PERSON_INDIVIDUAL_O_NO_YASUMARO" IconSize="160" IconsPerRow="1" IconsPerColumn="1" Filename="RGP_O_NO_YASUMARO.dds" />
<Row Name="ICON_ATLAS_GREAT_PERSON_INDIVIDUAL_OMAR_KHAYYAM" IconSize="160" IconsPerRow="1" IconsPerColumn="1" Filename="RGP_OMAR_KHAYYAM.dds" />
<Row Name="ICON_ATLAS_GREAT_PERSON_INDIVIDUAL_OVID" IconSize="160" IconsPerRow="1" IconsPerColumn="1" Filename="RGP_OVID.dds" />
<Row Name="ICON_ATLAS_GREAT_PERSON_INDIVIDUAL_PETER_ILYICH_TCHAIKOVSKY" IconSize="160" IconsPerRow="1" IconsPerColumn="1" Filename="RGP_PETER_ILYICH_TCHAIKOVSKY.dds" />
<Row Name="ICON_ATLAS_GREAT_PERSON_INDIVIDUAL_PIERO_DE_BARDI" IconSize="160" IconsPerRow="1" IconsPerColumn="1" Filename="RGP_PIERO_DE_BARDI.dds" />
<Row Name="ICON_ATLAS_GREAT_PERSON_INDIVIDUAL_QIU_YING" IconSize="160" IconsPerRow="1" IconsPerColumn="1" Filename="RGP_QIU_YING.dds" />
<Row Name="ICON_ATLAS_GREAT_PERSON_INDIVIDUAL_QU_YUAN" IconSize="160" IconsPerRow="1" IconsPerColumn="1" Filename="RGP_QU_YUAN.dds" />
<Row Name="ICON_ATLAS_GREAT_PERSON_INDIVIDUAL_RABINDRANATH_TAGORE" IconSize="160" IconsPerRow="1" IconsPerColumn="1" Filename="RGP_RABINDRANATH_TAGORE.dds" />
<Row Name="ICON_ATLAS_GREAT_PERSON_INDIVIDUAL_RAJA_TODAR_MAL" IconSize="160" IconsPerRow="1" IconsPerColumn="1" Filename="RGP_RAJA_TODAR_MAL.dds" />
<Row Name="ICON_ATLAS_GREAT_PERSON_INDIVIDUAL_RAJENDRA_CHOLA" IconSize="160" IconsPerRow="1" IconsPerColumn="1" Filename="RGP_RAJENDRA_CHOLA.dds" />
<Row Name="ICON_ATLAS_GREAT_PERSON_INDIVIDUAL_RANI_LAKSHMIBAI" IconSize="160" IconsPerRow="1" IconsPerColumn="1" Filename="RGP_RANI_LAKSHMIBAI.dds" />
<Row Name="ICON_ATLAS_GREAT_PERSON_INDIVIDUAL_REMBRANDT_VAN_RIJN" IconSize="160" IconsPerRow="1" IconsPerColumn="1" Filename="RGP_REMBRANDT_VAN_RIJN.dds" />
<Row Name="ICON_ATLAS_GREAT_PERSON_INDIVIDUAL_ROBERT_GODDARD" IconSize="160" IconsPerRow="1" IconsPerColumn="1" Filename="RGP_ROBERT_GODDARD.dds" />
<Row Name="ICON_ATLAS_GREAT_PERSON_INDIVIDUAL_RUMI" IconSize="160" IconsPerRow="1" IconsPerColumn="1" Filename="RGP_RUMI.dds" />
<Row Name="ICON_ATLAS_GREAT_PERSON_INDIVIDUAL_SAMORI_TURE" IconSize="160" IconsPerRow="1" IconsPerColumn="1" Filename="RGP_SAMORI_TURE.dds" />
<Row Name="ICON_ATLAS_GREAT_PERSON_INDIVIDUAL_SANTA_CRUZ" IconSize="160" IconsPerRow="1" IconsPerColumn="1" Filename="RGP_SANTA_CRUZ.dds" />
<Row Name="ICON_ATLAS_GREAT_PERSON_INDIVIDUAL_SARAH_BREEDLOVE" IconSize="160" IconsPerRow="1" IconsPerColumn="1" Filename="RGP_SARAH_BREEDLOVE.dds" />
<Row Name="ICON_ATLAS_GREAT_PERSON_INDIVIDUAL_SCOTT_JOPLIN" IconSize="160" IconsPerRow="1" IconsPerColumn="1" Filename="RGP_SCOTT_JOPLIN.dds" />
<Row Name="ICON_ATLAS_GREAT_PERSON_INDIVIDUAL_SERGEI_KOROLEV" IconSize="160" IconsPerRow="1" IconsPerColumn="1" Filename="RGP_SERGEI_KOROLEV.dds" />
<Row Name="ICON_ATLAS_GREAT_PERSON_INDIVIDUAL_SERGEY_GORSHKOV" IconSize="160" IconsPerRow="1" IconsPerColumn="1" Filename="RGP_SERGEY_GORSHKOV.dds" />
<Row Name="ICON_ATLAS_GREAT_PERSON_INDIVIDUAL_SHAH_JAHAN" IconSize="160" IconsPerRow="1" IconsPerColumn="1" Filename="RGP_SHAH_JAHAN.dds" />
<Row Name="ICON_ATLAS_GREAT_PERSON_INDIVIDUAL_SIDDHARTHA_GAUTAMA" IconSize="160" IconsPerRow="1" IconsPerColumn="1" Filename="RGP_SIDDHARTHA_GAUTAMA.dds" />
<Row Name="ICON_ATLAS_GREAT_PERSON_INDIVIDUAL_SIMON_BOLIVAR" IconSize="160" IconsPerRow="1" IconsPerColumn="1" Filename="RGP_SIMON_BOLIVAR.dds" />
<Row Name="ICON_ATLAS_GREAT_PERSON_INDIVIDUAL_SIMON_PETER" IconSize="160" IconsPerRow="1" IconsPerColumn="1" Filename="RGP_SIMON_PETER.dds" />
<Row Name="ICON_ATLAS_GREAT_PERSON_INDIVIDUAL_SOFONISBA_ANGUISSOLA" IconSize="160" IconsPerRow="1" IconsPerColumn="1" Filename="RGP_SOFONISBA_ANGUISSOLA.dds" />
<Row Name="ICON_ATLAS_GREAT_PERSON_INDIVIDUAL_SONGTSAN_GAMPO" IconSize="160" IconsPerRow="1" IconsPerColumn="1" Filename="RGP_SONGTSAN_GAMPO.dds" />
<Row Name="ICON_ATLAS_GREAT_PERSON_INDIVIDUAL_STAMFORD_RAFFLES" IconSize="160" IconsPerRow="1" IconsPerColumn="1" Filename="RGP_STAMFORD_RAFFLES.dds" />
<Row Name="ICON_ATLAS_GREAT_PERSON_INDIVIDUAL_STEPHANIE_KWOLEK" IconSize="160" IconsPerRow="1" IconsPerColumn="1" Filename="RGP_STEPHANIE_KWOLEK.dds" />
<Row Name="ICON_ATLAS_GREAT_PERSON_INDIVIDUAL_SUDIRMAN" IconSize="160" IconsPerRow="1" IconsPerColumn="1" Filename="RGP_SUDIRMAN.dds" />
<Row Name="ICON_ATLAS_GREAT_PERSON_INDIVIDUAL_SUN_TZU" IconSize="160" IconsPerRow="1" IconsPerColumn="1" Filename="RGP_SUN_TZU.dds" />
<Row Name="ICON_ATLAS_GREAT_PERSON_INDIVIDUAL_THEMISTOCLES" IconSize="160" IconsPerRow="1" IconsPerColumn="1" Filename="RGP_THEMISTOCLES.dds" />
<Row Name="ICON_ATLAS_GREAT_PERSON_INDIVIDUAL_THOMAS_AQUINAS" IconSize="160" IconsPerRow="1" IconsPerColumn="1" Filename="RGP_THOMAS_AQUINAS.dds" />
<Row Name="ICON_ATLAS_GREAT_PERSON_INDIVIDUAL_TIMUR" IconSize="160" IconsPerRow="1" IconsPerColumn="1" Filename="RGP_TIMUR.dds" />
<Row Name="ICON_ATLAS_GREAT_PERSON_INDIVIDUAL_TITIAN" IconSize="160" IconsPerRow="1" IconsPerColumn="1" Filename="RGP_TITIAN.dds" />
<Row Name="ICON_ATLAS_GREAT_PERSON_INDIVIDUAL_TOGO_HEIHACHIRO" IconSize="160" IconsPerRow="1" IconsPerColumn="1" Filename="RGP_TOGO_HEIHACHIRO.dds" />
<Row Name="ICON_ATLAS_GREAT_PERSON_INDIVIDUAL_TRUNG_TRAC" IconSize="160" IconsPerRow="1" IconsPerColumn="1" Filename="RGP_TRUNG_TRAC.dds" />
<Row Name="ICON_ATLAS_GREAT_PERSON_INDIVIDUAL_TUPAC_AMARU" IconSize="160" IconsPerRow="1" IconsPerColumn="1" Filename="RGP_TUPAC_AMARU.dds" />
<Row Name="ICON_ATLAS_GREAT_PERSON_INDIVIDUAL_VALMIKI" IconSize="160" IconsPerRow="1" IconsPerColumn="1" Filename="RGP_VALMIKI.dds" />
<Row Name="ICON_ATLAS_GREAT_PERSON_INDIVIDUAL_VIJAYA_WIMALARATNE" IconSize="160" IconsPerRow="1" IconsPerColumn="1" Filename="RGP_VIJAYA_WIMALARATNE.dds" />
<Row Name="ICON_ATLAS_GREAT_PERSON_INDIVIDUAL_VINCENT_VAN_GOGH" IconSize="160" IconsPerRow="1" IconsPerColumn="1" Filename="RGP_VINCENT_VAN_GOGH.dds" />
<Row Name="ICON_ATLAS_GREAT_PERSON_INDIVIDUAL_WASSILY_KANDINSKY" IconSize="160" IconsPerRow="1" IconsPerColumn="1" Filename="RGP_WASSILY_KANDINSKY.dds" />
<Row Name="ICON_ATLAS_GREAT_PERSON_INDIVIDUAL_WERNHER_VON_BRAUN" IconSize="160" IconsPerRow="1" IconsPerColumn="1" Filename="RGP_WERNHER_VON_BRAUN.dds" />
<Row Name="ICON_ATLAS_GREAT_PERSON_INDIVIDUAL_WILLIAM_SHAKESPEARE" IconSize="160" IconsPerRow="1" IconsPerColumn="1" Filename="RGP_WILLIAM_SHAKESPEARE.dds" />
<Row Name="ICON_ATLAS_GREAT_PERSON_INDIVIDUAL_WOLFGANG_AMADEUS_MOZART" IconSize="160" IconsPerRow="1" IconsPerColumn="1" Filename="RGP_WOLFGANG_AMADEUS_MOZART.dds" />
<Row Name="ICON_ATLAS_GREAT_PERSON_INDIVIDUAL_YATSUHASHI_KENGYO" IconSize="160" IconsPerRow="1" IconsPerColumn="1" Filename="RGP_YATSUHASHI_KENGYO.dds" />
<Row Name="ICON_ATLAS_GREAT_PERSON_INDIVIDUAL_YI_SUN_SIN" IconSize="160" IconsPerRow="1" IconsPerColumn="1" Filename="RGP_YI_SUN_SIN.dds" />
<Row Name="ICON_ATLAS_GREAT_PERSON_INDIVIDUAL_ZHANG_HENG" IconSize="160" IconsPerRow="1" IconsPerColumn="1" Filename="RGP_ZHANG_HENG.dds" />
<Row Name="ICON_ATLAS_GREAT_PERSON_INDIVIDUAL_ZHANG_QIAN" IconSize="160" IconsPerRow="1" IconsPerColumn="1" Filename="RGP_ZHANG_QIAN.dds" />
<Row Name="ICON_ATLAS_GREAT_PERSON_INDIVIDUAL_ZHENG_HE" IconSize="160" IconsPerRow="1" IconsPerColumn="1" Filename="RGP_ZHENG_HE.dds" />
<Row Name="ICON_ATLAS_GREAT_PERSON_INDIVIDUAL_ZHOU_DAGUAN" IconSize="160" IconsPerRow="1" IconsPerColumn="1" Filename="RGP_ZHOU_DAGUAN.dds" />
<Row Name="ICON_ATLAS_GREAT_PERSON_INDIVIDUAL_ZOROASTER" IconSize="160" IconsPerRow="1" IconsPerColumn="1" Filename="RGP_ZOROASTER.dds" />
</IconTextureAtlases>
<IconDefinitions>
<!-- Admirals -->
<Row Name="ICON_GREAT_PERSON_INDIVIDUAL_ARTEMISIA" 				Atlas="ICON_ATLAS_GREAT_PERSON_INDIVIDUAL_ARTEMISIA" Index="0" />
<Row Name="ICON_GREAT_PERSON_INDIVIDUAL_CHESTER_NIMITZ" 		Atlas="ICON_ATLAS_GREAT_PERSON_INDIVIDUAL_CHESTER_NIMITZ" Index="0" />
<Row Name="ICON_GREAT_PERSON_INDIVIDUAL_CHING_SHIH" 			Atlas="ICON_ATLAS_GREAT_PERSON_INDIVIDUAL_CHING_SHIH" Index="0" />
<Row Name="ICON_GREAT_PERSON_INDIVIDUAL_CLANCY_FERNANDO" 		Atlas="ICON_ATLAS_GREAT_PERSON_INDIVIDUAL_CLANCY_FERNANDO" Index="0" />
<Row Name="ICON_GREAT_PERSON_INDIVIDUAL_FERDINAND_MAGELLAN"		Atlas="ICON_ATLAS_GREAT_PERSON_INDIVIDUAL_FERDINAND_MAGELLAN" Index="0" />
<Row Name="ICON_GREAT_PERSON_INDIVIDUAL_FRANCIS_DRAKE" 			Atlas="ICON_ATLAS_GREAT_PERSON_INDIVIDUAL_FRANCIS_DRAKE" Index="0" />
<Row Name="ICON_GREAT_PERSON_INDIVIDUAL_FRANZ_VON_HIPPER" 		Atlas="ICON_ATLAS_GREAT_PERSON_INDIVIDUAL_FRANZ_VON_HIPPER" Index="0" />
<Row Name="ICON_GREAT_PERSON_INDIVIDUAL_GAIUS_DUILIUS" 			Atlas="ICON_ATLAS_GREAT_PERSON_INDIVIDUAL_GAIUS_DUILIUS" Index="0" />
<Row Name="ICON_GREAT_PERSON_INDIVIDUAL_GRACE_HOPPER" 			Atlas="ICON_ATLAS_GREAT_PERSON_INDIVIDUAL_GRACE_HOPPER" Index="0" />
<Row Name="ICON_GREAT_PERSON_INDIVIDUAL_HANNO_THE_NAVIGATOR"    Atlas="ICON_ATLAS_GREAT_PERSON_INDIVIDUAL_HANNO_THE_NAVIGATOR" Index="0" />
<Row Name="ICON_GREAT_PERSON_INDIVIDUAL_HIMERIOS"               Atlas="ICON_ATLAS_GREAT_PERSON_INDIVIDUAL_HIMERIOS" Index="0" />
<Row Name="ICON_GREAT_PERSON_INDIVIDUAL_HORATIO_NELSON" 		Atlas="ICON_ATLAS_GREAT_PERSON_INDIVIDUAL_HORATIO_NELSON" Index="0" />
<Row Name="ICON_GREAT_PERSON_INDIVIDUAL_JOAQUIM_MARQUES_LISBOA" Atlas="ICON_ATLAS_GREAT_PERSON_INDIVIDUAL_JOAQUIM_MARQUES_LISBOA" Index="0" />
<Row Name="ICON_GREAT_PERSON_INDIVIDUAL_LASKARINA_BOUBOULINA" 	Atlas="ICON_ATLAS_GREAT_PERSON_INDIVIDUAL_LASKARINA_BOUBOULINA" Index="0" />
<Row Name="ICON_GREAT_PERSON_INDIVIDUAL_LEIF_ERIKSON" 			Atlas="ICON_ATLAS_GREAT_PERSON_INDIVIDUAL_LEIF_ERIKSON" Index="0" />
<Row Name="ICON_GREAT_PERSON_INDIVIDUAL_MATTHEW_PERRY"          Atlas="ICON_ATLAS_GREAT_PERSON_INDIVIDUAL_MATTHEW_PERRY" Index="0" />
<Row Name="ICON_GREAT_PERSON_INDIVIDUAL_RAJENDRA_CHOLA" 		Atlas="ICON_ATLAS_GREAT_PERSON_INDIVIDUAL_RAJENDRA_CHOLA" Index="0" />
<Row Name="ICON_GREAT_PERSON_INDIVIDUAL_SANTA_CRUZ" 			Atlas="ICON_ATLAS_GREAT_PERSON_INDIVIDUAL_SANTA_CRUZ" Index="0" />
<Row Name="ICON_GREAT_PERSON_INDIVIDUAL_SERGEY_GORSHKOV" 		Atlas="ICON_ATLAS_GREAT_PERSON_INDIVIDUAL_SERGEY_GORSHKOV" Index="0" />
<Row Name="ICON_GREAT_PERSON_INDIVIDUAL_THEMISTOCLES" 			Atlas="ICON_ATLAS_GREAT_PERSON_INDIVIDUAL_THEMISTOCLES" Index="0" />
<Row Name="ICON_GREAT_PERSON_INDIVIDUAL_TOGO_HEIHACHIRO" 		Atlas="ICON_ATLAS_GREAT_PERSON_INDIVIDUAL_TOGO_HEIHACHIRO" Index="0" />
<Row Name="ICON_GREAT_PERSON_INDIVIDUAL_YI_SUN_SIN"			 	Atlas="ICON_ATLAS_GREAT_PERSON_INDIVIDUAL_YI_SUN_SIN" Index="0" />
<Row Name="ICON_GREAT_PERSON_INDIVIDUAL_ZHENG_HE" 				Atlas="ICON_ATLAS_GREAT_PERSON_INDIVIDUAL_ZHENG_HE" Index="0" />
<!-- Artists -->
<Row Name="ICON_GREAT_PERSON_INDIVIDUAL_AMRITA_SHER_GIL" 	Atlas="ICON_ATLAS_GREAT_PERSON_INDIVIDUAL_AMRITA_SHER_GIL" Index="0" />
<Row Name="ICON_GREAT_PERSON_INDIVIDUAL_ANDREY_RUBLEV" 		Atlas="ICON_ATLAS_GREAT_PERSON_INDIVIDUAL_ANDREY_RUBLEV" Index="0" />
<Row Name="ICON_GREAT_PERSON_INDIVIDUAL_ANGELICA_KAUFFMAN" 	Atlas="ICON_ATLAS_GREAT_PERSON_INDIVIDUAL_ANGELICA_KAUFFMAN" Index="0" />
<Row Name="ICON_GREAT_PERSON_INDIVIDUAL_BORIS_ORLOVSKY" 	Atlas="ICON_ATLAS_GREAT_PERSON_INDIVIDUAL_BORIS_ORLOVSKY" Index="0" />
<Row Name="ICON_GREAT_PERSON_INDIVIDUAL_CLAUDE_MONET" 		Atlas="ICON_ATLAS_GREAT_PERSON_INDIVIDUAL_CLAUDE_MONET" Index="0" />
<Row Name="ICON_GREAT_PERSON_INDIVIDUAL_DONATELLO" 			Atlas="ICON_ATLAS_GREAT_PERSON_INDIVIDUAL_DONATELLO" Index="0" />
<Row Name="ICON_GREAT_PERSON_INDIVIDUAL_EDMONIA_LEWIS" 		Atlas="ICON_ATLAS_GREAT_PERSON_INDIVIDUAL_EDMONIA_LEWIS" Index="0" />
<Row Name="ICON_GREAT_PERSON_INDIVIDUAL_EL_GRECO" 			Atlas="ICON_ATLAS_GREAT_PERSON_INDIVIDUAL_EL_GRECO" Index="0" />
<Row Name="ICON_GREAT_PERSON_INDIVIDUAL_GUSTAV_KLIMT" 		Atlas="ICON_ATLAS_GREAT_PERSON_INDIVIDUAL_GUSTAV_KLIMT" Index="0" />
<Row Name="ICON_GREAT_PERSON_INDIVIDUAL_HASEGAWA_TOHAKU"    Atlas="ICON_ATLAS_GREAT_PERSON_INDIVIDUAL_HASEGAWA_TOHAKU" Index="0" />
<Row Name="ICON_GREAT_PERSON_INDIVIDUAL_HIERONYMUS_BOSCH" 	Atlas="ICON_ATLAS_GREAT_PERSON_INDIVIDUAL_HIERONYMUS_BOSCH" Index="0" />
<Row Name="ICON_GREAT_PERSON_INDIVIDUAL_JANG_SEUNG_EOP" 	Atlas="ICON_ATLAS_GREAT_PERSON_INDIVIDUAL_JANG_SEUNG_EOP" Index="0" />
<Row Name="ICON_GREAT_PERSON_INDIVIDUAL_KAMAL_UD_DIN_BEHZAD" Atlas="ICON_ATLAS_GREAT_PERSON_INDIVIDUAL_KAMAL_UD_DIN_BEHZAD" Index="0" />
<Row Name="ICON_GREAT_PERSON_INDIVIDUAL_KATSUSHIKA_HOKUSAI" Atlas="ICON_ATLAS_GREAT_PERSON_INDIVIDUAL_KATSUSHIKA_HOKUSAI" Index="0" />
<Row Name="ICON_GREAT_PERSON_INDIVIDUAL_MARIE_ANNE_COLLOT" 	Atlas="ICON_ATLAS_GREAT_PERSON_INDIVIDUAL_MARIE_ANNE_COLLOT" Index="0" />
<Row Name="ICON_GREAT_PERSON_INDIVIDUAL_MARY_CASSATT" 		Atlas="ICON_ATLAS_GREAT_PERSON_INDIVIDUAL_MARY_CASSATT" Index="0" />
<Row Name="ICON_GREAT_PERSON_INDIVIDUAL_MICHELANGELO" 		Atlas="ICON_ATLAS_GREAT_PERSON_INDIVIDUAL_MICHELANGELO" Index="0" />
<Row Name="ICON_GREAT_PERSON_INDIVIDUAL_QIU_YING" 			Atlas="ICON_ATLAS_GREAT_PERSON_INDIVIDUAL_QIU_YING" Index="0" />
<Row Name="ICON_GREAT_PERSON_INDIVIDUAL_REMBRANDT_VAN_RIJN" Atlas="ICON_ATLAS_GREAT_PERSON_INDIVIDUAL_REMBRANDT_VAN_RIJN" Index="0" />
<Row Name="ICON_GREAT_PERSON_INDIVIDUAL_SOFONISBA_ANGUISSOLA" Atlas="ICON_ATLAS_GREAT_PERSON_INDIVIDUAL_SOFONISBA_ANGUISSOLA" Index="0" />
<Row Name="ICON_GREAT_PERSON_INDIVIDUAL_TITIAN" 			Atlas="ICON_ATLAS_GREAT_PERSON_INDIVIDUAL_TITIAN" Index="0" />
<Row Name="ICON_GREAT_PERSON_INDIVIDUAL_VINCENT_VAN_GOGH" 	Atlas="ICON_ATLAS_GREAT_PERSON_INDIVIDUAL_VINCENT_VAN_GOGH" Index="0" />
<Row Name="ICON_GREAT_PERSON_INDIVIDUAL_WASSILY_KANDINSKY" Atlas="ICON_ATLAS_GREAT_PERSON_INDIVIDUAL_WASSILY_KANDINSKY" Index="0" />
<!-- Engineers -->
<Row Name="ICON_GREAT_PERSON_INDIVIDUAL_ADA_LOVELACE" 			Atlas="ICON_ATLAS_GREAT_PERSON_INDIVIDUAL_ADA_LOVELACE" Index="0" />
<Row Name="ICON_GREAT_PERSON_INDIVIDUAL_ALVAR_AALTO" 			Atlas="ICON_ATLAS_GREAT_PERSON_INDIVIDUAL_ALVAR_AALTO" Index="0" />
<Row Name="ICON_GREAT_PERSON_INDIVIDUAL_BI_SHENG" 				Atlas="ICON_ATLAS_GREAT_PERSON_INDIVIDUAL_BI_SHENG" Index="0" />
<Row Name="ICON_GREAT_PERSON_INDIVIDUAL_CHARLES_CORREA" 		Atlas="ICON_ATLAS_GREAT_PERSON_INDIVIDUAL_CHARLES_CORREA" Index="0" />
<Row Name="ICON_GREAT_PERSON_INDIVIDUAL_FILIPPO_BRUNELLESCHI" 	Atlas="ICON_ATLAS_GREAT_PERSON_INDIVIDUAL_FILIPPO_BRUNELLESCHI" Index="0" />
<Row Name="ICON_GREAT_PERSON_INDIVIDUAL_GUSTAVE_EIFFEL" 		Atlas="ICON_ATLAS_GREAT_PERSON_INDIVIDUAL_GUSTAVE_EIFFEL" Index="0" />
<Row Name="ICON_GREAT_PERSON_INDIVIDUAL_IMHOTEP"                Atlas="ICON_ATLAS_GREAT_PERSON_INDIVIDUAL_IMHOTEP" Index="0" />
<Row Name="ICON_GREAT_PERSON_INDIVIDUAL_ISIDORE_OF_MILETUS" 	Atlas="ICON_ATLAS_GREAT_PERSON_INDIVIDUAL_ISIDORE_OF_MILETUS" Index="0" />
<Row Name="ICON_GREAT_PERSON_INDIVIDUAL_JAMES_OF_ST_GEORGE" 	Atlas="ICON_ATLAS_GREAT_PERSON_INDIVIDUAL_JAMES_OF_ST_GEORGE" Index="0" />
<Row Name="ICON_GREAT_PERSON_INDIVIDUAL_JAMES_WATT" 			Atlas="ICON_ATLAS_GREAT_PERSON_INDIVIDUAL_JAMES_WATT" Index="0" />
<Row Name="ICON_GREAT_PERSON_INDIVIDUAL_JANE_DREW" 				Atlas="ICON_ATLAS_GREAT_PERSON_INDIVIDUAL_JANE_DREW" Index="0" />
<Row Name="ICON_GREAT_PERSON_INDIVIDUAL_JOHN_A_ROEBLING" 		Atlas="ICON_ATLAS_GREAT_PERSON_INDIVIDUAL_JOHN_A_ROEBLING" Index="0" />
<Row Name="ICON_GREAT_PERSON_INDIVIDUAL_JOSEPH_PAXTON" 			Atlas="ICON_ATLAS_GREAT_PERSON_INDIVIDUAL_JOSEPH_PAXTON" Index="0" />
<Row Name="ICON_GREAT_PERSON_INDIVIDUAL_KENZO_TANGE"            Atlas="ICON_ATLAS_GREAT_PERSON_INDIVIDUAL_KENZO_TANGE" Index="0" />
<Row Name="ICON_GREAT_PERSON_INDIVIDUAL_LEONARDO_DA_VINCI" 		Atlas="ICON_ATLAS_GREAT_PERSON_INDIVIDUAL_LEONARDO_DA_VINCI" Index="0" />
<Row Name="ICON_GREAT_PERSON_INDIVIDUAL_MIMAR_SINAN" 			Atlas="ICON_ATLAS_GREAT_PERSON_INDIVIDUAL_MIMAR_SINAN" Index="0" />
<Row Name="ICON_GREAT_PERSON_INDIVIDUAL_NIKOLA_TESLA" 			Atlas="ICON_ATLAS_GREAT_PERSON_INDIVIDUAL_NIKOLA_TESLA" Index="0" />
<Row Name="ICON_GREAT_PERSON_INDIVIDUAL_ROBERT_GODDARD" 		Atlas="ICON_ATLAS_GREAT_PERSON_INDIVIDUAL_ROBERT_GODDARD" Index="0" />
<Row Name="ICON_GREAT_PERSON_INDIVIDUAL_SERGEI_KOROLEV" 		Atlas="ICON_ATLAS_GREAT_PERSON_INDIVIDUAL_SERGEI_KOROLEV" Index="0" />
<Row Name="ICON_GREAT_PERSON_INDIVIDUAL_SHAH_JAHAN"             Atlas="ICON_ATLAS_GREAT_PERSON_INDIVIDUAL_SHAH_JAHAN" Index="0" />
<Row Name="ICON_GREAT_PERSON_INDIVIDUAL_WERNHER_VON_BRAUN" 		Atlas="ICON_ATLAS_GREAT_PERSON_INDIVIDUAL_WERNHER_VON_BRAUN" Index="0" />
<!-- Generals -->
<Row Name="ICON_GREAT_PERSON_INDIVIDUAL_AETHELFLAED" 		Atlas="ICON_ATLAS_GREAT_PERSON_INDIVIDUAL_AETHELFLAED" Index="0" />
<Row Name="ICON_GREAT_PERSON_INDIVIDUAL_AHMAD_SHAH_MASSOUD" Atlas="ICON_ATLAS_GREAT_PERSON_INDIVIDUAL_AHMAD_SHAH_MASSOUD" Index="0" />
<Row Name="ICON_GREAT_PERSON_INDIVIDUAL_ANA_NZINGA" 		Atlas="ICON_ATLAS_GREAT_PERSON_INDIVIDUAL_ANA_NZINGA" Index="0" />
<Row Name="ICON_GREAT_PERSON_INDIVIDUAL_BOUDICA"			Atlas="ICON_ATLAS_GREAT_PERSON_INDIVIDUAL_BOUDICA" Index="0" />
<Row Name="ICON_GREAT_PERSON_INDIVIDUAL_DANDARA"            Atlas="ICON_ATLAS_GREAT_PERSON_INDIVIDUAL_DANDARA" Index="0" />
<Row Name="ICON_GREAT_PERSON_INDIVIDUAL_DOUGLAS_MACARTHUR" 	Atlas="ICON_ATLAS_GREAT_PERSON_INDIVIDUAL_DOUGLAS_MACARTHUR" Index="0" />
<Row Name="ICON_GREAT_PERSON_INDIVIDUAL_DWIGHT_EISENHOWER" 	Atlas="ICON_ATLAS_GREAT_PERSON_INDIVIDUAL_DWIGHT_EISENHOWER" Index="0" />
<Row Name="ICON_GREAT_PERSON_INDIVIDUAL_EL_CID" 			Atlas="ICON_ATLAS_GREAT_PERSON_INDIVIDUAL_EL_CID" Index="0" />
<Row Name="ICON_GREAT_PERSON_INDIVIDUAL_GENGHIS_KHAN" 		Atlas="ICON_ATLAS_GREAT_PERSON_INDIVIDUAL_GENGHIS_KHAN" Index="0" />
<Row Name="ICON_GREAT_PERSON_INDIVIDUAL_GEORGY_ZHUKOV" 		Atlas="ICON_ATLAS_GREAT_PERSON_INDIVIDUAL_GEORGY_ZHUKOV" Index="0" />
<Row Name="ICON_GREAT_PERSON_INDIVIDUAL_GUSTAVUS_ADOLPHUS" 	Atlas="ICON_ATLAS_GREAT_PERSON_INDIVIDUAL_GUSTAVUS_ADOLPHUS" Index="0" />
<Row Name="ICON_GREAT_PERSON_INDIVIDUAL_HANNIBAL_BARCA" 	Atlas="ICON_ATLAS_GREAT_PERSON_INDIVIDUAL_HANNIBAL_BARCA" Index="0" />
<Row Name="ICON_GREAT_PERSON_INDIVIDUAL_JOAN_OF_ARC" 		Atlas="ICON_ATLAS_GREAT_PERSON_INDIVIDUAL_JOAN_OF_ARC" Index="0" />
<Row Name="ICON_GREAT_PERSON_INDIVIDUAL_JOHN_MONASH" 		Atlas="ICON_ATLAS_GREAT_PERSON_INDIVIDUAL_JOHN_MONASH" Index="0" />
<Row Name="ICON_GREAT_PERSON_INDIVIDUAL_MARINA_RASKOVA" 	Atlas="ICON_ATLAS_GREAT_PERSON_INDIVIDUAL_MARINA_RASKOVA" Index="0" />
<Row Name="ICON_GREAT_PERSON_INDIVIDUAL_NAPOLEON_BONAPARTE" Atlas="ICON_ATLAS_GREAT_PERSON_INDIVIDUAL_NAPOLEON_BONAPARTE" Index="0" />
<Row Name="ICON_GREAT_PERSON_INDIVIDUAL_RANI_LAKSHMIBAI" 	Atlas="ICON_ATLAS_GREAT_PERSON_INDIVIDUAL_RANI_LAKSHMIBAI" Index="0" />
<Row Name="ICON_GREAT_PERSON_INDIVIDUAL_SAMORI_TURE" 		Atlas="ICON_ATLAS_GREAT_PERSON_INDIVIDUAL_SAMORI_TURE" Index="0" />
<Row Name="ICON_GREAT_PERSON_INDIVIDUAL_SIMON_BOLIVAR" 		Atlas="ICON_ATLAS_GREAT_PERSON_INDIVIDUAL_SIMON_BOLIVAR" Index="0" />
<Row Name="ICON_GREAT_PERSON_INDIVIDUAL_SUDIRMAN" 			Atlas="ICON_ATLAS_GREAT_PERSON_INDIVIDUAL_SUDIRMAN" Index="0" />
<Row Name="ICON_GREAT_PERSON_INDIVIDUAL_SUN_TZU" 			Atlas="ICON_ATLAS_GREAT_PERSON_INDIVIDUAL_SUN_TZU" Index="0" />
<Row Name="ICON_GREAT_PERSON_INDIVIDUAL_TIMUR"				Atlas="ICON_ATLAS_GREAT_PERSON_INDIVIDUAL_TIMUR" Index="0" />
<Row Name="ICON_GREAT_PERSON_INDIVIDUAL_TRUNG_TRAC"         Atlas="ICON_ATLAS_GREAT_PERSON_INDIVIDUAL_TRUNG_TRAC" Index="0" />
<Row Name="ICON_GREAT_PERSON_INDIVIDUAL_TUPAC_AMARU"        Atlas="ICON_ATLAS_GREAT_PERSON_INDIVIDUAL_TUPAC_AMARU" Index="0" />
<Row Name="ICON_GREAT_PERSON_INDIVIDUAL_VIJAYA_WIMALARATNE" Atlas="ICON_ATLAS_GREAT_PERSON_INDIVIDUAL_VIJAYA_WIMALARATNE" Index="0" />
<!-- Merchants -->
<Row Name="ICON_GREAT_PERSON_INDIVIDUAL_ADAM_SMITH" 		Atlas="ICON_ATLAS_GREAT_PERSON_INDIVIDUAL_ADAM_SMITH" Index="0" />
<Row Name="ICON_GREAT_PERSON_INDIVIDUAL_COLAEUS" 			Atlas="ICON_ATLAS_GREAT_PERSON_INDIVIDUAL_COLAEUS" Index="0" />
<Row Name="ICON_GREAT_PERSON_INDIVIDUAL_ESTEE_LAUDER" 		Atlas="ICON_ATLAS_GREAT_PERSON_INDIVIDUAL_ESTEE_LAUDER" Index="0" />
<Row Name="ICON_GREAT_PERSON_INDIVIDUAL_GIOVANNI_DE_MEDICI" Atlas="ICON_ATLAS_GREAT_PERSON_INDIVIDUAL_GIOVANNI_DE_MEDICI" Index="0" />
<Row Name="ICON_GREAT_PERSON_INDIVIDUAL_HELENA_RUBINSTEIN" 	Atlas="ICON_ATLAS_GREAT_PERSON_INDIVIDUAL_HELENA_RUBINSTEIN" Index="0" />
<Row Name="ICON_GREAT_PERSON_INDIVIDUAL_IBN_FADLAN"         Atlas="ICON_ATLAS_GREAT_PERSON_INDIVIDUAL_IBN_FADLAN" Index="0" />
<Row Name="ICON_GREAT_PERSON_INDIVIDUAL_IRENE_OF_ATHENS" 	Atlas="ICON_ATLAS_GREAT_PERSON_INDIVIDUAL_IRENE_OF_ATHENS" Index="0" />
<Row Name="ICON_GREAT_PERSON_INDIVIDUAL_JAKOB_FUGGER" 		Atlas="ICON_ATLAS_GREAT_PERSON_INDIVIDUAL_JAKOB_FUGGER" Index="0" />
<Row Name="ICON_GREAT_PERSON_INDIVIDUAL_JAMSETJI_TATA" 		Atlas="ICON_ATLAS_GREAT_PERSON_INDIVIDUAL_JAMSETJI_TATA" Index="0" />
<Row Name="ICON_GREAT_PERSON_INDIVIDUAL_JOHN_JACOB_ASTOR" 	Atlas="ICON_ATLAS_GREAT_PERSON_INDIVIDUAL_JOHN_JACOB_ASTOR" Index="0" />
<Row Name="ICON_GREAT_PERSON_INDIVIDUAL_JOHN_ROCKEFELLER" 	Atlas="ICON_ATLAS_GREAT_PERSON_INDIVIDUAL_JOHN_ROCKEFELLER" Index="0" />
<Row Name="ICON_GREAT_PERSON_INDIVIDUAL_JOHN_SPILSBURY" 	Atlas="ICON_ATLAS_GREAT_PERSON_INDIVIDUAL_JOHN_SPILSBURY" Index="0" />
<Row Name="ICON_GREAT_PERSON_INDIVIDUAL_LEVI_STRAUSS" 		Atlas="ICON_ATLAS_GREAT_PERSON_INDIVIDUAL_LEVI_STRAUSS" Index="0" />
<Row Name="ICON_GREAT_PERSON_INDIVIDUAL_MARCO_POLO" 		Atlas="ICON_ATLAS_GREAT_PERSON_INDIVIDUAL_MARCO_POLO" Index="0" />
<Row Name="ICON_GREAT_PERSON_INDIVIDUAL_MARCUS_LICINIUS_CRASSUS" Atlas="ICON_ATLAS_GREAT_PERSON_INDIVIDUAL_MARCUS_LICINIUS_CRASSUS" Index="0" />
<Row Name="ICON_GREAT_PERSON_INDIVIDUAL_MARY_KATHERINE_GODDARD" Atlas="ICON_ATLAS_GREAT_PERSON_INDIVIDUAL_MARY_KATHERINE_GODDARD" Index="0" />
<Row Name="ICON_GREAT_PERSON_INDIVIDUAL_MASARU_IBUKA" 		Atlas="ICON_ATLAS_GREAT_PERSON_INDIVIDUAL_MASARU_IBUKA" Index="0" />
<Row Name="ICON_GREAT_PERSON_INDIVIDUAL_MELITTA_BENTZ" 		Atlas="ICON_ATLAS_GREAT_PERSON_INDIVIDUAL_MELITTA_BENTZ" Index="0" />
<Row Name="ICON_GREAT_PERSON_INDIVIDUAL_PIERO_DE_BARDI" 	Atlas="ICON_ATLAS_GREAT_PERSON_INDIVIDUAL_PIERO_DE_BARDI" Index="0" />
<Row Name="ICON_GREAT_PERSON_INDIVIDUAL_RAJA_TODAR_MAL" 	Atlas="ICON_ATLAS_GREAT_PERSON_INDIVIDUAL_RAJA_TODAR_MAL" Index="0" />
<Row Name="ICON_GREAT_PERSON_INDIVIDUAL_SARAH_BREEDLOVE" 	Atlas="ICON_ATLAS_GREAT_PERSON_INDIVIDUAL_SARAH_BREEDLOVE" Index="0" />
<Row Name="ICON_GREAT_PERSON_INDIVIDUAL_STAMFORD_RAFFLES"   Atlas="ICON_ATLAS_GREAT_PERSON_INDIVIDUAL_STAMFORD_RAFFLES" Index="0" />
<Row Name="ICON_GREAT_PERSON_INDIVIDUAL_ZHANG_QIAN" 		Atlas="ICON_ATLAS_GREAT_PERSON_INDIVIDUAL_ZHANG_QIAN" Index="0" />
<Row Name="ICON_GREAT_PERSON_INDIVIDUAL_ZHOU_DAGUAN"        Atlas="ICON_ATLAS_GREAT_PERSON_INDIVIDUAL_ZHOU_DAGUAN" Index="0" />
<!-- Musicians -->
<Row Name="ICON_GREAT_PERSON_INDIVIDUAL_ANTONIN_DVORAK" 		  Atlas="ICON_ATLAS_GREAT_PERSON_INDIVIDUAL_ANTONIN_DVORAK" Index="0" />
<Row Name="ICON_GREAT_PERSON_INDIVIDUAL_ANTONIO_CARLOS_GOMEZ"	  Atlas="ICON_ATLAS_GREAT_PERSON_INDIVIDUAL_ANTONIO_CARLOS_GOMEZ" Index="0" />
<Row Name="ICON_GREAT_PERSON_INDIVIDUAL_ANTONIO_VIVALDI" 		  Atlas="ICON_ATLAS_GREAT_PERSON_INDIVIDUAL_ANTONIO_VIVALDI" Index="0" />
<Row Name="ICON_GREAT_PERSON_INDIVIDUAL_CLARA_SCHUMANN" 		  Atlas="ICON_ATLAS_GREAT_PERSON_INDIVIDUAL_CLARA_SCHUMANN" Index="0" />
<Row Name="ICON_GREAT_PERSON_INDIVIDUAL_DIMITRIE_CANTEMIR"        Atlas="ICON_ATLAS_GREAT_PERSON_INDIVIDUAL_DIMITRIE_CANTEMIR" Index="0" />
<Row Name="ICON_GREAT_PERSON_INDIVIDUAL_FRANZ_LISZT" 			  Atlas="ICON_ATLAS_GREAT_PERSON_INDIVIDUAL_FRANZ_LISZT" Index="0" />
<Row Name="ICON_GREAT_PERSON_INDIVIDUAL_FREDERIC_CHOPIN" 		  Atlas="ICON_ATLAS_GREAT_PERSON_INDIVIDUAL_FREDERIC_CHOPIN" Index="0" />
<Row Name="ICON_GREAT_PERSON_INDIVIDUAL_GAUHAR_JAAN" 			  Atlas="ICON_ATLAS_GREAT_PERSON_INDIVIDUAL_GAUHAR_JAAN" Index="0" />
<Row Name="ICON_GREAT_PERSON_INDIVIDUAL_JOHANN_SEBASTIAN_BACH"	  Atlas="ICON_ATLAS_GREAT_PERSON_INDIVIDUAL_JOHANN_SEBASTIAN_BACH" Index="0" />
<Row Name="ICON_GREAT_PERSON_INDIVIDUAL_JUVENTINO_ROSAS" 		  Atlas="ICON_ATLAS_GREAT_PERSON_INDIVIDUAL_JUVENTINO_ROSAS" Index="0" />
<Row Name="ICON_GREAT_PERSON_INDIVIDUAL_LILIUOKALANI" 			  Atlas="ICON_ATLAS_GREAT_PERSON_INDIVIDUAL_LILIUOKALANI" Index="0" />
<Row Name="ICON_GREAT_PERSON_INDIVIDUAL_LIU_TIANHUA" 			  Atlas="ICON_ATLAS_GREAT_PERSON_INDIVIDUAL_LIU_TIANHUA" Index="0" />
<Row Name="ICON_GREAT_PERSON_INDIVIDUAL_LUDWIG_VAN_BEETHOVEN" 	  Atlas="ICON_ATLAS_GREAT_PERSON_INDIVIDUAL_LUDWIG_VAN_BEETHOVEN" Index="0" />
<Row Name="ICON_GREAT_PERSON_INDIVIDUAL_MYKOLA_LEONTOVYCH" 		  Atlas="ICON_ATLAS_GREAT_PERSON_INDIVIDUAL_MYKOLA_LEONTOVYCH" Index="0" />
<Row Name="ICON_GREAT_PERSON_INDIVIDUAL_PETER_ILYICH_TCHAIKOVSKY" Atlas="ICON_ATLAS_GREAT_PERSON_INDIVIDUAL_PETER_ILYICH_TCHAIKOVSKY" Index="0" />
<Row Name="ICON_GREAT_PERSON_INDIVIDUAL_SCOTT_JOPLIN"             Atlas="ICON_ATLAS_GREAT_PERSON_INDIVIDUAL_SCOTT_JOPLIN" Index="0" />
<Row Name="ICON_GREAT_PERSON_INDIVIDUAL_WOLFGANG_AMADEUS_MOZART"  Atlas="ICON_ATLAS_GREAT_PERSON_INDIVIDUAL_WOLFGANG_AMADEUS_MOZART" Index="0" />
<Row Name="ICON_GREAT_PERSON_INDIVIDUAL_YATSUHASHI_KENGYO" 		  Atlas="ICON_ATLAS_GREAT_PERSON_INDIVIDUAL_YATSUHASHI_KENGYO" Index="0" />
<!-- Prophets -->
<Row Name="ICON_GREAT_PERSON_INDIVIDUAL_JOHN_THE_BAPTIST" 	Atlas="ICON_ATLAS_GREAT_PERSON_INDIVIDUAL_JOHN_THE_BAPTIST" Index="0" />
<Row Name="ICON_GREAT_PERSON_INDIVIDUAL_CONFUCIUS" 			Atlas="ICON_ATLAS_GREAT_PERSON_INDIVIDUAL_CONFUCIUS" Index="0" />
<Row Name="ICON_GREAT_PERSON_INDIVIDUAL_ZOROASTER" 			Atlas="ICON_ATLAS_GREAT_PERSON_INDIVIDUAL_ZOROASTER" Index="0" />
<Row Name="ICON_GREAT_PERSON_INDIVIDUAL_SIDDHARTHA_GAUTAMA" Atlas="ICON_ATLAS_GREAT_PERSON_INDIVIDUAL_SIDDHARTHA_GAUTAMA" Index="0" />
<Row Name="ICON_GREAT_PERSON_INDIVIDUAL_LAOZI" 				Atlas="ICON_ATLAS_GREAT_PERSON_INDIVIDUAL_LAOZI" Index="0" />
<Row Name="ICON_GREAT_PERSON_INDIVIDUAL_SIMON_PETER" 		Atlas="ICON_ATLAS_GREAT_PERSON_INDIVIDUAL_SIMON_PETER" Index="0" />
<Row Name="ICON_GREAT_PERSON_INDIVIDUAL_BODHIDHARMA" 		Atlas="ICON_ATLAS_GREAT_PERSON_INDIVIDUAL_BODHIDHARMA" Index="0" />
<Row Name="ICON_GREAT_PERSON_INDIVIDUAL_ADI_SHANKARA" 		Atlas="ICON_ATLAS_GREAT_PERSON_INDIVIDUAL_ADI_SHANKARA" Index="0" />
<Row Name="ICON_GREAT_PERSON_INDIVIDUAL_SONGTSAN_GAMPO" 	Atlas="ICON_ATLAS_GREAT_PERSON_INDIVIDUAL_SONGTSAN_GAMPO" Index="0" />
<Row Name="ICON_GREAT_PERSON_INDIVIDUAL_O_NO_YASUMARO" 		Atlas="ICON_ATLAS_GREAT_PERSON_INDIVIDUAL_O_NO_YASUMARO" Index="0" />
<Row Name="ICON_GREAT_PERSON_INDIVIDUAL_IRENAEUS" 			Atlas="ICON_ATLAS_GREAT_PERSON_INDIVIDUAL_IRENAEUS" Index="0" />
<Row Name="ICON_GREAT_PERSON_INDIVIDUAL_MARTIN_LUTHER" 		Atlas="ICON_ATLAS_GREAT_PERSON_INDIVIDUAL_MARTIN_LUTHER" Index="0" />
<Row Name="ICON_GREAT_PERSON_INDIVIDUAL_FRANCIS_OF_ASSISI" 	Atlas="ICON_ATLAS_GREAT_PERSON_INDIVIDUAL_FRANCIS_OF_ASSISI" Index="0" />
<Row Name="ICON_GREAT_PERSON_INDIVIDUAL_MADHVA_ACHARYA" 	Atlas="ICON_ATLAS_GREAT_PERSON_INDIVIDUAL_MADHVA_ACHARYA" Index="0" />
<Row Name="ICON_GREAT_PERSON_INDIVIDUAL_THOMAS_AQUINAS" 	Atlas="ICON_ATLAS_GREAT_PERSON_INDIVIDUAL_THOMAS_AQUINAS" Index="0" />
<Row Name="ICON_GREAT_PERSON_INDIVIDUAL_HAJI_HUUD" 			Atlas="ICON_ATLAS_GREAT_PERSON_INDIVIDUAL_HAJI_HUUD" Index="0" />
<!-- Scientists -->
<Row Name="ICON_GREAT_PERSON_INDIVIDUAL_ABDUS_SALAM" 		Atlas="ICON_ATLAS_GREAT_PERSON_INDIVIDUAL_ABDUS_SALAM" Index="0" />
<Row Name="ICON_GREAT_PERSON_INDIVIDUAL_ABU_AL_QASIM_AL_ZAHRAWI" Atlas="ICON_ATLAS_GREAT_PERSON_INDIVIDUAL_ABU_AL_QASIM_AL_ZAHRAWI" Index="0" />
<Row Name="ICON_GREAT_PERSON_INDIVIDUAL_ALAN_TURING" 		Atlas="ICON_ATLAS_GREAT_PERSON_INDIVIDUAL_ALAN_TURING" Index="0" />
<Row Name="ICON_GREAT_PERSON_INDIVIDUAL_ALBERT_EINSTEIN" 	Atlas="ICON_ATLAS_GREAT_PERSON_INDIVIDUAL_ALBERT_EINSTEIN" Index="0" />
<Row Name="ICON_GREAT_PERSON_INDIVIDUAL_ALFRED_NOBEL" 		Atlas="ICON_ATLAS_GREAT_PERSON_INDIVIDUAL_ALFRED_NOBEL" Index="0" />
<Row Name="ICON_GREAT_PERSON_INDIVIDUAL_ARYABHATA" 			Atlas="ICON_ATLAS_GREAT_PERSON_INDIVIDUAL_ARYABHATA" Index="0" />
<Row Name="ICON_GREAT_PERSON_INDIVIDUAL_CARL_SAGAN" 		Atlas="ICON_ATLAS_GREAT_PERSON_INDIVIDUAL_CARL_SAGAN" Index="0" />
<Row Name="ICON_GREAT_PERSON_INDIVIDUAL_CHARLES_DARWIN" 	Atlas="ICON_ATLAS_GREAT_PERSON_INDIVIDUAL_CHARLES_DARWIN" Index="0" />
<Row Name="ICON_GREAT_PERSON_INDIVIDUAL_DMITRI_MENDELEEV" 	Atlas="ICON_ATLAS_GREAT_PERSON_INDIVIDUAL_DMITRI_MENDELEEV" Index="0" />
<Row Name="ICON_GREAT_PERSON_INDIVIDUAL_EMILIE_DU_CHATELET" Atlas="ICON_ATLAS_GREAT_PERSON_INDIVIDUAL_EMILIE_DU_CHATELET" Index="0" />
<Row Name="ICON_GREAT_PERSON_INDIVIDUAL_ERWIN_SCHRODINGER" 	Atlas="ICON_ATLAS_GREAT_PERSON_INDIVIDUAL_ERWIN_SCHRODINGER" Index="0" />
<Row Name="ICON_GREAT_PERSON_INDIVIDUAL_EUCLID" 			Atlas="ICON_ATLAS_GREAT_PERSON_INDIVIDUAL_EUCLID" Index="0" />
<Row Name="ICON_GREAT_PERSON_INDIVIDUAL_GALILEO_GALILEI" 	Atlas="ICON_ATLAS_GREAT_PERSON_INDIVIDUAL_GALILEO_GALILEI" Index="0" />
<Row Name="ICON_GREAT_PERSON_INDIVIDUAL_HILDEGARD_OF_BINGEN" Atlas="ICON_ATLAS_GREAT_PERSON_INDIVIDUAL_HILDEGARD_OF_BINGEN" Index="0" />
<Row Name="ICON_GREAT_PERSON_INDIVIDUAL_HYPATIA" 			Atlas="ICON_ATLAS_GREAT_PERSON_INDIVIDUAL_HYPATIA" Index="0" />
<Row Name="ICON_GREAT_PERSON_INDIVIDUAL_IBN_KHALDUN"        Atlas="ICON_ATLAS_GREAT_PERSON_INDIVIDUAL_IBN_KHALDUN" Index="0" />
<Row Name="ICON_GREAT_PERSON_INDIVIDUAL_ISAAC_NEWTON" 		Atlas="ICON_ATLAS_GREAT_PERSON_INDIVIDUAL_ISAAC_NEWTON" Index="0" />
<Row Name="ICON_GREAT_PERSON_INDIVIDUAL_JAMES_YOUNG" 		Atlas="ICON_ATLAS_GREAT_PERSON_INDIVIDUAL_JAMES_YOUNG" Index="0" />
<Row Name="ICON_GREAT_PERSON_INDIVIDUAL_JANAKI_AMMAL" 		Atlas="ICON_ATLAS_GREAT_PERSON_INDIVIDUAL_JANAKI_AMMAL" Index="0" />
<Row Name="ICON_GREAT_PERSON_INDIVIDUAL_MARGARET_MEAD"      Atlas="ICON_ATLAS_GREAT_PERSON_INDIVIDUAL_MARGARET_MEAD" Index="0" />
<Row Name="ICON_GREAT_PERSON_INDIVIDUAL_MARY_LEAKEY" 		Atlas="ICON_ATLAS_GREAT_PERSON_INDIVIDUAL_MARY_LEAKEY" Index="0" />
<Row Name="ICON_GREAT_PERSON_INDIVIDUAL_OMAR_KHAYYAM" 		Atlas="ICON_ATLAS_GREAT_PERSON_INDIVIDUAL_OMAR_KHAYYAM" Index="0" />
<Row Name="ICON_GREAT_PERSON_INDIVIDUAL_STEPHANIE_KWOLEK" 	Atlas="ICON_ATLAS_GREAT_PERSON_INDIVIDUAL_STEPHANIE_KWOLEK" Index="0" />
<Row Name="ICON_GREAT_PERSON_INDIVIDUAL_ZHANG_HENG"         Atlas="ICON_ATLAS_GREAT_PERSON_INDIVIDUAL_ZHANG_HENG" Index="0" />
<!-- Writers -->
<Row Name="ICON_GREAT_PERSON_INDIVIDUAL_ALEXANDER_PUSHKIN" 		Atlas="ICON_ATLAS_GREAT_PERSON_INDIVIDUAL_ALEXANDER_PUSHKIN" Index="0" />
<Row Name="ICON_GREAT_PERSON_INDIVIDUAL_BEATRIX_POTTER"         Atlas="ICON_ATLAS_GREAT_PERSON_INDIVIDUAL_BEATRIX_POTTER" Index="0" />
<Row Name="ICON_GREAT_PERSON_INDIVIDUAL_BHASA" 					Atlas="ICON_ATLAS_GREAT_PERSON_INDIVIDUAL_BHASA" Index="0" />
<Row Name="ICON_GREAT_PERSON_INDIVIDUAL_EDGAR_ALLEN_POE" 		Atlas="ICON_ATLAS_GREAT_PERSON_INDIVIDUAL_EDGAR_ALLEN_POE" Index="0" />
<Row Name="ICON_GREAT_PERSON_INDIVIDUAL_EMILY_DICKINSON" 		Atlas="ICON_ATLAS_GREAT_PERSON_INDIVIDUAL_EMILY_DICKINSON" Index="0" />
<Row Name="ICON_GREAT_PERSON_INDIVIDUAL_F_SCOTT_FITZGERALD" 	Atlas="ICON_ATLAS_GREAT_PERSON_INDIVIDUAL_F_SCOTT_FITZGERALD" Index="0" />
<Row Name="ICON_GREAT_PERSON_INDIVIDUAL_GABRIELA_MISTRAL"       Atlas="ICON_ATLAS_GREAT_PERSON_INDIVIDUAL_GABRIELA_MISTRAL" Index="0" />
<Row Name="ICON_GREAT_PERSON_INDIVIDUAL_GEOFFREY_CHAUCER" 		Atlas="ICON_ATLAS_GREAT_PERSON_INDIVIDUAL_GEOFFREY_CHAUCER" Index="0" />
<Row Name="ICON_GREAT_PERSON_INDIVIDUAL_HG_WELLS" 				Atlas="ICON_ATLAS_GREAT_PERSON_INDIVIDUAL_HG_WELLS" Index="0" />
<Row Name="ICON_GREAT_PERSON_INDIVIDUAL_HOMER" 					Atlas="ICON_ATLAS_GREAT_PERSON_INDIVIDUAL_HOMER" Index="0" />
<Row Name="ICON_GREAT_PERSON_INDIVIDUAL_JAMES_JOYCE" 			Atlas="ICON_ATLAS_GREAT_PERSON_INDIVIDUAL_JAMES_JOYCE" Index="0" />
<Row Name="ICON_GREAT_PERSON_INDIVIDUAL_JANE_AUSTEN" 			Atlas="ICON_ATLAS_GREAT_PERSON_INDIVIDUAL_JANE_AUSTEN" Index="0" />
<Row Name="ICON_GREAT_PERSON_INDIVIDUAL_JOHANN_WOLFGANG_VON_GOETHE" Atlas="ICON_ATLAS_GREAT_PERSON_INDIVIDUAL_JOHANN_WOLFGANG_VON_GOETHE" Index="0" />
<Row Name="ICON_GREAT_PERSON_INDIVIDUAL_KAREL_CAPEK" 			Atlas="ICON_ATLAS_GREAT_PERSON_INDIVIDUAL_KAREL_CAPEK" Index="0" />
<Row Name="ICON_GREAT_PERSON_INDIVIDUAL_LEO_TOLSTOY" 			Atlas="ICON_ATLAS_GREAT_PERSON_INDIVIDUAL_LEO_TOLSTOY" Index="0" />
<Row Name="ICON_GREAT_PERSON_INDIVIDUAL_LI_BAI" 				Atlas="ICON_ATLAS_GREAT_PERSON_INDIVIDUAL_LI_BAI" Index="0" />
<Row Name="ICON_GREAT_PERSON_INDIVIDUAL_MARGARET_CAVENDISH" 	Atlas="ICON_ATLAS_GREAT_PERSON_INDIVIDUAL_MARGARET_CAVENDISH" Index="0" />
<Row Name="ICON_GREAT_PERSON_INDIVIDUAL_MARIE_CATHERINE_D_AULNOY" Atlas="ICON_ATLAS_GREAT_PERSON_INDIVIDUAL_MARIE_CATHERINE_D_AULNOY" Index="0" />
<Row Name="ICON_GREAT_PERSON_INDIVIDUAL_MARK_TWAIN" 			Atlas="ICON_ATLAS_GREAT_PERSON_INDIVIDUAL_MARK_TWAIN" Index="0" />
<Row Name="ICON_GREAT_PERSON_INDIVIDUAL_MARY_SHELLEY" 			Atlas="ICON_ATLAS_GREAT_PERSON_INDIVIDUAL_MARY_SHELLEY" Index="0" />
<Row Name="ICON_GREAT_PERSON_INDIVIDUAL_MIGUEL_DE_CERVANTES" 	Atlas="ICON_ATLAS_GREAT_PERSON_INDIVIDUAL_MIGUEL_DE_CERVANTES" Index="0" />
<Row Name="ICON_GREAT_PERSON_INDIVIDUAL_MURASAKI_SHIKIBU" 		Atlas="ICON_ATLAS_GREAT_PERSON_INDIVIDUAL_MURASAKI_SHIKIBU" Index="0" />
<Row Name="ICON_GREAT_PERSON_INDIVIDUAL_NICCOLO_MACHIAVELLI" 	Atlas="ICON_ATLAS_GREAT_PERSON_INDIVIDUAL_NICCOLO_MACHIAVELLI" Index="0" />
<Row Name="ICON_GREAT_PERSON_INDIVIDUAL_OVID" 					Atlas="ICON_ATLAS_GREAT_PERSON_INDIVIDUAL_OVID" Index="0" />
<Row Name="ICON_GREAT_PERSON_INDIVIDUAL_QU_YUAN" 				Atlas="ICON_ATLAS_GREAT_PERSON_INDIVIDUAL_QU_YUAN" Index="0" />
<Row Name="ICON_GREAT_PERSON_INDIVIDUAL_RABINDRANATH_TAGORE" 	Atlas="ICON_ATLAS_GREAT_PERSON_INDIVIDUAL_RABINDRANATH_TAGORE" Index="0" />
<Row Name="ICON_GREAT_PERSON_INDIVIDUAL_RUMI"                   Atlas="ICON_ATLAS_GREAT_PERSON_INDIVIDUAL_RUMI" Index="0" />
<Row Name="ICON_GREAT_PERSON_INDIVIDUAL_VALMIKI"                Atlas="ICON_ATLAS_GREAT_PERSON_INDIVIDUAL_VALMIKI" Index="0" />
<Row Name="ICON_GREAT_PERSON_INDIVIDUAL_WILLIAM_SHAKESPEARE" 	Atlas="ICON_ATLAS_GREAT_PERSON_INDIVIDUAL_WILLIAM_SHAKESPEARE" Index="0" />
</IconDefinitions>
</GameInfo>
