<?xml version="1.0" encoding="UTF-8" standalone="yes"?>
<GameData>
  <BaseGameText>
    <Row Tag="LOC_PEDIA_CONGRESS_PAGE_INTRO_CHAPTER_CONTENT_PARA_1">
      <Text>{LOC_PEDIA_CONCEPTS_PAGE_WORLD_CONGRESS_CHAPTER_CONGRESS_PARA_1}</Text>
    </Row>
    <Row Tag="LOC_PEDIA_CONGRESS_PAGE_INTRO_CHAPTER_CONTENT_PARA_2">
      <Text>{LOC_PEDIA_CONCEPTS_PAGE_WORLD_CONGRESS_CHAPTER_CONGRESS_PARA_2}</Text>
    </Row>
    <Row Tag="LOC_BCP_TARGET_GOALS">
      <Text>Target goals:</Text>
    </Row>
    <Row Tag="LOC_BCP_SCORE_SOURCES">
      <Text>Score sources:</Text>
    </Row>
    <Row Tag="LOC_BCP_REWARDS">
      <Text>Rewards:</Text>
    </Row>
  </BaseGameText>
</GameData>