<?xml version="1.0" encoding="utf-8"?>
<!--
--------------------------------------------------------------
-- Better Civilopedia
-- Author: Infixo
-- 2019-03-19: Created, Resolutions and Discussions
--------------------------------------------------------------
-->
<GameInfo>
	<!-- New section for World Congress -->
	<CivilopediaSections>
		<Row SectionId="CONGRESS" Name="LOC_TOOLTIP_CONGRESS_CONGRESS_BUTTON" Icon="ICON_CIVILOPEDIA_LEADERS" SortIndex="190" /> <!-- ICON_STAT_DIPLOMATIC_VICTORY -->
	</CivilopediaSections>
	<!-- Discussions and Resolutions will be addedd as another PageGroup in CONGRESS section -->
	<CivilopediaPageGroups>
		<Row SectionID="CONGRESS" PageGroupId="RESOLUTIONS" Name="LOC_PEDIA_CONCEPTS_PAGE_WORLD_CONGRESS_CHAPTER_RESOLUTIONS_TITLE" Tooltip="" VisibleIfEmpty="false" SortIndex="10"/>
		<Row SectionID="CONGRESS" PageGroupId="EMERGENCIES" Name="LOC_PEDIA_CONCEPTS_PAGE_WORLD_CONGRESS_CHAPTER_INTERVENTIONS_TITLE" Tooltip="" VisibleIfEmpty="false" SortIndex="20"/>
		<Row SectionID="CONGRESS" PageGroupId="COMPETITIONS" Name="LOC_PEDIA_CONCEPTS_PAGE_WORLD_CONGRESS_CHAPTER_DISCUSSIONS_TITLE" Tooltip="" VisibleIfEmpty="false" SortIndex="30"/>
	</CivilopediaPageGroups>
	<!-- A query to select items into a PageGroup -->
	<CivilopediaPageQueries>
		<!-- resolutions -->
		<Row SectionId="CONGRESS" PageGroupIdColumn="PageGroupId" TooltipColumn="Tooltip" SortIndex="10">
			<SQL>SELECT ResolutionType as PageId, "RESOLUTIONS" as PageGroupId, "Resolution" as PageLayoutId, Name, NULL as Tooltip FROM Resolutions</SQL>
		</Row>
		<!-- emergencies -->
		<Row SectionId="CONGRESS" PageGroupIdColumn="PageGroupId" TooltipColumn="Tooltip" SortIndex="10">
			<SQL>SELECT DiscussionType as PageId, "EMERGENCIES" as PageGroupId, "Discussion" as PageLayoutId, Name, NULL as Tooltip FROM Discussions WHERE ProposalType != 'WC_PROPOSAL_TYPE_COMPETITION'</SQL>
		</Row>
		<!-- competitions -->
		<Row SectionId="CONGRESS" PageGroupIdColumn="PageGroupId" TooltipColumn="Tooltip" SortIndex="10">
			<SQL>SELECT DiscussionType as PageId, "COMPETITIONS" as PageGroupId, "Discussion" as PageLayoutId, Name, NULL as Tooltip FROM Discussions WHERE ProposalType = 'WC_PROPOSAL_TYPE_COMPETITION'</SQL>
		</Row>
	</CivilopediaPageQueries>
	<!-- new layouts -->
	<CivilopediaPageLayouts>
		<Row PageLayoutId="Resolution" ScriptTemplate="Resolution"/>
		<Row PageLayoutId="Discussion" ScriptTemplate="Discussion"/>
	</CivilopediaPageLayouts>
	<!-- a unique page with moments overview -->
	<CivilopediaPages>
		<Row SectionId="CONGRESS" PageId="INTRO" PageLayoutId="Simple" Name="LOC_PEDIA_PAGE_INTRO_TITLE" Tooltip="" SortIndex="0" />
	</CivilopediaPages>
	<!-- no special chapters -->
	<CivilopediaPageLayoutChapters>
	</CivilopediaPageLayoutChapters>
</GameInfo>
