<?xml version="1.0" encoding="utf-8"?>
<Context xmlns:xsi="http://www.w3.org/2001/XMLSchema-instance" xsi:noNamespaceSchemaLocation="..\..\..\..\..\CivTech\Libs\ForgeUI\ForgeUI_Assets\Controls.xsd">
    
    <Instance Name="GraphPanelInstance">
        <Container ID="GraphPanel"  Anchor="C,C" Size="1024,parent-100" Hidden="0" Offset="0,32">
            <Grid  Texture="Controls_SubContainer3" Offset="195,0" Size="925,600"  SliceCorner="20,20" SliceSize="0,0" Color="0,0,0,100">
            <Grid  Texture="Controls_SubContainerFill" Size="parent,parent"  SliceCorner="11,11" SliceSize="0,0" Color="0,0,0,50"/>
            <Image Texture="Controls_Deco3" Size="27,18" Anchor="L,T" Offset="18,16" Color=" 255,255,255,25"/>
            <Image Texture="Controls_Deco3" Size="27,18" Anchor="R,T" Offset="18,16" Color=" 255,255,255,25"/>
            </Grid>
            <Image Texture="Controls_Glow" Size="900,520" Anchor="C,T" Offset="145,20" Color=" 255,255,255,25"/>
            <ScrollPanel Anchor="L,T" AutoScrollBar="1" Size="180,parent-20" Vertical="1" ID="GraphLegendScrollPanel" >
                <ScrollBar Style="Slider_Light" Anchor="L,C" Offset="2,0"/>
                <Stack Anchor="L,T" Offset="2,0" StackGrowth="Bottom" Padding="2" ID="GraphLegendStack" />
            </ScrollPanel>
        
            <Graph ID="ResultsGraph" Size="900,520" Anchor="L,T" Offset="198,54" FontStyle="ButtonText14" Domain="0,100" Range="0,100" TickInterval="5,10" NumberInterval="10,20" ShowTicks="1,1" ShowGridLines="0,0" ShowNumbers="1,1" ShowAxes="1,1" Background="0,0,0,100">
                <Label Anchor="C,C" Style="ButtonText20" ID="NoGraphData" String="LOC_UI_ENDGAME_REPLAY_NOGRAPHDATA" Hidden="1"/>
            </Graph>
            <PullDown  Anchor="C,T" Style="PullDownBlue" Size="500,24" Offset="145,12" ID="GraphDataSetPulldown" />
        </Container>
    </Instance>
    
    <Instance Name="GraphLegendInstance" >
        <Box Anchor="L,T" Size="168,30" Offset="14,0" Color="0,0,0,0" ID="GraphLegend">
            <Image Anchor="L,C" Offset="6,0" Size="16,16" Texture="Controls_ItemContainer" Color="255,255,255,128" />
			<Image Anchor="L,C" Offset="7,0" Size="14,19" Texture="Controls_LocationPip"  ID="LegendIcon"/>

            <Grid  Texture="Controls_SubContainer4" Offset="0,0" Size="parent,parent" Anchor="L,T" SliceCorner="9,9" SliceSize="0,0" Color=" 0,0,0,45">
                    <Label Offset="26,0" String="America" Style="ButtonText14" Anchor="L,C" ID="LegendName" Hidden="0"/>
            </Grid>
			<CheckBox ID="ShowHide" Anchor="R,C" Offset="4,0" Style="MainCheckBox" IsChecked="1"  ConsumeMouse="1"  />
		</Box>
	</Instance>
</Context>