<?xml version="1.0" encoding="utf-8"?>
<!--
-- Real Mods Icons
-- Author: Infixo
-- 2019-03-24: Created
-->

<GameInfo>
	<IconTextureAtlases>
		<!-- Font Icons require special Baseline attribute (so keep separate) -->
		<Replace Name="ICON_ATLAS_FONT_ICON_RMI_BASELINE_4" Baseline="4" IconSize="22" IconsPerRow="6" IconsPerColumn="3" Filename="FontIconsRMI.dds"/>
	</IconTextureAtlases>
	<IconDefinitions>
		<!-- vanilla -->
		<Replace Name="DISTRICT_HOLY_SITE"             Atlas="ICON_ATLAS_FONT_ICON_BASELINE_4" Index="180"/>
		<Replace Name="DISTRICT_ENTERTAINMENT_COMPLEX" Atlas="ICON_ATLAS_FONT_ICON_BASELINE_4" Index="188"/>
		<!-- Row 0 -->
		<Replace Name="DISTRICT_AERODROME"  Atlas="ICON_ATLAS_FONT_ICON_RMI_BASELINE_4" Index="0"/>
		<Replace Name="DISTRICT_DAM"        Atlas="ICON_ATLAS_FONT_ICON_RMI_BASELINE_4" Index="1"/>
		<Replace Name="DISTRICT_CANAL"      Atlas="ICON_ATLAS_FONT_ICON_RMI_BASELINE_4" Index="2"/>
		<Replace Name="DISTRICT_GOVPLAZA"   Atlas="ICON_ATLAS_FONT_ICON_RMI_BASELINE_4" Index="3"/>
		<!-- Row 1 -->
		<Replace Name="PressureDownGreen" Atlas="ICON_ATLAS_FONT_ICON_RMI_BASELINE_4" Index="6"/>
		<Replace Name="PressureUpRed"     Atlas="ICON_ATLAS_FONT_ICON_RMI_BASELINE_4" Index="7"/>
		<Replace Name="GoingToRed"        Atlas="ICON_ATLAS_FONT_ICON_RMI_BASELINE_4" Index="8"/>
		<Replace Name="GoingToBlue"       Atlas="ICON_ATLAS_FONT_ICON_RMI_BASELINE_4" Index="9"/>
		<Replace Name="GoingToPink"       Atlas="ICON_ATLAS_FONT_ICON_RMI_BASELINE_4" Index="10"/>
		<!-- Row 2 -->
		<Replace Name="AllianceBlue"      Atlas="ICON_ATLAS_FONT_ICON_RMI_BASELINE_4" Index="12"/>
		<Replace Name="Favor22"           Atlas="ICON_ATLAS_FONT_ICON_RMI_BASELINE_4" Index="13"/>
		<Replace Name="VoteUp"            Atlas="ICON_ATLAS_FONT_ICON_RMI_BASELINE_4" Index="14"/>
		<Replace Name="VoteDown"          Atlas="ICON_ATLAS_FONT_ICON_RMI_BASELINE_4" Index="15"/>
	</IconDefinitions>
</GameInfo>
