<?xml version="1.0" encoding="utf-8"?>
<GameData>
  <LocalizedText>
    <!-- SIMPLIFY-CHINESE -->

    <!-- Builder Lens -->
    <Replace Tag="LOC_HUD_BUILDER_LENS" Language="zh_Hans_CN">
      <Text>建造者</Text>
    </Replace>
    <Replace Tag="LOC_HUD_BUILDER_LENS_TOOLTIP" Language="zh_Hans_CN">
      <Text>高亮显示可以被建造者改良的地块</Text>
    </Replace>
    <Replace Tag="LOC_HUD_BUILDER_LENS_P2" Language="zh_Hans_CN">
      <Text>资源/可掠夺/可使用特殊能力</Text>
    </Replace>
    <Replace Tag="LOC_HUD_BUILDER_LENS_P4" Language="zh_Hans_CN">
      <Text>丘陵</Text>
    </Replace>
    <Replace Tag="LOC_HUD_BUILDER_LENS_P5" Language="zh_Hans_CN">
      <Text>可移除地貌</Text>
    </Replace>
    <Replace Tag="LOC_HUD_BUILDER_LENS_P7" Language="zh_Hans_CN">
      <Text>一般地块</Text>
    </Replace>
    <Replace Tag="LOC_HUD_BUILDER_LENS_PN" Language="zh_Hans_CN">
      <Text>无法改良</Text>
    </Replace>

    <!-- Archaeologist Lens -->
    <Replace Tag="LOC_HUD_ARCHAEOLOGIST_LENS" Language="zh_Hans_CN">
      <Text>考古学家</Text>
    </Replace>
    <Replace Tag="LOC_HUD_ARCHAEOLOGIST_LENS_TOOLTIP" Language="zh_Hans_CN">
      <Text>高亮显示可被考古学家发掘的地块</Text>
    </Replace>
    <Replace Tag="LOC_HUD_ARCHAEOLOGIST_LENS_ARTIFACT" Language="zh_Hans_CN">
      <Text>考古现场</Text>
    </Replace>
    <Replace Tag="LOC_HUD_ARCHAEOLOGIST_LENS_SHIPWRECK" Language="zh_Hans_CN">
      <Text>船只残骸</Text>
    </Replace>

    <!-- City Overlap Lens -->
    <Replace Tag="LOC_HUD_CITYOVERLAP6_LENS" Language="zh_Hans_CN">
      <Text>6格城市数</Text>
    </Replace>
    <Replace Tag="LOC_HUD_CITYOVERLAP6_LENS_TOOLTIP" Language="zh_Hans_CN">
      <Text>显示地块6格范围内的城市数量</Text>
    </Replace>

    <!-- City Overlap Lens -->
    <Replace Tag="LOC_HUD_CITYOVERLAP9_LENS" Language="zh_Hans_CN">
      <Text>9格城市数</Text>
    </Replace>
    <Replace Tag="LOC_HUD_CITYOVERLAP9_LENS_TOOLTIP" Language="zh_Hans_CN">
      <Text>显示地块9格范围内的城市数量</Text>
    </Replace>

    <!-- Barbarian Lens -->
    <Replace Tag="LOC_HUD_BARBARIAN_LENS" Language="zh_Hans_CN">
      <Text>野蛮人</Text>
    </Replace>
    <Replace Tag="LOC_HUD_BARBARIAN_LENS_TOOLTIP" Language="zh_Hans_CN">
      <Text>高亮显示地图上的野蛮人营地</Text>
    </Replace>
    <Replace Tag="LOC_HUD_BARBARIAN_LENS_ENCAMPMENT" Language="zh_Hans_CN">
      <Text>野蛮人营地</Text>
    </Replace>

    <!-- Resources Lens -->
    <Replace Tag="LOC_HUD_RESOURCE_LENS" Language="zh_Hans_CN">
      <Text>资源</Text>
    </Replace>
    <Replace Tag="LOC_HUD_RESOURCE_LENS_TOOLTIP" Language="zh_Hans_CN">
      <Text>高亮显示地图上的资源</Text>
    </Replace>
    <Replace Tag="LOC_HUD_RESOURCE_LENS_LUXCONNECTED" Language="zh_Hans_CN">
      <Text>已开发奢侈资源</Text>
    </Replace>
    <Replace Tag="LOC_HUD_RESOURCE_LENS_LUXNCONNECTED" Language="zh_Hans_CN">
      <Text>奢侈资源</Text>
    </Replace>
    <Replace Tag="LOC_HUD_RESOURCE_LENS_STRATCONNECTED" Language="zh_Hans_CN">
      <Text>已开发战略资源</Text>
    </Replace>
    <Replace Tag="LOC_HUD_RESOURCE_LENS_STRATNCONNECTED" Language="zh_Hans_CN">
      <Text>战略资源</Text>
    </Replace>
    <Replace Tag="LOC_HUD_RESOURCE_LENS_BONUSCONNECTED" Language="zh_Hans_CN">
      <Text>已开发奖励资源</Text>
    </Replace>
    <Replace Tag="LOC_HUD_RESOURCE_LENS_BONUSNCONNECTED" Language="zh_Hans_CN">
      <Text>奖励资源</Text>
    </Replace>

    <!-- Wonder Lens -->
    <Replace Tag="LOC_HUD_WONDER_LENS" Language="zh_Hans_CN">
      <Text>奇观</Text>
    </Replace>
    <Replace Tag="LOC_HUD_WONDER_LENS_TOOLTIP" Language="zh_Hans_CN">
      <Text>高亮显示自然奇观和玩家建造的世界奇观</Text>
    </Replace>
    <Replace Tag="LOC_HUD_WONDER_LENS_NATURAL" Language="zh_Hans_CN">
      <Text>自然奇观</Text>
    </Replace>
    <Replace Tag="LOC_HUD_WONDER_LENS_PLAYER" Language="zh_Hans_CN">
      <Text>世界奇观</Text>
    </Replace>

    <!-- Adjacency Yield Lens -->
    <Replace Tag="LOC_HUD_ADJYIELD_LENS" Language="zh_Hans_CN">
      <Text>邻接收益</Text>
    </Replace>
    <Replace Tag="LOC_HUD_ADJYIELD_LENS_TOOLTIP" Language="zh_Hans_CN">
      <Text>显示区域的邻接收益</Text>
    </Replace>

    <!-- Scout Lens -->
    <Replace Tag="LOC_HUD_SCOUT_LENS" Language="zh_Hans_CN">
      <Text>侦查</Text>
    </Replace>
    <Replace Tag="LOC_HUD_SCOUT_LENS_TOOLTIP" Language="zh_Hans_CN">
      <Text>高亮显示地图上的部落村庄</Text>
    </Replace>
    <Replace Tag="LOC_HUD_SCOUT_LENS_GHUT" Language="zh_Hans_CN">
      <Text>部落村庄</Text>
    </Replace>

    <Replace Tag="LOC_HUD_ROUTES_LENS" Language="zh_Hans">
      <Text>路线</Text>
    </Replace>
    <Replace Tag="LOC_HUD_ROUTES_LENS_RAIL" Language="zh_Hans">
      <Text>铁路</Text>
    </Replace>
    <Replace Tag="LOC_HUD_ROUTES_LENS_ROAD" Language="zh_Hans">
      <Text>道路</Text>
    </Replace>
    <Replace Tag="LOC_HUD_ROUTES_LENS_TOOLTIP" Language="zh_Hans">
      <Text>突出道路和铁路</Text>
    </Replace>

  </LocalizedText>
</GameData>
