<?xml version="1.0" encoding="utf-8"?>
<GameData>
    <BaseGameText>
        <!-- ENGLISH -->

        <!-- Missing Citizen management Lens -->
        <Row Tag="LOC_HUD_CITIZEN_MANAGEMENT_LENS">
            <Text>Builder</Text>
        </Row>
        <Row Tag="LOC_HUD_CITIZEN_MANAGEMENT_LENS_TOOLTIP">
            <Text>Highlights what hexes the builder can work on</Text>
        </Row>

        <!-- Builder Lens -->
        <Row Tag="LOC_HUD_BUILDER_LENS">
            <Text>Builder</Text>
        </Row>
        <Row Tag="LOC_HUD_BUILDER_LENS_TOOLTIP">
            <Text>Highlights what hexes the builder can work on</Text>
        </Row>
        <Row Tag="LOC_HUD_BUILDER_LENS_PN">
            <Text>Nothing</Text>
        </Row>
        <Row Tag="LOC_HUD_BUILDER_LENS_PD">
            <Text>Dangerous</Text>
        </Row>
        <Row Tag="LOC_HUD_BUILDER_LENS_P1">
            <!-- Intentionally empty so it does not appear on the CQUI Settings menu -->
            <Text></Text>
        </Row>
        <Row Tag="LOC_HUD_BUILDER_LENS_P1B">
            <Text>Bonus Resources</Text>
        </Row>
        <Row Tag="LOC_HUD_BUILDER_LENS_P1L">
            <Text>Luxury Resources</Text>
        </Row>
        <Row Tag="LOC_HUD_BUILDER_LENS_P1S">
            <Text>Strategic Resources</Text>
        </Row>
        <Row Tag="LOC_HUD_BUILDER_LENS_P2">
            <Text>Recommended / Pillaged / Unique Ability</Text>
        </Row>
        <Row Tag="LOC_HUD_BUILDER_LENS_P3">
            <Text>Currently Worked / Wonder-Buffed</Text>
        </Row>
        <Row Tag="LOC_HUD_BUILDER_LENS_P4">
            <Text>Hills</Text>
        </Row>
        <Row Tag="LOC_HUD_BUILDER_LENS_P5">
            <Text>Feature Extraction</Text>
        </Row>
        <!-- Nothing to add here atm -->
        <Row Tag="LOC_HUD_BUILDER_LENS_P6">
            <!-- Intentionally empty so it does not appear on the CQUI Settings menu -->
            <Text></Text>
        </Row>
        <Row Tag="LOC_HUD_BUILDER_LENS_P7">
            <Text>General</Text>
        </Row>


        <!-- Archaeologist Lens -->
        <Row Tag="LOC_HUD_ARCHAEOLOGIST_LENS">
            <Text>Archaeologist</Text>
        </Row>
        <Row Tag="LOC_HUD_ARCHAEOLOGIST_LENS_TOOLTIP">
            <Text>Highlights archaeologist dig sites.</Text>
        </Row>
        <Row Tag="LOC_HUD_ARCHAEOLOGIST_LENS_ARTIFACT">
            <Text>Artifact</Text>
        </Row>
        <Row Tag="LOC_HUD_ARCHAEOLOGIST_LENS_SHIPWRECK">
            <Text>Shipwreck</Text>
        </Row>

        <!-- City Overlap Lens -->
        <Row Tag="LOC_HUD_CITYOVERLAP_LENS">
            <Text>City Overlap</Text>
        </Row>
        <Row Tag="LOC_HUD_CITYOVERLAP_LENS_TOOLTIP">
            <Text>Shows how many cities (in range of 6 hexes) a hex overlaps with</Text>
        </Row>
        <Row Tag="LOC_PANEL_CITYOVERLAP_OPTION1">
            <Text>Highlight outside border</Text>
        </Row>
        <Row Tag="LOC_PANEL_CITYOVERLAP_NMOUSE">
            <Text>No Mouse</Text>
        </Row>
        <Row Tag="LOC_PANEL_CITYOVERLAP_RANGE">
            <Text>Range Mouse</Text>
        </Row>
        <Row Tag="LOC_TOOLTIP_CITYOVERLAP_RANGE">
            <Text>Shows tiles and highlights cities within range (set below) from the tile under the mouse.</Text>
        </Row>
        <Row Tag="LOC_PANEL_CITYOVERLAP_RADIUS">
            <Text>Radius Mouse</Text>
        </Row>

        <!-- Barbarian Lens -->
        <Row Tag="LOC_HUD_BARBARIAN_LENS">
            <Text>Barbarian</Text>
        </Row>
        <Row Tag="LOC_HUD_BARBARIAN_LENS_TOOLTIP">
            <Text>Highlights barbarian encampments on the map</Text>
        </Row>
        <Row Tag="LOC_HUD_BARBARIAN_LENS_ENCAMPMENT">
            <Text>Barbarian Encampment</Text>
        </Row>

        <!-- Resources Lens -->
        <Row Tag="LOC_HUD_RESOURCE_LENS">
            <Text>Resources</Text>
        </Row>
        <Row Tag="LOC_HUD_RESOURCE_LENS_TOOLTIP">
            <Text>Highlights resources on the map</Text>
        </Row>
        <Row Tag="LOC_HUD_RESOURCE_LENS_LUXCONNECTED">
            <Text>Luxury Resource</Text>
        </Row>
        <Row Tag="LOC_HUD_RESOURCE_LENS_LUXNCONNECTED">
            <Text>Unconnected Luxury</Text>
        </Row>
        <Row Tag="LOC_HUD_RESOURCE_LENS_STRATCONNECTED">
            <Text>Strategic Resource</Text>
        </Row>
        <Row Tag="LOC_HUD_RESOURCE_LENS_STRATNCONNECTED">
            <Text>Unconnected Strategic Resource</Text>
        </Row>
        <Row Tag="LOC_HUD_RESOURCE_LENS_BONUSCONNECTED">
            <Text>Bonus Resource</Text>
        </Row>
        <Row Tag="LOC_HUD_RESOURCE_LENS_BONUSNCONNECTED">
            <Text>Unconnected Bonus Resource</Text>
        </Row>

        <!-- Wonder Lens -->
        <Row Tag="LOC_HUD_WONDER_LENS">
            <Text>Wonders</Text>
        </Row>
        <Row Tag="LOC_HUD_WONDER_LENS_TOOLTIP">
            <Text>Highlights natural wonders and built wonders built by players</Text>
        </Row>
        <Row Tag="LOC_HUD_WONDER_LENS_NATURAL">
            <Text>Natural Wonder</Text>
        </Row>
        <Row Tag="LOC_HUD_WONDER_LENS_PLAYER">
            <Text>Player-made Wonder</Text>
        </Row>

        <!-- Adjacency Yield Lens -->
        <Row Tag="LOC_HUD_ADJYIELD_LENS">
            <Text>Adjacency Yield</Text>
        </Row>
        <Row Tag="LOC_HUD_ADJYIELD_LENS_TOOLTIP">
            <Text>Shows the adjacency yield for districts</Text>
        </Row>

        <!-- Scout Lens -->
        <Row Tag="LOC_HUD_SCOUT_LENS">
            <Text>Scout</Text>
        </Row>
        <Row Tag="LOC_HUD_SCOUT_LENS_TOOLTIP">
            <Text>Highlights goody huts on the map</Text>
        </Row>
        <Row Tag="LOC_HUD_SCOUT_LENS_GHUT">
            <Text>Goody Hut</Text>
        </Row>

        <!-- Naturalist Lens -->
        <Row Tag="LOC_HUD_NATURALIST_LENS">
            <Text>Naturalist</Text>
        </Row>
        <Row Tag="LOC_HUD_NATURALIST_LENS_TOOLTIP">
            <Text>Highlights places where National Parks can be built</Text>
        </Row>
        <Row Tag="LOC_HUD_NATURALIST_LENS_PARK">
            <Text>Area is ready for National Park</Text>
        </Row>
        <Row Tag="LOC_HUD_NATURALIST_LENS_OK">
            <Text>Tile could be used, if some other plot is fixed</Text>
        </Row>
        <Row Tag="LOC_HUD_NATURALIST_LENS_FIXABLE">
            <Text>Needs fixing to be used for a park</Text>
        </Row>

        <Row Tag="LOC_HUD_CITY_PLOT_LENS">
            <Text>City Plot</Text>
        </Row>
        <Row Tag="LOC_HUD_CITY_PLOT_LENS_TOOLTIP">
            <Text>Highlight the worked and locked hexes of a city plot</Text>
        </Row>
        <Row Tag="LOC_HUD_CITY_PLOT_LENS_WORKING">
            <Text>Worked Plot</Text>
        </Row>
        <Row Tag="LOC_HUD_CITY_PLOT_LENS_LOCKED">
            <Text>Locked Plot</Text>
        </Row>
        <Row Tag="LOC_HUD_CITY_PLOT_LENS_CULTURE">
            <Text>Next Culture Plot Growth</Text>
        </Row>
        <Row Tag="LOC_HUD_CITY_PLOT_LENS_OTHER">
            <Text>Other Plot</Text>
        </Row>

        <Row Tag="LOC_HUD_ROUTES_LENS">
            <Text>Routes</Text>
        </Row>
        <Row Tag="LOC_HUD_ROUTES_LENS_TOOLTIP">
            <Text>Highlight the Roads and Railroads</Text>
        </Row>
        <Row Tag="LOC_HUD_ROUTES_LENS_ROAD">
            <Text>Road</Text>
        </Row>
        <Row Tag="LOC_HUD_ROUTES_LENS_RAIL">
            <Text>Railroad</Text>
        </Row>

        <!-- Settings Panel strings are in the cqui_text_settings.xml file -->
    </BaseGameText>
</GameData>
