<?xml version="1.0" encoding="utf-8"?>
<Context>
  <Container ID="ResourceLensOptionsPanel" Size="260,350" Anchor="L,B" ConsumeMouse="1">
    <Grid Size="parent,parent" Texture="Tracker_OptionsBacking.dds" SliceCorner="55,61" SliceSize="1,1" SliceTextureSize="121,119">
      <Label Anchor="C,T" String="{LOC_HUD_RESOURCE_LENS:upper}" Offset="-6,10"  Style="FontFlair16" Color0="106,93,69,255" Color1="0,0,0,150" Color2="146,133,109,255" FontStyle="Glow" SmallCaps="20" SmallCapsLeading="0" SmallCapsType="EveryWord" KerningAdjustment="0" AutoScrollBar="1" AutoSizeScrollBar="1"/>
      <ScrollPanel ID="ResourcePickList" Anchor="L,T" Offset="35,35" Size="parent,parent-65" Style="ScrollPanelWithLeftBar">
        <Stack ID="ResourcePickStack" Anchor="L,T" StackGrowth="Down" Offset="-10,0" StackPadding="5">

          <!-- BONUS -->
          <CheckBox ID="ShowBonusResource" IsChecked="1" Offset="15,4" BoxOnLeft="1" TextOffset="-5,0" String="LOC_RESOURCECLASS_BONUS_NAME" Style="WhiteSemiBold14" ButtonSize="35,35" ButtonTexture="Controls_CheckboxCircle" CheckTexture="Controls_CheckboxCircle" CheckSize="35,35" CheckTextureOffset="0,35" NoStateChange="1" Style="FontNormal16" Anchor="L,T"/>
            <Stack ID="BonusResourcePickStack" Anchor="L,T" StackGrowth="Down" Offset="20,-3" StackPadding="0">
            </Stack>

          <!-- LUXURY -->
          <CheckBox ID="ShowLuxuryResource" IsChecked="1" Offset="15,4" BoxOnLeft="1" TextOffset="-5,0" String="LOC_RESOURCECLASS_LUXURY_NAME" Style="WhiteSemiBold14" ButtonSize="35,35" ButtonTexture="Controls_CheckboxCircle" CheckTexture="Controls_CheckboxCircle" CheckSize="35,35" CheckTextureOffset="0,35" NoStateChange="1" Style="FontNormal16" Anchor="L,T"/>
            <Stack ID="LuxuryResourcePickStack" Anchor="L,T" StackGrowth="Down" Offset="20,-3" StackPadding="0">
            </Stack>

          <!-- STRATEGIC -->
          <CheckBox ID="ShowStrategicResource" IsChecked="1" Offset="15,4" BoxOnLeft="1" TextOffset="-5,0" String="LOC_RESOURCECLASS_STRATEGIC_NAME" Style="WhiteSemiBold14" ButtonSize="35,35" ButtonTexture="Controls_CheckboxCircle" CheckTexture="Controls_CheckboxCircle" CheckSize="35,35" CheckTextureOffset="0,35" NoStateChange="1" Style="FontNormal16" Anchor="L,T"/>
            <Stack ID="StrategicResourcePickStack" Anchor="L,T" StackGrowth="Down" Offset="20,-3" StackPadding="0">
            </Stack>

        </Stack>
      </ScrollPanel>
    </Grid>
  </Container>

  <Instance Name="ResourcePickEntry">
    <Container Size="130,20">
      <Label ID="ResourceCount" String="99/99" Anchor="R,C" Offset="90,1" Style="WhiteSemiBold14" TextAlign="Right" />
      <CheckBox ID="ResourceCheckbox" IsChecked="1" Anchor="L,C" Offset="50,0" ButtonTexture="Controls_Checkbox.dds" ButtonSize="17,17" CheckTexture="Controls_Checkbox.dds" CheckSize="17,17" CheckTextureOffset="0,17" Anchor="L,T"/>
      <Label ID="ResourceLabel" String="$Resource$" Anchor="L,C" Offset="67,1" Style="WhiteSemiBold14" TextAlign="Left"/>
    </Container>
  </Instance>

</Context>
