<?xml version="1.0" encoding="utf-8"?>
<GameData>
  <LocalizedText>
    <!-- PORTUGUESE -->

    <!-- Common Text -->
    <Replace Tag="LOC_TRADE_GROUP_SETTINGS"  Language="pt_BR">
      <Text>Configurações de Grupo</Text>
    </Replace>

    <Replace Tag="LOC_TRADE_FILTER_SETTINGS" Language="pt_BR">
      <Text>Configurações de Filtro</Text>
    </Replace>

    <Replace Tag="LOC_TRADE_SORT_BY_FOOD_TOOLTIP" Language="pt_BR">
      <Text>Ordenar por [ICON_Food]Comida.</Text>
    </Replace>

    <Replace Tag="LOC_TRADE_SORT_BY_PRODUCTION_TOOLTIP" Language="pt_BR">
      <Text>Ordenar por [ICON_Production]Production.</Text>
    </Replace>

    <Replace Tag="LOC_TRADE_SORT_BY_GOLD_TOOLTIP" Language="pt_BR">
      <Text>Ordenar por [ICON_Gold]Ouro.</Text>
    </Replace>

    <Replace Tag="LOC_TRADE_SORT_BY_SCIENCE_TOOLTIP" Language="pt_BR">
      <Text>Ordenar por [ICON_Science]Ciência.</Text>
    </Replace>

    <Replace Tag="LOC_TRADE_SORT_BY_CULTURE_TOOLTIP" Language="pt_BR">
      <Text>Ordenar por [ICON_Culture]Cultura.</Text>
    </Replace>

    <Replace Tag="LOC_TRADE_SORT_BY_FAITH_TOOLTIP" Language="pt_BR">
      <Text>Ordenar por [ICON_Faith]Fé.</Text>
    </Replace>

    <Replace Tag="LOC_TRADE_SORT_BY_TURNS_REMAINING_TOOLTIP" Language="pt_BR">
      <Text>Ordenar por [ICON_Turn]turnos para completar rota.</Text>
    </Replace>

    <Replace Tag="LOC_TRADE_FILTER_INTERNATIONAL_ROUTES_TEXT" Language="pt_BR">
      <Text>Rotas Internationais</Text>
    </Replace>

    <Replace Tag="LOC_TRADE_FILTER_CS_WITH_QUEST_TOOLTIP" Language="pt_BR">
      <Text>Cidades-Estados com quests de comércio</Text>
    </Replace>

    <!-- Trade Overview -->
    <Replace Tag="LOC_TRADE_NO_BENEFIT_TEXT" Language="pt_BR">
      <Text>sem benefícios dessa rota.</Text>
    </Replace>

    <Replace Tag="LOC_TRADE_SORT_BY_TEXT" Language="pt_BR">
      <Text>Ordenar por:</Text>
    </Replace>

    <Replace Tag="LOC_TRADE_OVERVIEW_ORIGIN_AZ" Language="pt_BR">
      <Text>Origem A-Z</Text>
    </Replace>

    <Replace Tag="LOC_TRADE_OVERVIEW_ORIGIN_ZA" Language="pt_BR">
      <Text>Origem Z-A</Text>
    </Replace>

    <Replace Tag="LOC_TRADE_OVERVIEW_DESTINATION_AZ" Language="pt_BR">
      <Text>Destino A-Z</Text>
    </Replace>

    <Replace Tag="LOC_TRADE_OVERVIEW_DESTINATION_ZA" Language="pt_BR">
      <Text>Destino Z-A</Text>
    </Replace>

    <Replace Tag="LOC_TRADE_EXPAND_ALL_BUTTON_TEXT" Language="pt_BR">
      <Text>Exp:</Text>
    </Replace>

    <Replace Tag="LOC_TRADE_COLLAPSE_ALL_BUTTON_TEXT" Language="pt_BR">
      <Text>Col:</Text>
    </Replace>

    <Replace Tag="LOC_TRADE_TURNS_REMAINING_HELP_TOOLTIP" Language="pt_BR">
      <Text>Quantidade total de [ICON_Turn]para completar esta rota comercial</Text>
    </Replace>

    <Replace Tag="LOC_TRADE_TURNS_REMAINING_ALT_HELP_TOOLTIP" Language="pt_BR">
      <Text>Essa rota levará{1_TurnsRemaining}[Icon_Turn] para completar.</Text>
    </Replace>

    <Replace Tag="LOC_TRADE_TURNS_REMAINING_TOOLTIP_BREAKER" Language="pt_BR">
      <Text>----------------------------</Text>
    </Replace>

    <Replace Tag="LOC_TRADE_TURNS_REMAINING_ROUTE_LENGTH_TOOLTIP" Language="pt_BR">
      <Text>Rota Comercial[ICON_Movement]: {1_TripsToDestination}</Text>
    </Replace>

    <Replace Tag="LOC_TRADE_TURNS_REMAINING_TRIPS_COUNT_TOOLTIP" Language="pt_BR">
      <Text>Viagens para destino: {1_TripsToDestination}</Text>
    </Replace>

    <Replace Tag="LOC_TRADE_TURNS_REMAINING_TURN_COMPLETION_TOOLTIP" Language="pt_BR">
      <Text>Rota irá completar em [ICON_Turn]{1_TurnWhenCompleted}</Text>
    </Replace>

    <Replace Tag="LOC_TRADE_TURNS_REMAINING_TURN_COMPLETION_ALT_TOOLTIP" Language="pt_BR">
      <Text>Se iniciado, rota levará {1_TurnsToComplete} turnos e irá se completar no turno {2_TurnWhenCompleted}</Text>
    </Replace>

    <Replace Tag="LOC_TRADE_CANCEL_AUTOMATION_TOOLTIP" Language="pt_BR">
      <Text>Cancelar a automação dessa rota comercial. O comerciante estará disponível, uma vez que esta rota seja concluída.</Text>
    </Replace>

    <!-- Make Trade Route -->
    <Replace Tag="LOC_TRADE_REPEAT_ROUTE_CHECKBOX_LABEL" Language="pt_BR">
      <Text>Repetir rota:</Text>
    </Replace>

    <Replace Tag="LOC_TRADE_REPEAT_ROUTE_CHECKBOX_TOOLTIP" Language="pt_BR">
      <Text>Habilitar para que este comerciante repita sua rota. Por padrão, a rota repetida é a última feita pelo comerciante.</Text>
    </Replace>

    <Replace Tag="LOC_TRADE_FROM_TOP_SORT_ENTRY_CHECKBOX_LABEL" Language="pt_BR">
      <Text>Da ordenação da entrada superior:</Text>
    </Replace>

    <Replace Tag="LOC_TRADE_FROM_TOP_SORT_ENTRY_CHECKBOX_TOOLTIP" Language="pt_BR">
      <Text>A rota repetida é a rota superior das configurações da ordenação atual. A rota é escolhida quando o comerciante completar sua última.</Text>
    </Replace>

    <!-- Trade Origin Chooser -->
    <Replace Tag="LOC_ORIGIN_CHOOSER_HEADER_BACKGROUND_TEXT" Language="pt_BR">
      <Text>Escolha uma cidade</Text>
    </Replace>

    <Replace Tag="LOC_TRADE_ORIGIN_CHOOSER_HEADER_LABEL_TEXT" Language="pt_BR">
      <Text>TRANSFERIR COMERCIANTE PARA...</Text>
    </Replace>

    <Replace Tag="LOC_ORIGIN_CHOOSER_CHANGE_DESTINATION_BUTTON" Language="pt_BR">
      <Text>CONFIRMAR</Text>
    </Replace>

  </LocalizedText>
</GameData>
