<?xml version="1.0" encoding="utf-8"?>
<!--
    Better Religion Window
    Author: Infixo
    2020-08-09: Added Polish translation by Infixo
-->
<GameData>

<LocalizedText>

	<Replace Tag="LOC_BRW_CITY_SORT_NOT_FOLLOWING" Language="pl_PL"> <!-- LOC_UI_RELIGION_CITY_SORT_TYPE_FOLLOWING -->
        <Text>Miasta [COLOR_Red]nie[ENDCOLOR] wyznające religii</Text>
	</Replace>
	<Replace Tag="LOC_BRW_CITY_SORT_ALL" Language="pl_PL">
        <Text>Wszystkie miasta</Text>
	</Replace>

</LocalizedText>

</GameData>