﻿<?xml version="1.0" encoding="utf-8"?>
<!-- edited with XMLSPY v2004 rel. 2 U (http://www.xmlspy.com) by Ed Beach (Firaxis Games) -->
<GameData>
	<LocalizedText>
		<!-- Replace Expansion 1 Gossip Text -->
		<Replace Tag="LOC_GOSSIP_SPY_FOMENT_UNREST_DETECTED" Language="en_US">
			<Text>[ICON_Exclamation] {1_CivName} lost loyalty in {2_CityName} because of {3_SpyPlayer}'s Spy.</Text>
		</Replace>
		<Replace Tag="LOC_GOSSIP_SPY_FOMENT_UNREST_UNDETECTED" Language="en_US">
			<Text>[ICON_Exclamation] {1_CivName} lost loyalty in {2_CityName} because of an unknown spy.</Text>
		</Replace>
		<Replace Tag="LOC_GOSSIP_SPY_NEUTRALIZE_GOVERNOR_DETECTED" Language="en_US">
			<Text>[ICON_Exclamation] {1_CivName}'s governor in {2_CityName} was neutralized by {3_SpyPlayer}'s spy!</Text>
		</Replace>
		<Replace Tag="LOC_GOSSIP_SPY_NEUTRALIZE_GOVERNOR_UNDETECTED" Language="en_US">
			<Text>[ICON_Exclamation] {1_CivName}'s governor in {2_CityName} was neutralized by an unknown spy.</Text>
		</Replace>
	</LocalizedText>
</GameData>
