<?xml version="1.0" encoding="utf-8"?>
<Context Layer="WorldAnchor">

    <Container ID="PlotInfoContainer" />

    <Instance Name="InfoInstance">
        <WorldAnchor ID="Anchor" Size="2,2">
            <GridButton ID="PurchaseButton" Anchor="C,T" Offset="0,-40" Size="51,30" Hidden="1" Style="PurchaseTileButton" ConsumeMouseButton="0">
                <FlipAnim ID="PurchaseAnim" Size="32,32" Columns="8" FrameCount="40" Speed="25" Texture="CityPanel_PurchaseTileAnim" Cycle="Once" Stopped="1" Anchor="L,C" Offset="0,0" />
                <Label ID="Amount" Anchor="R,C" Offset="4,0" Style="CityPanelNumLarge" Align="Right" />
            </GridButton>
            <GridButton ID="SwapTileOwnerButton" Anchor="C,T" Offset="0,-40" Size="61,30" Hidden="1" Style="PurchaseTileButton">
                <Label ID="SwapLabel" String="LOC_PLOTINFO_SWAP_TILE_OWNER" ToolTip="LOC_PLOTINFO_SWAP_TILE_OWNER_TOOLTIP" Anchor="C,C" Offset="0,0" Style="CityPanelText" Align="Center" />
            </GridButton>
            <Image ID="CitizenMeterBG" Anchor="L,C" Offset="-32,-19" Size="110,68" Texture="CityPanel_ManageCitizensMeterBacking" Hidden="1">
                <TextureBar ID="CitizenMeter" Anchor="R,B" Offset="11,5" Direction="Up" Speed="0" Size="31,56" Texture="CityPanel_ManageCitizensMeter" />
                <Label ID="CurrentAmount" Anchor="R,T" Offset="21,12" Style="FontFlair18" FontStyle="Stroke" Color="201,217,227,255" EffectColor="0,0,0,150" />
                <Line Anchor="R,T" Start="-16,40" End="2,28" Width="1" Color="201,217,227,255" />
                <Label ID="TotalAmount" Anchor="R,B" Offset="21,9" Style="FontFlair18" FontStyle="Stroke" Color="201,217,227,255" EffectColor="0,0,0,150" />
            </Image>
            <Button ID="CitizenButton" Anchor="C,C" Offset="0,-19" Size="64,64" Alpha=".50" Texture="CityPanel_ManageCitizenButton.dds" Hidden="1" NoStateChange="1">
                <Image ID="LockedIcon" Anchor="R,O" Offset="-8,-10" Size="32,32" Alpha="2" Texture="Padlock" Hidden="1" />
                <!-- lol setting alpha to 999 works if you need to tell something to ignore a parent's transparency. 10/10 firaxis. That's idiotmatic in a really unidiomatic way -->
            </Button>
        </WorldAnchor>
    </Instance>

    <Instance Name="DebugPixelInstance">
        <Box ID="Pixel" Size="100,100" Color="100,100,100,100" />
    </Instance>

</Context>
